{
    "CLASS_PlagueMarine_PlagueBelcher_Title": "플레이그 마린",
    "CLASS_ApostatePreacher_Title": "변절자 전도사",
    "ARCHETYPE_Cultist": "너글 컬티스트",
    "ARCHETYPE_Description_Cultist": "너글 컬티스트 개개인은 그레이나이트에게 상대조차 되지 않지만, 그들은 다양한 무기로 무장한 채 떼를 지어 몰려다닙니다",
    "ARCHETYPE_ApostatePreacher": "변절자 전도사",
    "ARCHETYPE_Description_ApostatePreacher": "너글의 변절자 전도사는 컬티스트 무리의 지도자입니다. 그는 자신의 추종자들에게 토 나올 정도로 유용한 것들을 기꺼이 하사해줍니다.",
    "ARCHETYPE_Poxwalker": "폭스워커",
    "ARCHETYPE_Description_Poxwalker": "이 불쌍한 감염자는 너글의 역병들 중 하나인 '걸어다니는 수두'의 저주에 사로잡혀 있습니다. 비록 완력은 약하지만, 그들의 머릿수 자체만으로도 압도적입니다.",
    "ARCHETYPE_PlagueMarine": "플레이그 마린",
    "ARCHETYPE_Description_PlagueMarine": "이 타락한 아스타르테스들은 카오스 신 너글을 섬기기 위해 자신들의 영혼을 바쳤고, 그들의 역겨운 파워아머는 역병과 부패로 인해 부풀어올랐습니다. 플레이그 마린들은 회복력이 매우 강하며, 고통을 느끼지 않습니다.",
    "CLASS_PlagueMarine_Boltgun_Title": "플레이그 마린",
    "CLASS_Poxwalker_Title": "폭스워커",
    "CLASS_BloomspawnPreacher_Title": "변절자 전도사",
    "ARCHETYPE_PlagueChampion": "플레이그 챔피언",
    "ARCHETYPE_PlagueBearer": "플레이그 베어러",
    "ARCHETYPE_PlagueRidden": "플레이그 리든",
    "ARCHETYPE_Description_PlagueRidden": "플레이그 베어러 군단의 대장으로, 이 역겨운 생명체는 적에게 끔찍한 고통을 토해내고 아군에게는 너글의 돌연변이를 수여합니다.",
    "ARCHETYPE_Nurgling": "너글링",
    "ARCHETYPE_Helbrute": "헬부르트",
    "ARCHETYPE_BlightlordTerminator": "블라이트로드 터미네이터",
    "ARCHETYPE_BlightlordChampion": "블라이트로드 챔피언",
    "ARCHETYPE_FoetidBloatDrone": "포에티드 블로트-드론",
    "ARCHETYPE_DaemonPrince": "데몬 프린스",
    "ARCHETYPE_ChaosSpawn": "카오스 스폰",
    "ARCHETYPE_Description_DaemonPrince": "데몬 프린스 설명",
    "ARCHETYPE_GreatUncleanOne": "자비로운 에이가",
    "ARCHETYPE_PlagueHulk": "부식의 왕자 모르겔러스",
    "ARCHETYPE_Malathian": "수확자 말라시안",
    "ARCHETYPE_ChaosKnight": "너그러운 크루시아터스",
    "ARCHETYPE_Munificus": "죽지 않는 무니피쿠스",
    "ARCHETYPE_Mortarion": "모타리온",
    "BODY_PART_KILLS_ON_DESTRUCTION": "죽음",
    "BODY_PART_KILLS_ON_DESTRUCTION_DESC": "대상을 즉시 사살",
    "BODY_PART_LEFT_ARM": "왼쪽 팔",
    "BODY_PART_LEGS": "다리",
    "BODY_PART_MAIN_BODY": "몸통",
    "BODY_PART_BACK": "등",
    "BODY_PART_WINGS": "날개",
    "BODY_PART_HELBRUTE_PLASMACANNON": "플라즈마 캐논",
    "BODY_PART_PLAGUEBELCHER": "역병 뿌리개",
    "BODY_PART_HEAD_MYPHITIC_BLIGHT_HAULER": "눈",
    "BODY_PART_MAIN_BODY_MYPHITIC_BLIGHT_HAULER": "동체",
    "BODY_PART_LEGS_MYPHITIC_BLIGHT_HAULER": "궤도",
    "BODY_PART_HEAD_KADEX": "카덱스 회전자",
    "BODY_PART_MAIN_BODY_KADEX": "몸통",
    "BODY_PART_CRUCIATUS_HEAD": "크루시아터스 머리",
    "BODY_PART_CRUCIATUS_RIGHT_SHOULDER": "크루시아터스 오른쪽 어께",
    "BODY_PART_MORGELLUS_LEFT_LEG": "왼쪽 다리",
    "BODY_PART_MORGELLUS_RIGHT_LEG": "오른쪽 다리",
    "BODY_PART_MORGELLUS_LEFT_CLAW": "왼쪽 발톱",
    "BODY_PART_MORGELLUS_RIGHT_CLAW": "오른쪽 발톱",
    "BODY_PART_MORGELLUS_LEFT_ARM": "왼팔",
    "BODY_PART_MORGELLUS_REACTOR_PIPES": "반응로 관",
    "BODY_PART_MORGELLUS_REACTOR_WIRES": "반응로 전선",
    "BODY_PART_MORGELLUS_MAIN_BODY": "동체",
    "BODY_PART_MALATHIAN_BILESWORD": "담즙 칼",
    "BODY_PART_MALATHIAN_BILEBLADE": "담즙 칼날",
    "BODY_PART_MALATHIAN_BELLY_MOUTH": "복부 입",
    "BODY_PART_MALATHIAN_LEFT_UPPER_ARM": "좌상단 팔 - 입",
    "BODY_PART_MALATHIAN_RIGHT_UPPER_ARM": "우상단 팔 - 입",
    "BODY_PART_MALATHIAN_LEGS": "다리",
    "BODY_PART_MALATHIAN_SORES": "약점",
    "BODY_PART_EFFIGY_OF_DEATH": "죽음의 우상",
    "BODY_PART_EFFIGY_OF_INFIRMITY": "쇠약의 우상",
    "BODY_PART_MUNIFICUS_DISEASEDTALON_NAME": "병든 발톱",
    "BODY_PART_MUNIFICUS_DISEASEDTALON_DESC": "대상은 [b:병든 발톱]으로 공격하지 못합니다.",
    "BODY_PART_MUNIFICUS_NEEDLER_NAME": "찌르개",
    "BODY_PART_MUNIFICUS_MUCUSLAUNCHER_LEFT": "점액 발사기",
    "BODY_PART_MUNIFICUS_MUCUSLAUNCHER_RIGHT": "점액 발사기",
    "BODY_PART_MUNIFICUS_PUSSAC_LEFT": "고름 주머니",
    "BODY_PART_MUNIFICUS_PUSSAC_RIGHT": "고름 주머니",
    "BODY_PART_MUNIFICUS_FLESHYABUNDANCE_LEFT": "풍성한 살",
    "BODY_PART_MUNIFICUS_FLESHYABUNDANCE_RIGHT": "풍성한 살",
    "BODY_PART_MUNIFICUS_TAIL": "꼬리",
    "BODY_PART_MUNIFICUS_SUPPURATINGHEART": "곪은 심장",
    "BODY_PART_MUNIFICUS_SUPPURATINGLUNGS": "곪은 폐",
    "BODY_PART_MUNIFICUS_UNDERSIDE": "-2 최대 체력",
    "BODY_PART_MUNIFICUS_UNDERSIDE_HIT_EFFECT": "대상의 최대 체력이 2 감소합니다.",
    "BODY_PART_MORTARION_PHOSPHEX_BOMBS": "포스펙스 폭탄",
    "BODY_PART_MORTARION_LANTERN": "손전등",
    "BODY_PART_MORTARION_WINGS": "날개",
    "BODY_PART_MORTARION_BACK_TUBES_LEFT": "오른쪽 뒤 관",
    "BODY_PART_MORTARION_BACK_TUBES_RIGHT": "왼쪽 뒤 관",
    "BODY_PART_MAIN_BODY_BLOOMSPAWN_BLOOMSTEM": "몸통",
    "HELBRUTE_TORSO_ON_HIT_TORSO": "드러난 복부",
    "CLASS_Subtitle": "전문 클래스",
    "CLASS_Justicar_Title": "저스티카",
    "CLASS_Justicar_Description": "저스티카는 [b:이지스 실드]를 발동하면 [g:+{armourBonus}] [b:장갑]을 얻습니다.",
    "CLASS_Interceptor_Title": "인터셉터",
    "CLASS_Purgator_Title": "퍼게이터",
    "CLASS_Purgator_Description": "퍼게이터는 [b:사이캐논], [b:사일런서] 와 [b:인시너레이터]를 원거리 무기로 장착할 수 있습니다.",
    "CLASS_Paladin_Title": "팔라딘",
    "CLASS_Librarian_Title": "라이브러리안",
    "CLASS_Librarian_Description": "라이브러리안은 1랭크부터 [g:+{willpowerAmount}]의 최대 의지력을 가지고 시작하며, [b:터미네이터 아머]만을 장비할 수 있습니다.",
    "CLASS_Chaplain_Title": "채플린",
    "CLASS_Chaplain_Description": "채플린은 [g:+1] [b:장갑]을 기본으로 가지며 [b:터미네이터 아머]만 입을 수 있습니다.",
    "CLASS_Purifier_Title": "퓨리파이어",
    "CLASS_ForceCommander_Title": "포스 커맨더",
    "CLASS_KaldorDraigo_Title": "슈프림 그랜드 마스터",
    "CLASS_Inquisitor_Title": "이단심문관",
    "CLASS_GarranCrowe_Title": "퓨리파이어",
    "CLASS_Cultist_Autogun_Nurgle_Title": "너글 컬티스트",
    "CLASS_Cultist_HeavyStubber_Khorne_Title": "코른 중 기관총",
    "CLASS_Cultist_Grenader_Nurgle_Title": "너글 유탄수",
    "CLASS_BloatedPoxwalker_Title": "부풀어 오른 폭스워커",
    "CLASS_GroanedPoxwalker_Title": "신음하는 폭스워커",
    "CLASS_PlagueChampion_Title": "플레이그 챔피언",
    "CLASS_PlagueBearer_Title": "플레이그 베어러",
    "CLASS_PlagueRidden_Title": "플레이그 리든",
    "CLASS_Nurgling_Title": "너글링",
    "CLASS_BlightLordTerminator_Title": "블라이트 로드 터미네이터",
    "CLASS_BlightLordChampion_Title": "블라이트 로드 챔피언",
    "CLASS_FoetidBloatDrone_Title": "포에티드 블로트-드론",
    "CLASS_Erekhul_Title": "에레크훌",
    "CLASS_Kadex1_Title": "카덱스",
    "CLASS_Kadex2_Title": "카덱스",
    "CLASS_Kadex3_Title": "카덱스",
    "CLASS_Kadex1Clone_Title": "카덱스",
    "CLASS_Kadex2Clone_Title": "카덱스",
    "CLASS_ChaosSpawn_Title": "카오스 스폰",
    "CLASS_Bloomspawn_Spreader_Title": "블룸스폰 스프레더",
    "CLASS_Bloomspawn_Grower_Title": "불결한 그나르모",
    "CLASS_Aeger_Title": "에이가",
    "CLASS_Morgellus_Title": "모르겔러스",
    "CLASS_NurglingSpawner_Title": "너글링 산란자",
    "CLASS_Cruciatus_Title": "크루시아터스",
    "CLASS_Malathian_Title": "말라시안",
    "CLASS_Munificus_Title": "무니피쿠스",
    "CLASS_EffigyOfDespair_Title": "절망의 우상",
    "CLASS_EffigyOfInfirmity_Title": "병약의 우상",
    "CLASS_BloomBranch_Title": "블룸 뿌리",
    "CLASS_BloomBulb_Title": "블룸 구근",
    "CLASS_BloomSprout_Title": "블룸 새싹",
    "CLASS_Bloomspawn_BloomStem_Title": "블룸 줄기",
    "CLASS_MalignantGrowth_Title": "악성 성장",
    "CLASS_Mortarion_Title": "모타리온",
    "CLASS_PhosphexCarrier_Title": "포스펙스 운반자",
    "CLASS_EmptyClass_Title": "시나리오 기사",
    "CLASS_Aeger_Title_Full": "자비로운 에이가",
    "CLASS_Cruciatus_Title_Full": "너그러운 크루시아터스",
    "CLASS_Malathian_Title_Full": "수확자 말라시안",
    "CLASS_Munificus_Title_Full": "죽지 않는 무니피쿠스",
    "AUGMETIC_LOC_HEAD": "머리",
    "AUGMETIC_LOC_LEFT_ARM": "왼팔",
    "AUGMETIC_LOC_RIGHT_ARM": "오른팔",
    "AUGMETIC_LOC_TORSO": "몸통",
    "AUGMETIC_LOC_LEFT_LEG": "왼쪽 다리",
    "AUGMETIC_LOC_RIGHT_LEG": "오른쪽 다리",
    "AUGMETIC_Psybooster": "초능력-가속기",
    "AUGMETIC_AugmeticEye": "기계 눈",
    "AUGMETIC_AugmeticHand": "기계 손",
    "AUGMETIC_ElbowActuator": "팔꿈치 구동기",
    "AUGMETIC_Synthmuscle": "합성근육",
    "AUGMETIC_Locomotion": "운동 보조기",
    "AUGMETIC_AugmeticElbow": "기계 팔꿈치",
    "AUGMETIC_AugmeticHeart": "기계 심장",
    "AUGMETIC_EnhancedKneeJoint": "강화된 무릎 관절",
    "AUGMETIC_AugmeticFoot": "기계 발",
    "AUGMETIC_SubskinLegArmourLeft": "피하 다리 장갑",
    "AUGMETIC_SubskinLegArmourRight": "피하 다리 장갑",
    "AUGMETIC_SubskinBodyArmour": "장갑 강화",
    "AUGMETIC_SkullReinforcement": "두개골 강화",
    "AUGMETIC_JointReinforcementArmLeft": "관절 강화",
    "AUGMETIC_ReinforcementTorso": "몸통 강화",
    "AUGMETIC_MuscularRebuildLegRight": "근육 재건",
    "AUGMETIC_MuscularRebuildLegLeft": "근육 재건",
    "AUGMETIC_Autosanguine": "자동 안정기",
    "TALENT_NAME_Talent_ThrowingArm": "투척 팔",
    "TALENT_NAME_Talent_ZealousScholar": "열성적인 학자",
    "TALENT_NAME_Talent_BattleProdigy": "전투 영재",
    "TALENT_NAME_Talent_DevotedPractitioner": "헌신적인 의사",
    "TALENT_NAME_Talent_VenerableSoul": "공경받는 영혼",
    "TALENT_NAME_Talent_OmnissiahsChosen": "옴니시아의 선택자",
    "TALENT_NAME_Talent_Blademaster": "블레이드 마스터",
    "TALENT_NAME_Talent_EagleEye": "예리한 눈",
    "TALENT_NAME_Talent_SureStrike": "확실한 타격",
    "TALENT_NAME_Talent_LightningReflexes": "예리한 반사신경",
    "TALENT_NAME_Talent_Resilient": "강한 회복력",
    "TALENT_NAME_Talent_Daemonbane": "악마 살해자",
    "TALENT_NAME_Talent_Cultbane": "추종자 살해자",
    "TALENT_NAME_Talent_Enginebane": "기계 살해자",
    "TALENT_NAME_Talent_Deathless": "불사",
    "TALENT_NAME_Talent_Indomitable": "불굴",
    "TALENT_NAME_Talent_Duelist": "결투자",
    "TALENT_NAME_Talent_SkullKeeper": "해골 수호자",
    "TALENT_NAME_Talent_GreatDestiny": "거대한 운명",
    "TALENT_NAME_Talent_FastRecovery": "빠른 회복",
    "CHARACTER_MAX_LEVEL": "최대",
    "ARCHETYPE_Description_PlagueChampion": "플레이그 마린의 사령관이며, 이 챔피언은 무자비한 명령으로 그의 아군에게 가치있는 전투 버프를 제공합니다.",
    "ARCHETYPE_Description_PlagueBearer": "너글 군단의 보병인 플레이그 베어러는, 목표물에 끔찍한 고통을 안겨줄 수 있는 역병 칼을 휘두르는 하급 악마입니다.",
    "ARCHETYPE_Description_Nurgling": "너글의 어린 양들은 그레이트 언클린 원과 함께 그의 말썽꾸러기 수행원이 되어 전투에 참여합니다. 작고 포착하기 어려우며, 무리를 이루어 나타날 때만 위험합니다.",
    "ARCHETYPE_Description_Helbrute": "아스타르테스 드레드노트에 대한 악몽같은 조롱인 이 물건은 불안정한 존재이지만, 다양한 무기와 견고한 장갑으로 무장하여 강력한 힘을 갖고 있습니다. 이것의 가장 강력한 힘은 복수를 위해 적에게 풀어내는 분노입니다.",
    "ARCHETYPE_Description_BlightlordTerminator": "블라이트 로드 터미네이터는 데스가드의 엘리트 간부로, 장거리 제압을 위한 강력한 리퍼 오토캐논으로 무장했으며 근거리에서는 가공할 뷰보틱 도끼를 휘두릅니다.",
    "ARCHETYPE_Description_BlightlordChampion": "챔피언은 블라이트로드 터미네이터 중 가장 엘리트로, 부패의 도리깨와 무거운 방패로 무장했으며, 선봉에서도 가장 선두에 서서 적들에게 돌진하고 그들을 공포에 빠뜨립니다. ",
    "ARCHETYPE_Description_ChaosSpawn": "무시무시한 적인 카오스 스폰은 너글의 각종 돌연변이에 영향을 받았으며, 사고능력조차 없는 혐오체입니다. 이것의 끔찍한 발톱을 원래의 목적대로 사용한다면, 그레이 나이트를 꿰뚫어버린 후 꼼짝 못하게 만들어서 그대로 처형해버릴 것입니다.",
    "ARCHETYPE_MyphiticBlightHauler": "마이피틱 블라이트 하울러",
    "ARCHETYPE_Description_GreatUncleanOne": "폭서스 확산의 수확자 자비로운 에이가를 찾았습니다. 부패와 질병이 형상화된 그레이터 데몬으로, \"조카들\"이라는 작은 너글링 부대와 함께한다고 알려져 있습니다.",
    "ARCHETYPE_Description_PlagueHulk": "네크로서스 확산의 수확자 부식의 왕자 모르겔러스를 찾았습니다. 이 너글의 거대 역병체는 무시무시한 녹과 부식의 화신으로, 인상적인 배열의 화기로 무장했습니다.",
    "ARCHETYPE_Description_ChaosKnight": "우리의 프로그노스티카 대원들은 아래 주둔한 너그러운 크루시아투스를 감지했습니다. 너글을 섬기기 위해 타락해버린 신성모독 기사로, 지금은 돌로러스 확산의 수확자입니다. 그의 무장은 우리 기사들보다도 훨씬 더 대단합니다.",
    "ARCHETYPE_Description_Munificus": "우리는 죽지않는 무니피쿠스라는 거대 카오스 스폰을 발견했으며, 이것은 텐타러스 확산의 수확자입니다. 이 생물은 끊임없이 진화하고 있으며, 믿기 어려운 속도로 회복하는 능력을 갖춘 것으로 보입니다. ",
    "ARCHETYPE_UnknownArchetype": "알려지지 않은 카오스 하수인",
    "ARCHETYPE_Description_UnknownArchetype": "우리의 프로그노스티카 대원들이 행성 표면에서 카오스 하수인과 마주할 것을 예지했습니다. 만약 시스템에 프로그노스티카를 동조시키면 더 많은 것을 알려줄 것입니다.",
    "BODY_PART_DESTROYED": "파괴됨",
    "BODY_PART_HEAD": "머리",
    "BODY_PART_RIGHT_ARM": "오른쪽 팔",
    "BODY_PART_HELBRUTE_REACTOR": "반응로",
    "BODY_PART_HELBRUTE_POWERSCOURGE": "파워 채찍",
    "BODY_PART_ABDOMEN": "복부",
    "BODY_PART_RIGHT_ARM_MYPHITIC_BLIGHT_HAULER": "파편 미사일 발사기",
    "ARCHETYPE_Description_FoetidBloatDrone": "이 떠다니는 너글의 데몬 엔진은 중 파편 미사일 발사기로 무장했으며 공중에서 넓은 범위에 끔찍한 폭격을 가할 수 있습니다.",
    "ARCHETYPE_Description_MyphiticBlightHauler": "이 궤도 장착형 데몬 엔진은 데스 가드가 필요할 때 강력한 화력을 제공해줍니다. 이것은 공포스러운 근거리 멀티 멜타와 장거라 파편 미사일 발사기를 장착했습니다.",
    "BODY_PART_LEFT_ARM_MYPHITIC_BLIGHT_HAULER": "멀티-멜타",
    "BODY_PART_RIGHT_ARM_KADEX": "카덱스 손톱 손",
    "BODY_PART_LEFT_ARM_KADEX": "카덱스 지팡이",
    "BODY_PART_LEGS_KADEX": "카덱스 밀폐통",
    "BODY_PART_CRUCIATUS_LEFT_SHOULDER": "크루시아터스 왼쪽 어께",
    "BODY_PART_CRUCIATUS_LASER_DESTRUCTOR": "크루시아터스 레이저 소각기",
    "BODY_PART_CRUCIATUS_ION_SHIELD_GENERATOR": "크루시아터스 이온 실드 발생기",
    "BODY_PART_CRUCIATUS_THUNDER_STRIKE_GAUNTLET": "크루시아터스 썬더 스트라이크 건틀릿",
    "BODY_PART_CRUCIATUS_LEG_GYRO": "크루시아터스 다리 자이로",
    "BODY_PART_MORGELLUS_RIGHT_ARM": "오른팔",
    "BODY_PART_EFFIGY_OF_DESPAIR": "절망의 우상",
    "ARCHETYPE_Description_Malathian": "모르터스 확산의 수확자 말라시안의 위치가 저 아래쪽에서 확인됐습니다. 공포와 죽음의 끔찍한 화신으로써, 말라시안은 멈추지 않는 플레이그 베어러 군대를 지휘합니다. 또한 그는 자신의 부패의 우상을 이용하여 저주를 퍼트립니다.",
    "BODY_PART_MUNIFICUS_HEAD_NAME": "머리",
    "BODY_PART_MUNIFICUS_HEAD_DESC": "대상은 더 이상 [b:담즙 뿌리개]를 사용할 수 없습니다.",
    "BODY_PART_MUNIFICUS_NEEDLER_TITLE": "대상은 [b:찌르개]로 공격할 수 없습니다.",
    "BODY_PART_MORTARION_SILENCE": "침묵",
    "BODY_PART_MORTARION_REBREATHER": "호흡기",
    "HELBRUTE_TORSO_ON_HIT_TORSO_DESCRIPTION": "장갑을 분리해 대상의 목표 부위를 드러냅니다.",
    "CLASS_Interceptor_Description": "인터셉터의 [b:근접 공격]은 [b:튕겨낼]수 없습니다.",
    "CLASS_Apothecary_Title": "아포세카리",
    "CLASS_Apothecary_Description": "아포세카리는 [b:나르테시움]을 장착할 수 있으며, [b:전장 의학] 능력을 쓸 수 있게 해줍니다.",
    "CLASS_Paladin_Description": "팔라딘은 [b:스톰 방패]를 쓸 수 있으며 [b:터미네이터 아머]만 장착할 수 있습니다",
    "CLASS_Purifier_Description": "퓨리파이어는 [b:사이캐논], [b:사일런서] 혹은 [b:인시너레이터]를 장착할 수 있으며, [b:위험구역] 피해로부터 면역입니다.",
    "CLASS_Cultist_Autogun_Khorne_Title": "코른 컬티스트",
    "CLASS_Cultist_HeavyStubber_Nurgle_Title": "너글 중 기관총",
    "CLASS_Helbrute_Title": "헬부르트",
    "CLASS_BloodLetter_Title": "블러드레터",
    "CLASS_Kadex3Clone_Title": "카덱스",
    "CLASS_MyphiticBlightHauler_Title": "마이피틱 블라이트 하울러",
    "CLASS_EffigyOfDeath_Title": "죽음의 우상",
    "CLASS_EffigyOfSuffering_Title": "고통의 우상",
    "CLASS_Morgellus_Title_Full": "부식의 왕자 모르겔러스",
    "AUGMETIC_CerebralImplant": "두뇌 이식물",
    "AUGMETIC_CortexImplant": "대뇌피질 이식물",
    "AUGMETIC_RespiraryFilterImplant": "호흡기 필터",
    "AUGMETIC_JointReinforcementArmRight": "관절 강화",
    "TALENT_NAME_Talent_Farseer": "선견자",
    "TALENT_NAME_Talent_Quartermaster": "병참장교",
    "TALENT_NAME_Talent_CrackShot": "사격의 명수",
    "TALENT_NAME_Talent_Provident": "대비자",
    "TALENT_NAME_Talent_Guerilla": "이지스 능숙자",
    "BODY_PART_MUNIFICUS_HEAD": "비활성화: [b:담즙 뿌리개 (<sprite name=SPT_InfinityGreen>)]",
    "BODY_PART_MUNIFICUS_DISEASEDTALON_TITLE": "비활성화: [b:병든 발톱 (<sprite name=SPT_InfinityGreen>)]",
    "BODY_PART_MUNIFICUS_NEEDLER": "비활성화: [b:찌르개 (<sprite name=SPT_InfinityGreen>)]",
    "CLASS_Inquisitor_Description": "이단심문관 설명",
    "AUGMETIC_MuscleCasing": "근막",
    "CHARACTER_Customize": "사용자 정의",
    "CHARACTER_Accept": "{0}수락",
    "ARCHETYPE_BloodLetter": "Bloodletter (N/A - Don't Translate)",
    "BODY_PART_CRUCIATUS_LEG_PLATE": "[g:+{0}%] 피치명률 [b:(<sprite name=SPT_InfinityGreen>)]",
    "BODY_PART_CRUCIATUS_LEG_PLATE_HIT_EFFECT": "대상의 치명타 피격률을 [g:{0}%] 증가 시킵니다.",
    "CLASS_ForceCommander_Description": "포스 커맨더 설명",
    "CLASS_KaldorDraigo_Description": "칼도르 드라이고 설명",
    "CLASS_GarranCrowe_Description": "가란 크로 퓨리파이어 설명",
    "ARCHETYPE_Description_Mortarion": "Mortarion Description (N/A - Don't Translate)",
    "ARCHETYPE_Erekhul": "Erekhul (N/A - Don't Translate)",
    "ARCHETYPE_Description_Erekhul": "Erekhul Description (N/A - Don't Translate)",
    "ARCHETYPE_Description_BloodLetter": "Bloodletter Description (N/A - Don't Translate)"
}
