{
    "CLASS_PERK_Apothecary_GrimSurgeon_SubTitle": "패시브",
    "CLASS_PERK_Apothecary_ServoSkullSlot_Title": "서보 스컬 잠금 해제",
    "CLASS_PERK_Apothecary_IronArmBiomancy_Duration_Title": "강철 팔 바이오맨시 - 지속 시간 업그레이드",
    "CLASS_PERK_Apothecary_IronArmBiomancy_Duration_SubTitle": "업그레이드 - 지속 시간",
    "CLASS_PERK_Apothecary_IronArmBiomancy_Stun_Title": "강철 팔 바이오맨시 - 기절 업그레이드",
    "CLASS_PERK_Apothecary_IronArmBiomancy_Stun_SubTitle": "업그레이드 - 기절",
    "CLASS_PERK_Apothecary_SurgicalAdept_Title": "수술에 능숙함",
    "CLASS_PERK_Apothecary_Scourging_Title": "채찍질",
    "CLASS_PERK_Apothecary_Scourging_Upgrade_A_Title": "채찍질 - 범위 업그레이드",
    "CLASS_PERK_Apothecary_Scourging_Upgrade_A_SubTitle": "업그레이드 - 범위",
    "CLASS_PERK_Apothecary_Scourging_Upgrade_B_Title": "채찍질 - 범위 업그레이드",
    "CLASS_PERK_Apothecary_Scourging_Upgrade_B_SubTitle": "업그레이드 - 범위",
    "CLASS_PERK_Apothecary_GrimSurgeon_Title": "음침한 외과의",
    "CLASS_PERK_Apothecary_ApothecarionSkull_Title": "아포세카리온 서보 스컬 잠금 해제",
    "CLASS_PERK_Apothecary_ServoSkullSlot_Description": "이 기사에게 [b:서보 스컬]을 장착 가능한 추가 [b:워기어 칸]을 제공합니다.",
    "CLASS_PERK_Apothecary_ApothecarionSkull_Description": "[b:워기어 칸]에 장비시, 이 기사의 [b:바이오맨시] 능력 범위는 [g:무제한] 입니다.",
    "CLASS_PERK_Apothecary_ExtraServoSkullA_Title": "업그레이드 - 탄약",
    "CLASS_PERK_Apothecary_ExtraServoSkullA_SubTitle": "업그레이드 - 탄약",
    "CLASS_PERK_Apothecary_ExtraServoSkullB_Title": "업그레이드 - 탄약",
    "CLASS_PERK_Apothecary_WarpSpeedBiomancy_Title": "워프 속도 바이오맨시",
    "CLASS_PERK_Apothecary_WarpSpeedBiomancy_UpgradeA_SubTitle": "업그레이드 - 이동력",
    "CLASS_PERK_Apothecary_WarpSpeedBiomancy_UpgradeB_Title": "워프 속도 바이오맨시 - 치명타 피해 업그레이드",
    "CLASS_PERK_Apothecary_Passive_MidLeft_Title": "체력 수치 업그레이드",
    "CLASS_PERK_Apothecary_Passive_MidLeft_SubTitle": "패시브",
    "CLASS_PERK_Apothecary_PsyboltBleed_Title": "출혈 부여 업그레이드",
    "CLASS_PERK_Apothecary_PsyboltBleed_SubTitle": "업그레이드 - 출혈 부여",
    "CLASS_PERK_Apothecary_TerminatorArmour_Title": "터미네이터 아머",
    "CLASS_PERK_Apothecary_TerminatorArmour_SubTitle": "장비",
    "CLASS_PERK_Apothecary_Passive_MidMid_A_Title": "의지력",
    "CLASS_PERK_Apothecary_Passive_MidMid_A_SubTitle": "패시브",
    "CLASS_PERK_Apothecary_Passive_MidMid_B_Title": "의지력",
    "CLASS_PERK_Apothecary_Passive_MidMid_B_SubTitle": "패시브",
    "CLASS_PERK_Apothecary_BattlefieldMedicine_ExtraHeal_Title": "업그레이드 - [b:치료]",
    "CLASS_PERK_Apothecary_BattlefieldMedicine_ExtraHeal_SubTitle": "업그레이드 - 치료",
    "CLASS_PERK_Apothecary_BattlefieldMedicine_ExtraHeal2_Title": "업그레이드 - [b:치료]",
    "CLASS_PERK_Apothecary_BattlefieldMedicine_ExtraHeal2_SubTitle": "업그레이드 - 치료",
    "CLASS_PERK_Apothecary_BattlefieldMedicine_Psy_Title": "워프 충전",
    "CLASS_PERK_Apothecary_BattlefieldMedicine_Psy_SubTitle": "워프 충전",
    "CLASS_PERK_Apothecary_Passive_MidRight_Title": "의지력",
    "CLASS_PERK_Apothecary_Passive_MidRight_SubTitle": "패시브",
    "CLASS_PERK_Apothecary_EnduranceBiomancy_SubTitle": "사이킥 축복",
    "CLASS_PERK_Apothecary_EnduranceBiomancy_UpgradeA_Title": "인내 바이오맨시 - 저항력 업그레이드",
    "CLASS_PERK_Apothecary_EnduranceBiomancy_UpgradeA_SubTitle": "저항력 업그레이드",
    "CLASS_PERK_Apothecary_EnduranceBiomancy_UpgradeB_Title": "인내 바이오맨시 - 지속 시간 업그레이드",
    "CLASS_PERK_Apothecary_SympatheticBiomancy_Title": "동조 바이오맨시",
    "CLASS_PERK_Apothecary_EmperorsJudgement_Title": "황제의 심판",
    "CLASS_PERK_Apothecary_EmperorsJudgement_SubTitle": "사이킥 폭발",
    "CLASS_PERK_Apothecary_EmperorsJudgement_UpgradeA_Title": "황제의 심판 - 범위 업그레이드",
    "CLASS_PERK_Apothecary_EmperorsJudgement_UpgradeA_SubTitle": "업그레이드 - 범위",
    "CLASS_PERK_Apothecary_EmperorsJudgement_Warpcharge_Title": "황제의 심판 - 워프 충전",
    "CLASS_PERK_Apothecary_EmperorsJudgement_Warpcharge_SubTitle": "워프 충전",
    "CLASS_PERK_Apothecary_Passive_BottomMid_Title": "의지력",
    "CLASS_PERK_Apothecary_Passive_BottomMid_SubTitle": "패시브",
    "CLASS_PERK_Apothecary_Extract_Title": "씨앗 추출",
    "CLASS_PERK_Apothecary_Passive_BottomRight_Title": "업그레이드 - 치명타 피해",
    "CLASS_PERK_Apothecary_Passive_BottomRight_SubTitle": "업그레이드 - 치명타 피해",
    "CLASS_PERK_Apothecary_ForceStrikeBleed_Title": "포스 타격 출혈",
    "CLASS_PERK_Apothecary_RuthlessPrecision_Title": "무자비한 정밀성",
    "CLASS_PERK_Apothecary_DefaultPerk_Title": "이지스 실드",
    "CLASS_PERK_Apothecary_DefaultPerk_SubTitle": "사이킥 보조",
    "CLASS_PERK_Apothecary_IronArmBiomancy_Title": "강철 팔 바이오맨시",
    "CLASS_PERK_Apothecary_IronArmBiomancy_SubTitle": "사이킥 축복",
    "CLASS_PERK_Apothecary_Scourging_SubTitle": "사이킥 폭발",
    "CLASS_PERK_Apothecary_ServoSkullSlot_SubTitle": "장비 잠금 해제",
    "CLASS_PERK_Apothecary_ApothecarionSkull_SubTitle": "잠금 해제 - 아포세카리온 서보 스컬",
    "CLASS_PERK_Apothecary_ExtraServoSkullB_SubTitle": "업그레이드 - 탄약",
    "CLASS_PERK_Apothecary_WarpSpeedBiomancy_SubTitle": "사이킥 축복",
    "CLASS_PERK_Apothecary_WarpSpeedBiomancy_UpgradeA_Title": "워프 속도 바이오맨시 - 지속 시간 업그레이드",
    "CLASS_PERK_Apothecary_WarpSpeedBiomancy_UpgradeB_SubTitle": "업그레이드 - 치명타 피해",
    "CLASS_PERK_Apothecary_TerminatorArmour_Description": "이 기사는 [b:터미네이터 아머]을 입을 수 있습니다.",
    "CLASS_PERK_Apothecary_EnduranceBiomancy_Title": "인내 바이오맨시",
    "CLASS_PERK_Apothecary_EnduranceBiomancy_UpgradeB_SubTitle": "지속 시간 업그레이드",
    "CLASS_PERK_Apothecary_Extract_SubTitle": "업그레이드 - 씨앗 추출",
    "CLASS_PERK_Apothecary_ForceStrikeBleed_SubTitle": "업그레이드 - 출혈 부여",
    "CLASS_PERK_Apothecary_DefaultPerk_Description": "아포세카리는 네르테시움을 장착할 수 있으며 전장 의학 능력을 사용할 수 있습니다.",
    "CLASS_PERK_Chaplain_InvocationOfFocus_Title": "집중의 기도",
    "CLASS_PERK_Chaplain_InvocationOfFocus_SubTitle": "기도",
    "CLASS_PERK_Chaplain_InvocationOfFocus_UpgradeRight_SubTitle": "업그레이드 - 자동 기회",
    "CLASS_PERK_Chaplain_InvocationOfFocus_UpgradeLeft_SubTitle": "업그레이드 - 자동 기회",
    "CLASS_PERK_Chaplain_TopLeftPassive_PsyPower_Title": "집중",
    "CLASS_PERK_Chaplain_TopLeftPassive_PsyPower_SubTitle": "패시브",
    "CLASS_PERK_Chaplain_RefrainOfConvergence_SubTitle": "기도",
    "CLASS_PERK_Chaplain_RefrainOfConvergence_UpgradeLeft_SubTitle": "업그레이드 - 저항력",
    "CLASS_PERK_Chaplain_RefrainOfConvergence_UpgradeRight_SubTitle": "업그레이드 - 저항력",
    "CLASS_PERK_Chaplain_BonusWargear_Passive_Title": "장비 칸",
    "CLASS_PERK_Chaplain_BonusWargear_Passive_SubTitle": "장비",
    "CLASS_PERK_Chaplain_LitanyOfFaith_Title": "믿음의 기도",
    "CLASS_PERK_Chaplain_LitanyOfFaith_SubTitle": "기도",
    "CLASS_PERK_Chaplain_LitanyOfFaith_UpgradeLeft_SubTitle": "업그레이드 - 장갑",
    "CLASS_PERK_Chaplain_LitanyOfFaith_UpgradeRight_SubTitle": "업그레이드 - 장갑",
    "CLASS_PERK_Chaplain_AutoRuthlessPrecision_Title": "무자비한 정확도",
    "CLASS_PERK_Chaplain_EmperorsWill_Title": "황제의 의지",
    "CLASS_PERK_Chaplain_EmperorsWill_SubTitle": "사이킥 보조",
    "CLASS_PERK_Chaplain_EmperorsWill_UpgradeBottom_SubTitle": "업그레이드 - 필요 행동력 감소",
    "CLASS_PERK_Chaplain_EmperorsWill_WarpCharge_SubTitle": "워프 충전",
    "CLASS_PERK_Chaplain_MidLeftPassive_BonusWP_Title": "의지력",
    "CLASS_PERK_Chaplain_MidLeftPassive_BonusWP_SubTitle": "패시브",
    "CLASS_PERK_Chaplain_Rosarius_Title": "묵주",
    "CLASS_PERK_Chaplain_Rosarius_SubTitle": "패시브",
    "CLASS_PERK_Chaplain_MidMidPassive_BonusWP_Top_Title": "의지력",
    "CLASS_PERK_Chaplain_MidMidPassive_BonusWP_Top_SubTitle": "패시브",
    "CLASS_PERK_Chaplain_MidMidPassive_BonusWP_Left_SubTitle": "패시브",
    "CLASS_PERK_Chaplain_MidMidPassive_BonusWP_Right_Title": "의지력",
    "CLASS_PERK_Chaplain_MidMidPassive_BonusWP_Right_SubTitle": "패시브",
    "CLASS_PERK_Chaplain_Provoke_Title": "도발",
    "CLASS_PERK_Chaplain_Provoke_SubTitle": "사이킥 공격",
    "CLASS_PERK_Chaplain_Provoke_Area_SubTitle": "업그레이드 - 범위",
    "CLASS_PERK_Chaplain_Provoke_Psy_SubTitle": "워프 충전",
    "CLASS_PERK_Chaplain_MidRightPassive_BonusWP_Title": "의지력",
    "CLASS_PERK_Chaplain_MidRightPassive_BonusWP_SubTitle": "패시브",
    "CLASS_PERK_Chaplain_BonusWargear_Passive_Description": "이 기사에게 패시브 장비를 장착 가능한 추가 [b:워기어 칸]을 제공합니다.",
    "CLASS_PERK_Chaplain_MidMidPassive_BonusWP_Left_Title": "의지력",
    "CLASS_PERK_Chaplain_LitanyOfHate_Title": "혐오의 기도",
    "CLASS_PERK_Apothecary_SurgicalAdept_SubTitle": "자동 ([g:{autoChance}%], [g:{autoUses}] / 턴)",
    "CLASS_PERK_Apothecary_SympatheticBiomancy_SubTitle": "자동 ([g:{autoChance}%], [g:{autoUses}] / 턴)",
    "CLASS_PERK_Apothecary_RuthlessPrecision_SubTitle": "자동 ([g:{autoChance}%], [g:{autoUses}] / 턴)",
    "CLASS_PERK_Chaplain_RefrainOfConvergence_Title": "규합의 합창",
    "CLASS_PERK_Chaplain_AutoRuthlessPrecision_SubTitle": "자동 ([g:{autoChance}%], [g:{autoUses}] / 턴)",
    "CLASS_PERK_Chaplain_LitanyOfHate_SubTitle": "기도",
    "CLASS_PERK_Chaplain_WordOfPower_SubTitle": "기도",
    "CLASS_PERK_Chaplain_IntonementForGuidance_SubTitle": "기도",
    "CLASS_PERK_Chaplain_BottomMidPassive_BonusWP_SubTitle": "패시브",
    "CLASS_PERK_Chaplain_BottomRightPassive_Rosarius_SubTitle": "패시브",
    "CLASS_PERK_Chaplain_BottomRightPassive_Rosarius_Title": "묵주",
    "CLASS_PERK_Interceptor_TeleportStrike_Psyboost_SubTitle": "워프 충전",
    "CLASS_PERK_Interceptor_UnlockPsilencer_SubTitle": "장비",
    "CLASS_PERK_Interceptor_UnlockPsilencer_Title": "사일런서",
    "CLASS_PERK_Interceptor_MeleeCritChanceA_Title": "업그레이드 - 치명타",
    "CLASS_PERK_Chaplain_IntonementForGuidance_UpgradeLeft_SubTitle": "업그레이드 - 치명타",
    "CLASS_PERK_Chaplain_IntonementForGuidance_UpgradeRight_SubTitle": "업그레이드 - 치명타",
    "CLASS_PERK_Interceptor_MeleeCritChanceA_SubTitle": "업그레이드 - 치명타",
    "CLASS_PERK_Interceptor_MeleeCritChanceB_SubTitle": "업그레이드 - 치명타",
    "CLASS_PERK_Interceptor_MeleeCritChanceB_Title": "업그레이드 - 치명타",
    "CLASS_PERK_Chaplain_DefaultPerk_SubTitle": "사이킥 보조",
    "CLASS_PERK_Chaplain_WordOfPower_UpgradeRight_SubTitle": "업그레이드 - 치명타 피해",
    "CLASS_PERK_Chaplain_AutoMentalFocus_Title": "정신 집중",
    "CLASS_PERK_Interceptor_Bonus_HP_SubTitle": "패시브",
    "CLASS_PERK_Interceptor_Max_Willpower_B_SubTitle": "패시브",
    "CLASS_PERK_Interceptor_EnduringReflexes_SubTitle": "패시브",
    "CLASS_PERK_Interceptor_Max_Willpower_A_SubTitle": "패시브",
    "CLASS_PERK_Interceptor_TeleportIncreasedRange_SubTitle": "업그레이드 - 사거리",
    "CLASS_PERK_Interceptor_RuthlessPrecision_SubTitle": "자동 ([g:{autoChance}%], [g:{autoUses}] / 턴)",
    "CLASS_PERK_Interceptor_AegisShield_ArmourB_SubTitle": "업그레이드 - 장갑",
    "CLASS_PERK_Interceptor_AegisShield_ArmourA_SubTitle": "업그레이드 - 장갑",
    "CLASS_PERK_Interceptor_SupportFire_DamageB_SubTitle": "업그레이드 - 피해량",
    "CLASS_PERK_Interceptor_CleansingStrike_Damage_SubTitle": "업그레이드 - 피해량",
    "CLASS_PERK_Justicar_RendTheUnclean_Damage_SubTitle": "업그레이드 - 피해량",
    "CLASS_PERK_Interceptor_SupportFire_DamageA_SubTitle": "업그레이드 - 피해량",
    "CLASS_PERK_Interceptor_DefaultPerk_SubTitle": "사이킥 보조",
    "CLASS_PERK_Interceptor_AegisShield_Psyboost_Title": "워프 충전",
    "CLASS_PERK_Interceptor_CleansingStrike_Psyboost_SubTitle": "워프 충전",
    "CLASS_PERK_Interceptor_Hammerhand_Psyboost_SubTitle": "워프 충전",
    "CLASS_PERK_Interceptor_BonusCritDamage_SubTitle": "업그레이드 - 치명타 피해",
    "CLASS_PERK_Interceptor_Hammerhand_CritDamage_SubTitle": "업그레이드 - 치명타 피해",
    "CLASS_PERK_Interceptor_Max_Willpower_A_Title": "의지력",
    "CLASS_PERK_Interceptor_Max_Willpower_B_Title": "의지력",
    "CLASS_PERK_Interceptor_Max_Willpower_C_Title": "의지력",
    "CLASS_PERK_Interceptor_Max_Willpower_D_Title": "의지력",
    "CLASS_PERK_Justicar_Bonus_HP_SubTitle": "패시브",
    "CLASS_PERK_Justicar_Max_Willpower_C_SubTitle": "패시브",
    "CLASS_PERK_Justicar_Max_Willpower_D_SubTitle": "패시브",
    "CLASS_PERK_Justicar_RuthlessPrecision_SubTitle": "자동 ([g:{autoChance}%], [g:{autoUses}] / 턴)",
    "CLASS_PERK_Justicar_AegisShield_ArmourA_SubTitle": "업그레이드 - 장갑",
    "CLASS_PERK_Justicar_AegisShield_ArmourB_SubTitle": "업그레이드 - 장갑",
    "CLASS_PERK_Justicar_RangedCritChance_SubTitle": "업그레이드 - 치명타",
    "CLASS_PERK_Justicar_Hammerhand_Psy_SubTitle": "워프 충전",
    "CLASS_PERK_Justicar_RendTheUnclean_Psy_SubTitle": "워프 충전",
    "CLASS_PERK_Justicar_AegisShield_Psyboost_Title": "워프 충전",
    "CLASS_PERK_Justicar_AegisShield_Psyboost_SubTitle": "워프 충전",
    "CLASS_PERK_Justicar_Hammerhand_CritDamage_SubTitle": "업그레이드 - 치명타 피해",
    "CLASS_PERK_Justicar_RangedCritDmg_SubTitle": "업그레이드 - 치명타 피해",
    "CLASS_PERK_Justicar_Max_Willpower_C_Title": "의지력",
    "CLASS_PERK_Justicar_Max_Willpower_A_Title": "의지력",
    "CLASS_PERK_Justicar_Max_Willpower_D_Title": "의지력",
    "CLASS_PERK_Justicar_TerminatorArmour_SubTitle": "장비",
    "CLASS_PERK_Justicar_PsycannonSlot_SubTitle": "장비",
    "CLASS_PERK_Justicar_Fortress_SubTitle": "사이킥 축복",
    "CLASS_PERK_Justicar_HonourTheChapter_SubTitle": "사이킥 축복",
    "CLASS_PERK_Justicar_DefaultPerk_SubTitle": "사이킥 축복",
    "CLASS_PERK_Librarian_MaxWP_B_SubTitle": "패시브",
    "CLASS_PERK_Librarian_MaxWP_C_SubTitle": "패시브",
    "CLASS_PERK_Librarian_MaxWP_D_SubTitle": "패시브",
    "CLASS_PERK_Librarian_PsyPower_B_SubTitle": "패시브",
    "CLASS_PERK_Librarian_PsyPower_A_SubTitle": "패시브",
    "CLASS_PERK_Justicar_Bonus_HP_B_SubTitle": "패시브",
    "CLASS_PERK_Justicar_RangedCritChance_Title": "업그레이드 - 치명타",
    "CLASS_PERK_Librarian_EmpyreanDomination_SubTitle": "사이킥 보조",
    "CLASS_PERK_Justicar_HonourTheChapter_Psy_SubTitle": "워프 충전",
    "CLASS_PERK_Librarian_EmpyreanDomination_Psyboost_SubTitle": "워프 충전",
    "CLASS_PERK_Librarian_VortexofDoom_Psy_SubTitle": "워프 충전",
    "CLASS_PERK_Librarian_AegisShield_Psyboost_Title": "워프 충전",
    "CLASS_PERK_Librarian_AegisShield_Psyboost_SubTitle": "워프 충전",
    "CLASS_PERK_Librarian_Smite_Title": "강타",
    "CLASS_PERK_Librarian_Psybolt_CritDamageB_SubTitle": "업그레이드 - 치명타 피해",
    "CLASS_PERK_Librarian_MaxWP_D_Title": "의지력",
    "CLASS_PERK_Librarian_MaxWP_B_Title": "의지력",
    "CLASS_PERK_Librarian_MaxWP_C_Title": "의지력",
    "CLASS_PERK_Librarian_MaxWP_A_Title": "의지력",
    "CLASS_PERK_Justicar_BonusWargear_Passive_SubTitle": "장비",
    "CLASS_PERK_Librarian_DefaultPerk_SubTitle": "사이킥 축복",
    "CLASS_PERK_Librarian_Fortress_SubTitle": "사이킥 축복",
    "CLASS_PERK_Librarian_PriceOfPower_SubTitle": "자동 ([g:{autoChance}%], [g:{autoUses}] / 턴)",
    "CLASS_PERK_Librarian_MaxWP_E_SubTitle": "패시브",
    "CLASS_PERK_Paladin_DefendPosition_UpgradeArmour_SubTitle": "업그레이드 - 장갑",
    "CLASS_PERK_Librarian_Sanctuary_ArmourA_SubTitle": "업그레이드 - 장갑",
    "CLASS_PERK_Librarian_Sanctuary_ArmourB_SubTitle": "업그레이드 - 장갑",
    "CLASS_PERK_Librarian_Sanctuary_SubTitle": "사이킥 보조 폭발",
    "CLASS_PERK_Librarian_Smite_Psyboost_SubTitle": "워프 충전",
    "CLASS_PERK_Librarian_PsychicShriek_Psy_SubTitle": "워프 충전",
    "CLASS_PERK_Librarian_DarkExcommunication_Psy_SubTitle": "워프 충전",
    "CLASS_PERK_Paladin_DefendPosition_WarpCharge_SubTitle": "워프 충전",
    "CLASS_PERK_Librarian_Sanctuary_Psy_SubTitle": "워프 충전",
    "CLASS_PERK_Librarian_GateofInfinity_Psy_SubTitle": "워프 충전",
    "CLASS_PERK_Librarian_MaxWP_E_Title": "의지력",
    "CLASS_PERK_Paladin_AutoRuthlessPrecision_SubTitle": "자동 ([g:{autoChance}%], [g:{autoUses}] / 턴)",
    "CLASS_PERK_Paladin_MidMidPassive_BonusHP_Top_SubTitle": "패시브",
    "CLASS_PERK_Paladin_MidMidPassive_BonusHP_Bottom_SubTitle": "패시브",
    "CLASS_PERK_Paladin_BottomLeftPassive_BonusWP_SubTitle": "패시브",
    "CLASS_PERK_Paladin_TopMidPassive_BonusWP_SubTitle": "패시브",
    "CLASS_PERK_Paladin_FuryOfAncients_Title": "선조의 분노",
    "CLASS_PERK_Paladin_Smite_DamageBonus_Left_SubTitle": "업그레이드 - 피해량",
    "CLASS_PERK_Paladin_Ranged_CritChance_Bonus_Title": "업그레이드 - 치명타",
    "CLASS_PERK_Paladin_Ranged_CritChance_Bonus_SubTitle": "업그레이드 - 치명타",
    "CLASS_PERK_Paladin_EmperorsWill_SubTitle": "사이킥 보조",
    "CLASS_PERK_Paladin_Smite_WarpCharge_Title": "워프 충전",
    "CLASS_PERK_Paladin_Smite_Title": "강타",
    "CLASS_PERK_Paladin_Smite_WarpCharge_SubTitle": "워프 충전",
    "CLASS_PERK_Paladin_MidLeftPassive_MeleeCritDamage_Top_SubTitle": "업그레이드 - 치명타 피해",
    "CLASS_PERK_Paladin_MidLeftPassive_MeleeCritDamage_Bottom_SubTitle": "업그레이드 - 치명타 피해",
    "CLASS_PERK_Paladin_Ranged_Damage_Bonus_SubTitle": "업그레이드 - 치명타 피해",
    "CLASS_PERK_Paladin_FuryOfAncients_WarpCharge_SubTitle": "워프 충전",
    "CLASS_PERK_Paladin_Psycannon_Unlock_Title": "사이캐논",
    "CLASS_PERK_Paladin_TopRightPassive_BonusWP_Title": "의지력",
    "CLASS_PERK_Paladin_TopMidPassive_BonusWP_Title": "의지력",
    "CLASS_PERK_Paladin_BottomLeftPassive_BonusWP_Title": "의지력",
    "CLASS_PERK_Paladin_EmperorsWill_Title": "황제의 의지",
    "CLASS_PERK_Paladin_HammerHand_WarpCharge_SubTitle": "워프 충전",
    "CLASS_PERK_Paladin_EmperorsWill_WarpCharge_SubTitle": "워프 충전",
    "CLASS_PERK_Paladin_Psycannon_Unlock_SubTitle": "장비",
    "CLASS_PERK_Paladin_AutoMentalFocus_Title": "정신 집중",
    "CLASS_PERK_Purgator_RangedWeaponCritDamage_SubTitle": "업그레이드 - 치명타 피해",
    "CLASS_PERK_Purgator_PsilencerCritDamage_SubTitle": "업그레이드 - 치명타 피해",
    "CLASS_PERK_Paladin_ArcaneWeapons_CritDamage_SubTitle": "업그레이드 - 치명타 피해",
    "CLASS_PERK_Paladin_BottomMidPassive_BonusWP_Title": "의지력",
    "CLASS_PERK_Purgator_Max_Willpower_B_Title": "의지력",
    "CLASS_PERK_Purgator_Max_Willpower_C_Title": "의지력",
    "CLASS_PERK_Purgator_Max_Willpower_D_Title": "의지력",
    "CLASS_PERK_Purgator_Max_Willpower_A_Title": "의지력",
    "CLASS_PERK_Purgator_EmperorsLight_Title": "황제의 빛",
    "CLASS_PERK_Paladin_BottomRightPassive_BonusWP_SubTitle": "패시브",
    "CLASS_PERK_Paladin_ArcaneWeapons_SubTitle": "사이킥 축복",
    "CLASS_PERK_Purifier_MidLeftPassive_MeleeCritRight_Title": "업그레이드 - 치명타",
    "CLASS_PERK_Purgator_DefaultPerk_SubTitle": "사이킥 보조",
    "CLASS_PERK_Purifier_Hammerhand_CritDamage_SubTitle": "업그레이드 - 치명타 피해",
    "CLASS_PERK_Purgator_ArcaneWeapons_CritDamage_SubTitle": "업그레이드 - 치명타 피해",
    "CLASS_PERK_Purifier_AstralAim_RangedCrit_SubTitle": "업그레이드 - 치명타 피해",
    "CLASS_PERK_Purifier_Bonus_HP_SubTitle": "패시브",
    "CLASS_PERK_Purgator_ArcaneWeapons_Psyboost_SubTitle": "워프 충전",
    "CLASS_PERK_Purgator_MentalFocus_Title": "정신 집중",
    "CLASS_PERK_Purgator_ArcaneWeapons_SubTitle": "사이킥 축복",
    "CLASS_PERK_Purifier_SoulBlaze_SubTitle": "자동 ([g:{autoChance}%], [g:{autoUses}] / 턴)",
    "CLASS_PERK_Purifier_IncineratorDamageBonus_SubTitle": "업그레이드 - 피해량",
    "CLASS_PERK_Purifier_FlamesOfPurity_Damage_SubTitle": "업그레이드 - 피해량",
    "CLASS_PERK_Purifier_DefaultPerk_SubTitle": "사이킥 보조",
    "CLASS_PERK_GarranCrowe_Default_SubTitle": "사이킥 보조",
    "CLASS_PERK_GarranCrowe_EmpyreanDomination_SubTitle": "사이킥 보조",
    "ABILITY_CLASS_TYPE_SUBTITLE_Litany": "사이킥 보조",
    "CLASS_PERK_Interceptor_Max_Willpower_C_SubTitle": "패시브",
    "CLASS_PERK_Librarian_MaxWP_A_SubTitle": "패시브",
    "CLASS_PERK_Interceptor_Max_Willpower_D_SubTitle": "패시브",
    "CLASS_PERK_Justicar_Max_Willpower_A_SubTitle": "패시브",
    "CLASS_PERK_Librarian_FocalConcentration_SubTitle": "패시브",
    "CLASS_PERK_Justicar_EnduringReflexes_SubTitle": "패시브",
    "CLASS_PERK_Paladin_TopRightPassive_BonusWP_SubTitle": "패시브",
    "CLASS_PERK_Librarian_Resistance_Bonus_SubTitle": "패시브",
    "CLASS_PERK_Interceptor_TeleportStrikeDamage_SubTitle": "업그레이드 - 피해량",
    "CLASS_PERK_Chaplain_AutoMentalFocus_SubTitle": "자동 ([g:{autoChance}%], [g:{autoUses}] / 턴)",
    "CLASS_PERK_Interceptor_SupportFire_SubTitle": "자동 ([g:{autoChance}%], [g:{autoUses}] / 턴)",
    "CLASS_PERK_Paladin_AutoMentalFocus_SubTitle": "자동 ([g:{autoChance}%], [g:{autoUses}] / 턴)",
    "CLASS_PERK_Purifier_Vengeance_SubTitle": "자동 ([g:{autoChance}%], [g:{autoUses}] / 턴)",
    "CLASS_PERK_Purifier_Automatic_Reload_SubTitle": "자동 ([g:{autoChance}%], [g:{autoUses}] / 턴)",
    "CLASS_PERK_Purifier_UnstoppableConflagration_SubTitle": "자동 ([g:{autoChance}%], [g:{autoUses}] / 턴)",
    "CLASS_PERK_GarranCrowe_SoulBlaze_SubTitle": "자동 ([g:{autoChance}%], [g:{autoUses}] / 턴)",
    "CLASS_PERK_Librarian_VortexofDoom_Damage_SubTitle": "업그레이드 - 피해량",
    "CLASS_PERK_Librarian_Smite_Damage_SubTitle": "업그레이드 - 피해량",
    "CLASS_PERK_Purifier_MidLeftPassive_MeleeCritRight_SubTitle": "업그레이드 - 치명타",
    "CLASS_PERK_Paladin_MidLeftPassive_MeleeCritChance_Right_SubTitle": "업그레이드 - 치명타",
    "CLASS_PERK_Paladin_MidLeftPassive_MeleeCritChance_Right_Title": "업그레이드 - 치명타",
    "CLASS_PERK_Paladin_DefaultPerk_SubTitle": "사이킥 보조",
    "CLASS_PERK_Interceptor_AegisShield_Psyboost_SubTitle": "워프 충전",
    "CLASS_PERK_Justicar_Provoke_Psy_SubTitle": "워프 충전",
    "CLASS_PERK_Librarian_Psybolt_CritDamageA_SubTitle": "업그레이드 - 치명타 피해",
    "CLASS_PERK_Paladin_HammerHand_CritDamage_SubTitle": "업그레이드 - 치명타 피해",
    "CLASS_PERK_Purgator_AstralAim_UpgradeA_SubTitle": "업그레이드 - 치명타 피해",
    "CLASS_PERK_Justicar_PsycannonSlot_Title": "사이캐논",
    "CLASS_PERK_Paladin_BottomRightPassive_BonusWP_Title": "의지력",
    "CLASS_PERK_Paladin_EmperorsWill_APCost_SubTitle": "업그레이드 - 필요 행동력 감소",
    "CLASS_PERK_Interceptor_BonusWargear_Passive_SubTitle": "장비",
    "CLASS_PERK_Chaplain_IntonementForGuidance_Title": "유도의 영창",
    "CLASS_PERK_Chaplain_LitanyOfHate_UpgradeLeft_SubTitle": "업그레이드 - 턴 당 사용",
    "CLASS_PERK_Chaplain_LitanyOfHate_UpgradeRight_SubTitle": "업그레이드 - 턴 당 사용",
    "CLASS_PERK_Chaplain_BottomMidPassive_BonusWP_Title": "의지력",
    "CLASS_PERK_Chaplain_WordOfPower_Title": "힘의 진언",
    "CLASS_PERK_Chaplain_WordOfPower_UpgradeLeft_SubTitle": "업그레이드 - 치명타 피해",
    "CLASS_PERK_Chaplain_DefaultPerk_Title": "이지스 실드",
    "CLASS_PERK_Interceptor_TeleportStrike_Title": "순간이동 타격",
    "CLASS_PERK_Interceptor_TeleportStrike_SubTitle": "순간이동 공격",
    "CLASS_PERK_Interceptor_TeleportBoost_SubTitle": "자동 ([g:{autoChance}%], [g:{autoUses}] 사용 / 턴)",
    "CLASS_PERK_Interceptor_PsychicSuppression_SubTitle": "사이킥 공격",
    "CLASS_PERK_Interceptor_PsychicSuppression_DurationA_SubTitle": "업그레이드 - 지속 시간",
    "CLASS_PERK_Interceptor_PsychicSuppression_DurationB_SubTitle": "업그레이드 - 지속 시간",
    "CLASS_PERK_Interceptor_UnlockPsilencer_Description": "이 기사는 이제 원거리 무기인 [b:사일렌서]를 장착할 수 있습니다.",
    "CLASS_PERK_Chaplain_ReactionStrike_Armour_Pierce_Title": "업그레이드 - 후방타격",
    "CLASS_PERK_Interceptor_TeleportBoost_Title": "순간이동 강화",
    "CLASS_PERK_Interceptor_PsychicSuppression_Title": "사이킥 제압",
    "CLASS_PERK_Interceptor_DefaultPerk_Title": "이지스 실드",
    "CLASS_PERK_Interceptor_BonusCritDamage_Title": "업그레이드 - 치명타 피해량",
    "CLASS_PERK_Interceptor_RuthlessPrecision_Title": "무자비한 정밀성",
    "CLASS_PERK_Interceptor_PersonalTeleportation_Title": "순간이동",
    "CLASS_PERK_Interceptor_TeleportSwapAllies_SubTitle": "업그레이드 - 위치 교환",
    "CLASS_PERK_Interceptor_Psybolt_SubTitle": "업그레이드 - 사이볼트",
    "CLASS_PERK_Interceptor_ForceStrike_SubTitle": "업그레이드 - 포스 타격",
    "CLASS_PERK_Interceptor_Hammerhand_SubTitle": "사이킥 근접 공격",
    "CLASS_PERK_Interceptor_CleansingStrike_SubTitle": "사이킥 근접 공격",
    "CLASS_PERK_Interceptor_BonusWargear_Passive_Title": "워기어 칸",
    "CLASS_PERK_Interceptor_BonusWargear_Passive_Description": "이 기사에게 모든 종류의 워기어를 장착 가능한 추가 [b:워기어 칸]을 제공합니다",
    "CLASS_PERK_Interceptor_CleansingStrike_Title": "정화 타격",
    "CLASS_PERK_Interceptor_SupportFire_Title": "지원 사격",
    "CLASS_PERK_Interceptor_Bonus_HP_Title": "체력",
    "CLASS_PERK_Justicar_RendTheUnclean_SubTitle": "사이킥 폭발 공격",
    "CLASS_PERK_Interceptor_PersonalTeleportation_SubTitle": "순간이동 기술",
    "CLASS_PERK_Interceptor_EnduringReflexes_Title": "지속적인 반응속도",
    "CLASS_PERK_Justicar_RendTheUnclean_Title": "불결한 것을 베어라",
    "CLASS_PERK_Interceptor_Hammerhand_Title": "해머 핸드",
    "CLASS_PERK_Justicar_DefaultPerk_Title": "이지스 실드",
    "CLASS_PERK_Justicar_Automatic_Reload_SubTitle": "자동 ([g:{autoChance}%], [g:{autoUses}] 사용 / 턴)",
    "CLASS_PERK_Justicar_Provoke_SubTitle": "사이킥 공격",
    "CLASS_PERK_Justicar_RuthlessPrecision_Title": "무자비한 정밀성",
    "CLASS_PERK_Justicar_HammerHand_SubTitle": "사이킥 근접 공격",
    "CLASS_PERK_Justicar_Bonus_HP_Title": "체력",
    "CLASS_PERK_Justicar_Fortress_Title": "요새",
    "CLASS_PERK_Justicar_Provoke_Title": "도발",
    "CLASS_PERK_Justicar_Provoke_Area_SubTitle": "업그레이드 - 범위",
    "CLASS_PERK_Justicar_Automatic_Reload_Title": "빠른 재장전",
    "CLASS_PERK_Justicar_BasicForceStrike_SubTitle": "업그레이드 - 포스 타격(피해량)",
    "CLASS_PERK_Justicar_ForceStrike_ArmourBreakA_SubTitle": "업그레이드 - 포스 타격(장갑 파괴)",
    "CLASS_PERK_Justicar_ForceStrike_ArmourBreakB_SubTitle": "업그레이드 - 포스 타격(장갑 파괴)",
    "CLASS_PERK_Justicar_HonourTheChapter_Title": "챕터에 영광을",
    "CLASS_PERK_Justicar_HonourTheChapter_BonusAP_SubTitle": "업그레이드 - 행동력",
    "CLASS_PERK_Justicar_EnduringReflexes_Title": "지속적인 반응속도",
    "CLASS_PERK_Justicar_BasicPsybolt_SubTitle": "업그레이드 - 사이볼트 피해량",
    "CLASS_PERK_Justicar_TerminatorArmour_Title": "터미네이터 아머",
    "CLASS_PERK_Justicar_TerminatorArmour_Description": "이 기사는 이제 [b:터미네이터 아머]을 장착할 수 있습니다.",
    "CLASS_PERK_Justicar_PsycannonSlot_Description": "이 기사는 이제 원거리 무기 [b:사이캐논]을 장착할 수 있습니다.",
    "CLASS_PERK_Justicar_HammerHand_Title": "해머 핸드",
    "CLASS_PERK_Librarian_DefaultPerk_Title": "이지스 실드",
    "CLASS_PERK_Librarian_ReturnFire_SubTitle": "자동 ([g:{autoChance}%], [g:{autoUses}] 사용 / 턴)",
    "CLASS_PERK_Justicar_CrushingCharge_SubTitle": "사이킥 공격",
    "CLASS_PERK_Librarian_Smite_SubTitle": "사이킥 공격",
    "CLASS_PERK_Justicar_RangedCritDmg_Title": "업그레이드 - 치명타 피해량",
    "CLASS_PERK_Justicar_Bonus_HP_B_Title": "체력",
    "CLASS_PERK_Librarian_VortexofDoom_SubTitle": "사이킥 폭발 공격",
    "CLASS_PERK_Librarian_Fortress_Title": "요새",
    "CLASS_PERK_Justicar_BonusWargear_Passive_Title": "장비 칸",
    "CLASS_PERK_Justicar_CrushingCharge_Hobbled_SubTitle": "업그레이드 - 둔화됨",
    "CLASS_PERK_Justicar_CrushingCharge_Stun_SubTitle": "업그레이드 - 기절",
    "CLASS_PERK_Librarian_ReturnFire_Title": "반격 사격",
    "CLASS_PERK_Librarian_Psybolt_ArmourPierce_SubTitle": "업그레이드 - 장갑 관통",
    "CLASS_PERK_Librarian_PsyPower_A_Title": "집중",
    "CLASS_PERK_Librarian_PsyPower_B_Title": "집중",
    "CLASS_PERK_Librarian_AegisShield_ArmourA_SubTitle": "업그레이드 - 워프 충전",
    "CLASS_PERK_Librarian_AegisShield_ArmourB_SubTitle": "업그레이드 - 워프 충전",
    "CLASS_PERK_Justicar_CrushingCharge_Title": "파괴적인 돌격",
    "CLASS_PERK_Justicar_BonusWargear_Passive_Description": "이 기사에게 [b:패시브 장비]를 장착 가능한 추가 [b:워기어 칸]을 제공합니다.",
    "CLASS_PERK_Librarian_EmpyreanDomination_Title": "창공의 지배",
    "CLASS_PERK_Librarian_EmpyreanDomination_WarpSurgeBonus_SubTitle": "업그레이드 - 워프 파동 억제",
    "CLASS_PERK_Librarian_VortexofDoom_Title": "멸망의 소용돌이",
    "CLASS_PERK_Purifier_MidLeftPassive_AfflictTop_SubTitle": "업그레이드 - 고통",
    "CLASS_PERK_Purifier_MidLeftPassive_AfflictTop_Title": "업그레이드 - 고통",
    "CLASS_PERK_Librarian_TeleportBoost_SubTitle": "자동 ([g:{autoChance}%], [g:{autoUses}] 사용 / 턴)",
    "CLASS_PERK_Librarian_AutoAegisShield_SubTitle": "자동 ([g:{autoChance}%], [g:{autoUses}] 사용 / 턴)",
    "CLASS_PERK_Librarian_DarkExcommunication_SubTitle": "사이킥 공격",
    "CLASS_PERK_Librarian_Sanctuary_HazardDuration_SubTitle": "업그레이드 - 지속 시간",
    "CLASS_PERK_Librarian_PsychicShriek_SubTitle": "사이킥 폭발 공격",
    "CLASS_PERK_Paladin_DefendPosition_UpgradeArea_SubTitle": "업그레이드 - 범위",
    "CLASS_PERK_Librarian_Smite_UnlimitedRange_SubTitle": "업그레이드 - 사거리 무제한",
    "CLASS_PERK_Librarian_Sanctuary_Title": "성역",
    "CLASS_PERK_Librarian_GateofInfinity_Title": "무한의 관문",
    "CLASS_PERK_Librarian_GateofInfinity_Range_SubTitle": "업그레이드 - 사거리",
    "CLASS_PERK_Librarian_BonusRange_SubTitle": "업그레이드 - 사거리",
    "CLASS_PERK_Librarian_DarkExcommunication_Range_SubTitle": "업그레이드 - 사거리",
    "CLASS_PERK_Librarian_Resistance_Bonus_Title": "강화된 저항력",
    "CLASS_PERK_Librarian_ForceStrike_SubTitle": "업그레이드 - [b:포스 타격]",
    "CLASS_PERK_Librarian_DarkExcommunication_Title": "어둠의 파문",
    "CLASS_PERK_Librarian_WardingStave_A_SubTitle": "업그레이드 - 이지스 실드",
    "CLASS_PERK_Librarian_WardingStave_B_SubTitle": "업그레이드 - 이지스 실드",
    "CLASS_PERK_Librarian_Psybolt_Damage_SubTitle": "업그레이드 - [b:사이볼트]",
    "CLASS_PERK_Librarian_Psybolt_SubTitle": "업그레이드 - [b:사이볼트]",
    "CLASS_PERK_Paladin_DefendPosition_Title": "위치 사수",
    "CLASS_PERK_Librarian_PsychicShriek_StunDamage_SubTitle": "업그레이드 - 기절",
    "CLASS_PERK_Librarian_PriceOfPower_Title": "힘의 대가",
    "CLASS_PERK_Paladin_Auto_OnlyInDeath_Title": "오직 죽음만이",
    "CLASS_PERK_Librarian_ForceStrike_Upgrade_SubTitle": "업그레이드 - [b:침묵] 부여",
    "CLASS_PERK_Librarian_FocalConcentration_Title": "초점 집중",
    "CLASS_PERK_Librarian_AutoAegisShield_Title": "이지스 반응",
    "CLASS_PERK_Librarian_PsychicShriek_Title": "사이킥 비명",
    "CLASS_PERK_Librarian_GateofInfinity_SubTitle": "순간이동 기술",
    "CLASS_PERK_Librarian_TeleportBoost_Title": "순간이동 강화",
    "CLASS_PERK_GarranCrowe_HammerHand_Title": "해머 핸드",
    "CLASS_PERK_Paladin_Smite_SubTitle": "사이킥 공격",
    "CLASS_PERK_Paladin_Ranged_Damage_Bonus_Title": "업그레이드 - 치명타 피해량",
    "CLASS_PERK_Paladin_AutoRuthlessPrecision_Title": "무자비한 정밀성",
    "CLASS_PERK_Paladin_HammerHand_SubTitle": "사이킥 근접 공격",
    "CLASS_PERK_Paladin_MidMidPassive_BonusHP_Bottom_Title": "체력",
    "CLASS_PERK_Paladin_MidMidPassive_BonusHP_Top_Title": "체력",
    "CLASS_PERK_Paladin_FuryOfAncients_Range_SubTitle": "업그레이드 - 사거리",
    "CLASS_PERK_Paladin_Auto_OnlyInDeath_SubTitle": "자동 - ([g:{autoChance}%], [g:{autoUses}] / 임무)",
    "CLASS_PERK_Paladin_FuryOfAncients_SubTitle": "사이킥 확산 공격",
    "CLASS_PERK_Paladin_ForceStrike_Stun_SubTitle": "업그레이드 - 기절",
    "CLASS_PERK_Paladin_Ranged_Ammo_Bonus_SubTitle": "업그레이드 - 탄약",
    "CLASS_PERK_Paladin_Ranged_Ammo_Bonus_Title": "업그레이드 - 탄약",
    "CLASS_PERK_Paladin_Psycannon_Unlock_Description": "이 기사는 이제 사이캐논 [b:특수 무기]를 장착할 수 있습니다.",
    "CLASS_PERK_Paladin_HammerHand_Title": "해머 핸드",
    "CLASS_PERK_Paladin_DefaultPerk_Title": "이지스 실드",
    "CLASS_PERK_Purgator_SupportFire_SubTitle": "자동 ([g:{autoChance}%], [g:{autoUses}] 사용 / 턴)",
    "CLASS_PERK_Purgator_ReturnFire_SubTitle": "자동 ([g:{autoChance}%], [g:{autoUses}] 사용 / 턴)",
    "CLASS_PERK_Paladin_MidLeftPassive_MeleeCritDamage_Top_Title": "업그레이드 - 치명타 피해량",
    "CLASS_PERK_Paladin_MidLeftPassive_MeleeCritDamage_Bottom_Title": "업그레이드 - 치명타 피해량",
    "CLASS_PERK_Purgator_SupportFire_Title": "지원 사격",
    "CLASS_PERK_Purgator_EmperorsLight_SubTitle": "사이킥 폭발 공격",
    "CLASS_PERK_Purgator_EmperorsLight_AreaIncrease_SubTitle": "업그레이드 - 범위",
    "CLASS_PERK_Purgator_GrenadeRadius_SubTitle": "업그레이드 - 범위",
    "CLASS_PERK_Paladin_BottomMidPassive_BonusWP_SubTitle": "패시브",
    "CLASS_PERK_Purgator_Max_Willpower_A_SubTitle": "패시브",
    "CLASS_PERK_Purgator_Max_Willpower_B_SubTitle": "패시브",
    "CLASS_PERK_Purgator_Max_Willpower_C_SubTitle": "패시브",
    "CLASS_PERK_Purgator_Max_Willpower_D_SubTitle": "패시브",
    "CLASS_PERK_Purgator_EmperorsLight_Psyboost_SubTitle": "워프 충전",
    "CLASS_PERK_Paladin_ArcaneWeapons_WarpCharge_SubTitle": "워프 충전",
    "CLASS_PERK_Purgator_ReturnFire_Title": "반격 사격",
    "CLASS_PERK_Purgator_Psyboost_ArmourPierce_SubTitle": "업그레이드 - 장갑 관통",
    "CLASS_PERK_Purgator_PsilencerRange_SubTitle": "업그레이드 - 사거리",
    "CLASS_PERK_Paladin_ArcaneWeapons_Title": "아케인 무기",
    "CLASS_PERK_Purgator_PsilencerIgnoreHalfCover_SubTitle": "업그레이드 - 엄폐 무시",
    "CLASS_PERK_Purgator_BonusGrenadeSlot_SubTitle": "잠금 해제 - 수류탄 칸",
    "CLASS_PERK_Purgator_RangedAmmoA_Title": "업그레이드 - 탄약",
    "CLASS_PERK_Purgator_RangedAmmoA_SubTitle": "업그레이드 - 탄약",
    "CLASS_PERK_Purgator_RangedAmmoB_Title": "업그레이드 - 탄약",
    "CLASS_PERK_Purgator_RangedAmmoB_SubTitle": "업그레이드 - 탄약",
    "CLASS_PERK_Purgator_BonusGrenadeSlot_Title": "수류탄 업그레이드",
    "CLASS_PERK_Purgator_BonusGrenadeSlot_Description": "이 기사에게 [b:수류탄]을 장착 가능한 추가 [b:워기어 칸]을 제공합니다.",
    "CLASS_PERK_Purgator_GrenadeUsesA_SubTitle": "업그레이드 - 사용 횟수",
    "CLASS_PERK_Purgator_GrenadeUsesB_SubTitle": "업그레이드 - 사용 횟수",
    "CLASS_PERK_Paladin_StormShield_Title": "스톰 방패",
    "CLASS_PERK_Paladin_StormShield_Description": "스톰 방패는 [b:원거리 무기] 대신 장착 할 수 있으며 팔라딘에게 추가 [b:장갑]을 제공합니다.",
    "CLASS_PERK_Purgator_Max_Willpower_E_Title": "의지력",
    "CLASS_PERK_Purgator_DefaultPerk_Title": "이지스 실드",
    "CLASS_PERK_Purgator_MentalFocus_SubTitle": "자동 ([g:{autoChance}%], [g:{autoUses}] 사용 / 턴)",
    "CLASS_PERK_Purgator_Automatic_Reload_SubTitle": "자동 ([g:{autoChance}%], [g:{autoUses}] 사용 / 턴)",
    "CLASS_PERK_Purgator_SanctifiedKillZoneDuration_SubTitle": "업그레이드 - 지속 시간",
    "CLASS_PERK_Purgator_RangedWeaponCritDamage_Title": "업그레이드 - 치명타 피해량",
    "CLASS_PERK_Purifier_Hammerhand_SubTitle": "사이킥 근접 공격",
    "CLASS_PERK_Purifier_Bonus_HP_Title": "체력",
    "CLASS_PERK_Purgator_SanctifiedKillZone_SubTitle": "사이킥 폭발 공격",
    "CLASS_PERK_Purifier_CleansingFlame_SubTitle": "사이킥 폭발 공격",
    "CLASS_PERK_Purgator_PsychicOnslaught_UpgradeRadius_SubTitle": "업그레이드 - 범위",
    "CLASS_PERK_Purgator_Max_Willpower_E_SubTitle": "패시브",
    "CLASS_PERK_Purgator_EnduringReflexes_SubTitle": "패시브",
    "CLASS_PERK_Purifier_EternalFlame_SubTitle": "패시브",
    "CLASS_PERK_Purgator_AstralAim_SubTitle": "사이킥 원거리 공격",
    "CLASS_PERK_Purifier_AstralAim_SubTitle": "사이킥 원거리 공격",
    "CLASS_PERK_Purgator_SanctifiedKillZone_Psyboost_SubTitle": "워프 충전",
    "CLASS_PERK_Purgator_AstralAim_Psyboost_SubTitle": "워프 충전",
    "CLASS_PERK_Purifier_CleansingFlame_WarpCharge_SubTitle": "워프 충전",
    "CLASS_PERK_Purifier_AstralAim_WarpCharge_SubTitle": "워프 충전",
    "CLASS_PERK_Purifier_EternalFlame_Title": "영원한 불길",
    "CLASS_PERK_Purifier_CleansingFlame_Title": "정화의 화염",
    "CLASS_PERK_Purifier_Automatic_Reload_Title": "빠른 재장전",
    "CLASS_PERK_Purgator_Automatic_Reload_Title": "빠른 재장전",
    "CLASS_PERK_Purgator_PsychicOnslaught_UpgradeDamageA_SubTitle": "업그레이드 - 피해",
    "CLASS_PERK_Purgator_PsychicOnslaught_UpgradeDamageB_SubTitle": "업그레이드 - 피해",
    "CLASS_PERK_Purgator_ArcaneWeapons_Title": "아케인 무기",
    "CLASS_PERK_Purgator_PsilencerRange_Title": "사일런서 - 업그레이드 - 사거리",
    "CLASS_PERK_Purgator_PsilencerCritDamage_Title": "사일런서 - 업그레이드 - 치명타 피해량",
    "CLASS_PERK_Purifier_HammerHand_AfflictFlame_SubTitle": "워프 충전 - 발화",
    "CLASS_PERK_Purgator_EnduringReflexes_Title": "지속적인 반응속도",
    "CLASS_PERK_Purgator_AstralAim_Title": "아스트랄 조준",
    "CLASS_PERK_Purifier_AstralAim_Title": "아스트랄 조준",
    "CLASS_PERK_Purifier_CleansingFlame_AfflictPurge_SubTitle": "Upgrade - 축출",
    "CLASS_PERK_Purifier_Hammerhand_Title": "해머 핸드",
    "CLASS_PERK_Purifier_MidMidPassive_BonusWP_Right_Title": "의지력",
    "CLASS_PERK_Purifier_BottomRightPassive_BonusWP_Title": "의지력",
    "CLASS_PERK_Purifier_MidMidPassive_BonusWP_Top_Title": "의지력",
    "CLASS_PERK_GarranCrowe_Default_Title": "이지스 방패",
    "CLASS_PERK_Purifier_DefaultPerk_Title": "이지스 방패",
    "CLASS_PERK_Purifier_GrenadeRadius_SubTitle": "업그레이드 - 범위",
    "CLASS_PERK_Purifier_MidMidPassive_Bottom_SubTitle": "패시브",
    "CLASS_PERK_Purifier_BottomLeftPassive_Resistance_SubTitle": "패시브",
    "CLASS_PERK_Purifier_BottomRightPassive_BonusWP_SubTitle": "패시브",
    "CLASS_PERK_Purifier_MidMidPassive_BonusWP_Right_SubTitle": "패시브",
    "CLASS_PERK_Purifier_MidMidPassive_BonusWP_Top_SubTitle": "패시브",
    "CLASS_PERK_Purifier_IncineratorRangeBonus_SubTitle": "업그레이드 - 사거리",
    "CLASS_PERK_Purifier_GrenadeDamage_SubTitle": "업그레이드 - 피해",
    "CLASS_PERK_Purifier_BonusWargear_Grenade_SubTitle": "잠금 해제 - 수류탄 칸",
    "CLASS_PERK_Purifier_BonusWargear_Grenade_Description": "이 기사에게 수류탄을 장착 가능한 추가 [b:워기어 칸]을 제공합니다.",
    "CLASS_PERK_Purifier_Vengeance_Title": "복수",
    "CLASS_PERK_Purifier_UnstoppableConflagration_Damage_SubTitle": "업그레이드 - 사용당 피해",
    "CLASS_PERK_Purifier_FlamesOfPurity_Knockback_SubTitle": "업그레이드 - 밀어내기",
    "CLASS_PERK_Purifier_BlazingRounds_Title": "불타는 탄환",
    "CLASS_PERK_Purifier_ImmuneToHazards_Title": "위험 구역 면역",
    "CLASS_PERK_Purifier_SpecialWeaponsSlot_Title": "특수 무기",
    "CLASS_PERK_Purifier_SpecialWeaponDamageBonus_Title": "특수 무기 피해량 보너스",
    "CLASS_PERK_Purifier_GrenadeAmmo_SubTitle": "업그레이드 - 사용 횟수",
    "CLASS_PERK_Purifier_MidMidPassive_Bottom_Title": "저항력 업그레이드",
    "CLASS_PERK_Purifier_BottomLeftPassive_Resistance_Title": "저항력 업그레이드",
    "CLASS_PERK_Purifier_SoulBlaze_Title": "영혼 발화",
    "CLASS_PERK_Purifier_IncineratorArcBonus_SubTitle": "업그레이드 - 각도",
    "CLASS_PERK_Purifier_UnstoppableConflagration_Resistance_SubTitle": "업그레이드 - 사용 당 저항력",
    "CLASS_PERK_Purifier_BonusWargear_Grenade_Title": "수류탄 칸",
    "CLASS_PERK_Purifier_FlamesOfPurity_AfflictBlind_SubTitle": "업그레이드 - 실명 부여",
    "CLASS_PERK_Purifier_PurifyingFlame_Title": "정제된 화염",
    "CLASS_PERK_Purifier_UnstoppableConflagration_Title": "막을 수 없는 불길",
    "CLASS_PERK_Purifier_ForceStrike_Purge_SubTitle": "Upgrade - 축출",
    "CLASS_PERK_Purifier_MidLeftPassive_AfflictBottom_Title": "업그레이드 - 고통",
    "CLASS_PERK_Purifier_MidLeftPassive_AfflictBottom_SubTitle": "업그레이드 - 고통",
    "CLASS_PERK_Purifier_FlamesOfPurity_Title": "순수의 화염",
    "CLASS_PERK_GarranCrowe_CrushingCharge_SubTitle": "사이킥 공격",
    "CLASS_PERK_GarranCrowe_HammerHand_SubTitle": "사이킥 근접 공격",
    "CLASS_PERK_GarranCrowe_RendTheUnclean_SubTitle": "사이킥 폭발 공격",
    "CLASS_PERK_GarranCrowe_CleansingFlame_SubTitle": "사이킥 폭발 공격",
    "ABILITY_CLASS_TYPE_NAME_Psybolt": "사이볼트",
    "KNIGHT_CLASS_PERK_DETAIL_NAME_WarpSurge": "워프 파동",
    "KNIGHT_CLASS_PERK_DETAIL_NAME_ArmourPierce": "장갑 관통",
    "CLASS_PERK_ExperimentalInoculation_SubTitle": "패시브",
    "CLASS_PERK_Champion_SubTitle": "패시브",
    "CLASS_PERK_GarranCrowe_EternalFlame_SubTitle": "패시브",
    "ABILITY_CLASS_TYPE_NAME_ForceStrike": "포스 타격",
    "ABILITY_CLASS_TYPE_SUBTITLE_ForceStrike": "포스 타격",
    "ABILITY_CLASS_TYPE_SUBTITLE_Psybolt": "사이킥 원거리 공격",
    "CLASS_PERK_ExperimentalInoculation_Title": "실험적 접종",
    "ABILITY_NAME_ExperimentalInoculation": "실험적 접종",
    "CLASS_PERK_GarranCrowe_CleansingFlame_WarpCharge_SubTitle": "워프 충전",
    "KNIGHT_CLASS_PERK_DETAIL_NAME_PrecisionTargeting": "정밀 조준",
    "CLASS_PERK_GarranCrowe_EternalFlame_Title": "영원한 불길",
    "CLASS_PERK_GarranCrowe_CleansingFlame_Title": "정화의 화염",
    "CLASS_PERK_GarranCrowe_CrushingCharge_Title": "파괴적인 돌격",
    "KNIGHT_CLASS_PERK_DETAIL_DESC_PrecisionTargeting": "이 능력이 치명타로 적중하면 대상의 신체 부위를 선택해 파괴할 수 있습니다.",
    "ABILITY_CLASS_TYPE_DESC_Psybolt": "[b:사이볼트]는 스톰 볼터로 [b:원거리 공격]시 추가적인 의지력을 사용해 위력을 강화합니다.",
    "ABILITY_CLASS_TYPE_NAME_Litany": "기도",
    "KNIGHT_CLASS_PERK_DETAIL_DESC_WarpSurge": "[b:워프 파동]은 예측할 수 없는 워프 사건이 일어나는데 이는 사이킥 능력을 사용할 시 더 증가합니다.",
    "ABILITY_NAME_Champion": "챔피언",
    "CLASS_PERK_Champion_Title": "챔피언",
    "CLASS_PERK_GarranCrowe_HammerHand_WarpCharge_SubTitle": "워프 충전 - 발화",
    "CLASS_PERK_GarranCrowe_SoulBlaze_Title": "영혼 발화",
    "CLASS_PERK_GarranCrowe_RendTheUnclean_Title": "불결한 것을 베어라",
    "CLASS_PERK_GarranCrowe_EmpyreanDomination_Title": "창공의 지배",
    "ABILITY_CLASS_TYPE_DESC_Litany": "[b:기도]는 발동 시 모든 기사에게 긍정적인 효과를 제공하지만 한번에 하나의 기도만 사용할 수 있습니다.",
    "ABILITY_DESC_ExperimentalInoculation": "이 기사의 [b:저항력]이 [g:+{resistanceAmount}%] 증가합니다. 저항력은 상태 이상에 [b:저항]할 확률을 증가시킵니다.",
    "KNIGHT_CLASS_PERK_DETAIL_DESC_ArmourPierce": "모든 피해가 대상의 [b:장갑]을 무시합니다.",
    "CLASS_PERK_Purgator_SanctifiedKillZone_Title": "신성한 킬 존",
    "ABILITY_CLASS_TYPE_DESC_ForceStrike": "[b:포스 타격]은 네메시스 포스 무기로 근접 공격시 의지력을 사용해 위력을 강화합니다.",
    "ABILITY_DESC_Champion": "이 기사는 [g:+{healthBonus}]의  [b:최대 체력], [g:+{willpowerAmount}]의 [b:최대 의지력], [g:+{critChance}%]의 [b:치명타]를 가집니다",
    "CLASS_PERK_Purifier_SpecialWeaponsSlot_Description": "이 기사는 [b:사이캐논], [b:사일런서], 그리고 [b:인시너레이터]를 장비할 수 있습니다.  이건 양손무기이며 [b:파워 아머]를 입어야 합니다."
}
