{
    "WARP_SURGE_TITLE_plagueGift": "역병 선물",
    "WARP_SURGE_TITLE_lesserMutation": "블룸 돌연변이",
    "WARP_SURGE_TITLE_innexorableBlight": "멈추지 않는 마름병",
    "WARP_SURGE_TITLE_empyreanSurge": "최고천의 파동",
    "WARP_SURGE_TITLE_lesserBloomspawnEruption": "블룸스폰 폭발",
    "COMBAT_EVENT_TITLE_bloomRootReinforcementDolorus": "돌로러스의 방어자",
    "WARP_SURGE_TITLE_guardiansOfTheSeeds": "씨앗의 수호자",
    "WARP_SURGE_DESC_denizensOfTheWarp": "워프 균열이 열렸습니다 : 다음 턴에 적 지원군이 올 것입니다.",
    "WARP_SURGE_DESC_missionObjectiveReinforcements": "예상 밖의 적 지원군이 워프에서 도착했습니다!  [b:(Does not draw from your reinforcements pool)]",
    "COMBAT_EVENT_TYPE_NurglingSwarm": "너글링 떼",
    "WARP_SURGE_TYPE_General": "워프 파동",
    "WARP_SURGE_TYPE_Reinforcements": "지원군",
    "WARP_SURGE_TYPE_Poxus": "폭서스",
    "WARP_SURGE_TYPE_Mortus": "모르터스",
    "WARP_SURGE_TYPE_Tentarus": "텐타러스",
    "WARP_SURGE_TYPE_Dolorus": "돌로러스",
    "WARP_SURGE_TITLE_plagueHost": "역병 무리",
    "WARP_SURGE_TITLE_curseOfTheBloom": "블룸의 저주",
    "WARP_SURGE_TITLE_grandfathersCurse": "할아버지의 저주",
    "WARP_SURGE_TITLE_denizensOfTheWarp": "워프의 원주민",
    "WARP_SURGE_TYPE_Necrosus": "네크로서스",
    "WARP_SURGE_TITLE_missionObjectiveReinforcements": "새로운 적 지원군",
    "WARP_SURGE_TITLE_poxGift": "농포 선물",
    "WARP_SURGE_TITLE_lesserPoxGift": "적은 농포 선물",
    "WARP_SURGE_TITLE_nurglesRevoltingRegeneration": "혐오스러운 재생",
    "WARP_SURGE_TITLE_theGrandfathersBlessing": "할아버지의 축복",
    "WARP_SURGE_TITLE_thePowerOfMutation": "돌연변이의 힘",
    "WARP_SURGE_TITLE_bloomspawnPrison": "블룸스폰 감옥",
    "WARP_SURGE_TITLE_kissOfFraility": "노쇠의 기운",
    "WARP_SURGE_TITLE_theFalteringPox": "비틀거리는 농포",
    "WARP_SURGE_TITLE_nurglesEmbrace": "너글의 포옹",
    "WARP_SURGE_TITLE_taintedBlades": "부패한 칼날",
    "WARP_SURGE_TITLE_theRelentlessHost": "가차없는 무리",
    "WARP_SURGE_TITLE_weaponVirus": "무기 바이러스",
    "WARP_SURGE_TITLE_bladesOfRust": "녹의 칼날",
    "WARP_SURGE_TITLE_theUnbreakingHost": "부서지지 않는 무리",
    "WARP_SURGE_TITLE_punishTheWitch": "마녀 징벌",
    "WARP_SURGE_TITLE_psychicFeedback": "사이킥 역류",
    "WARP_SURGE_TITLE_drainingBlades": "흡수의 칼날",
    "WARP_SURGE_TITLE_withoutRelief": "안도 없음",
    "WARP_SURGE_TITLE_fieldsOfAgony": "고통의 지역",
    "WARP_SURGE_TITLE_searingBlades": "타오르는 칼날",
    "WARP_SURGE_TITLE_putridDetonation": "부패 폭발",
    "WARP_SURGE_TITLE_greaterMutation": "엄청난 돌연변이",
    "WARP_SURGE_TITLE_theBloomProtects": "블룸의 보호",
    "WARP_SURGE_TITLE_theGrandfathersGift": "할아버지의 선물",
    "COMBAT_EVENT_TITLE_nurglingSwarmEvent": "너글링 떼",
    "COMBAT_EVENT_TITLE_bloomRootReinforcementPoxus": "폭서스의 방어자",
    "COMBAT_EVENT_TITLE_bloomRootReinforcementNecrosus": "네크로서스의 방어자",
    "COMBAT_EVENT_TITLE_bloomRootReinforcementMortus": "모르터스의 방어자",
    "COMBAT_EVENT_TITLE_bloomRootReinforcementTentarus": "텐타러스의 방어자",
    "COMBAT_EVENT_TITLE_powerOfTheBloomPoxus": "블룸의 힘 : 폭서스",
    "COMBAT_EVENT_TITLE_powerOfTheBloomNecrosus": "블룸의 힘 : 네크로서스",
    "COMBAT_EVENT_TITLE_powerOfTheBloomMortus": "블룸의 힘 : 모르터스",
    "COMBAT_EVENT_TITLE_powerOfTheBloomDolorus": "블룸의 힘 : 돌로러스",
    "COMBAT_EVENT_TITLE_powerOfTheBloomTentarus": "블룸의 힘 : 텐타러스",
    "COMBAT_EVENT_TITLE_rearguardEvent": "포탈을 지켜라",
    "WARP_SURGE_TITLE_defendTheBloomspawn": "블룸스폰을 지켜라",
    "WARP_SURGE_TITLE_wailsOfChaos": "카오스의 벽",
    "WARP_SURGE_TITLE_defendersOfTheGate": "게이트의 방어자",
    "WARP_SURGE_DESC_emptyEvent": "워프가 사라졌습니다!",
    "WARP_SURGE_DESC_poxGift": "다음턴 폭스워커들이 시체에서 일어날 것입니다!",
    "WARP_SURGE_DESC_lesserPoxGift": "약한 폭스워커가 근처 시체에서 바로 일어납니다!",
    "WARP_SURGE_DESC_plagueGift": "다음턴 플레이그베어러들이 시체에서 일어날 것입니다!",
    "WARP_SURGE_DESC_lesserMutation": "몇몇 적들이 돌연변이를 얻습니다!",
    "WARP_SURGE_DESC_greaterMutation": "많은 적들이 돌연변이를 얻습니다!",
    "WARP_SURGE_DESC_nurglesRevoltingRegeneration": "모든 적이 최대 체력의 50%를 회복합니다!",
    "WARP_SURGE_DESC_theGrandfathersBlessing": "모든 적이 1턴 동안 +5 장갑을 얻습니다!",
    "WARP_SURGE_DESC_thePowerOfMutation": "모든 적들이 가진 돌연변이의 수치가 두배가 됩니다!",
    "WARP_SURGE_DESC_kissOfFraility": "다음 3턴 동안 약화 지대가 생겨납니다!",
    "WARP_SURGE_DESC_psychicFeedback": "다음 3턴 동안 당신의 기사들의 사이킥 능력이 의지력을 +1 더 소모합니다!",
    "WARP_SURGE_DESC_theGrandfathersGift": "적 하나가 많은 돌연변이를 얻습니다!",
    "WARP_SURGE_DESC_theFalteringPox": "한 기사가 3턴간 둔화 상태이상에 걸립니다!",
    "WARP_SURGE_DESC_nurglesEmbrace": "역병 지역이 3턴 동안 나타납니다!",
    "WARP_SURGE_DESC_theRelentlessHost": "모든 적이 3턴 동안 기절 상태에 걸리지 않습니다!",
    "WARP_SURGE_DESC_theUnbreakingHost": "다음 5턴간 모든 적이 -50% 피치명률을 얻습니다!",
    "WARP_SURGE_DESC_punishTheWitch": "당신의 기사들이 3턴동안 사이킥을 사용시 1데미지를 받습니다!",
    "WARP_SURGE_DESC_empyreanSurge": "스트라타젬을 5턴 간 발동할 수 없습니다!",
    "WARP_SURGE_DESC_fieldsOfAgony": "끔찍한 위험지역이 3턴 동안 생겨납니다!",
    "WARP_SURGE_DESC_putridDetonation": "다음 3턴 동안 적이 사망 시 폭발해 3의 피해를 입힙니다!",
    "WARP_SURGE_DESC_lesserBloomspawnEruption": "새로운 블룸스폰이 생겨납니다!",
    "WARP_SURGE_DESC_theBloomProtects": "3턴동안 모든 블룸스폰이 +5 장갑을 얻습니다!",
    "WARP_SURGE_DESC_greaterBloomspawnEruption": "많은 새로운 블룸스폰이 생겨납니다!",
    "COMBAT_EVENT_DESC_nurglingSwarmEvent": "너글링 떼!",
    "BLOOM_STRAIN_POXUS_OBJECTIVE": "칼도르 드라이고는 반드시 폭서스의 뿌리를 파괴해야 합니다",
    "BLOOM_STRAIN_MORTUS_OBJECTIVE": "칼도르 드라이고는 반드시 모르터스의 뿌리를 파괴해야 합니다",
    "BLOOM_STRAIN_DOLORUS_OBJECTIVE": "칼도르 드라이고는 반드시 돌로러스의 뿌리를 파괴해야 합니다",
    "BLOOM_STRAIN_NECROSUS_OBJECTIVE": "칼도르 드라이고는 반드시 네크로서스의 뿌리를 파괴해야 합니다",
    "BLOOM_STRAIN_TENTARUS_OBJECTIVE": "칼도르 드라이고는 반드시 텐타러스의 뿌리를 파괴해야 합니다",
    "COMBAT_EVENT_OBJECTIVE_DefeatRearguard": "들어오는 많은 적을 최대한 막아내세요.",
    "WARP_SURGE_DESC_defendersOfTheGate_Rift": "워프 균열이 열렸습니다 : 카오스 관문 방어자들이 다음턴 도착할 것입니다.",
    "STRATAGEM_STRENGTH_OF_SPIRIT_NAME": "영혼의 힘",
    "STRATAGEM_SURGE_PREVENTION_1_NAME": "파동 방지 1",
    "STRATAGEM_SURGE_PREVENTION_2_NAME": "파동 방지 2",
    "STRATAGEM_BLOOM_EXCISION_NAME": "블룸 제거",
    "STRATAGEM_PRECISION_BOMBARD_NAME": "정밀 폭격",
    "STRATAGEM_HEAL_2_NAME": "치료 2",
    "STRATAGEM_TORPOR_NAME": "무기력",
    "STRATAGEM_WORD_OF_THE_EMPEROR_NAME": "황제의 문자",
    "STRATAGEM_SANCTUARY_NAME": "고위 성역",
    "WARP_SURGE_DESC_guardiansOfTheSeeds": "워프 균열이 열렸습니다. 다음턴 적들이 복수를 위해 올 것입니다.",
    "WARP_SURGE_DESC_defendTheBloomspawn": "워프 균열이 열렸습니다. 다음턴 블룸스폰을 보호하기 위해 올 것입니다.",
    "WARP_SURGE_DESC_defendersOfTheGate": "적 지원군이 도착했습니다!",
    "STRATAGEM_HEAL_1_NAME": "치료 1",
    "STRATAGEM_PRECISION_TELEPORT_NAME": "무한의 관문",
    "STRATAGEM_WILLPOWER_NAME": "의지력 1",
    "STRATAGEM_RIGHTEOUS_ENDURANCE_NAME": "정의의 인내",
    "STRATAGEM_TIDE_OF_SHADOWS_NAME": "그림자의 파도",
    "STRATAGEM_WILLPOWER_2_NAME": "의지력 2",
    "STRATAGEM_MASS_PURIFICATION_NAME": "대량 정화",
    "STRATAGEM_DOMINATE_NAME": "지배",
    "WARP_SURGE_WEAPON_VIRUS_TOAST": "탄약 파괴",
    "COMBAT_EVENT_TYPE_BossPhase": "위기 능력",
    "COMBAT_EVENT_TYPE_PowerOfTheBloom": "블룸의 힘",
    "WARP_SURGE_TYPE_Spreading": "퍼지는 중",
    "WARP_SURGE_TYPE_Mission": "임무",
    "WARP_SURGE_TYPE_Recon": "스트라타젬",
    "WARP_SURGE_ReinforcementsCount": "[b:({0} 지원군 남음)]",
    "COMBAT_EVENT_TYPE_Rearguard": "후위",
    "WARP_SURGE_TITLE_emptyEvent": "이벤트 없음",
    "WARP_SURGE_DESC_curseOfTheBloom": "이번 임무 동안 당신의 기사들의 최대 체력이 [r:-1] 감소합니다.",
    "WARP_SURGE_DESC_innexorableBlight": "5턴 동안 모든 기사들이 저항력이 [g:0%] 가 됩니다!",
    "WARP_SURGE_DESC_weaponVirus": "3턴 동안 [b:원거리 무기] 를 무력화 하는 지역이 생겨납니다!",
    "WARP_SURGE_DESC_bladesOfRust": "3턴 동안 모든 적의 [b:근접 공격]이 장갑 관통 효과를 얻습니다!",
    "WARP_SURGE_DESC_drainingBlades": "3턴 동안 모든 적의 [b:근접 공격]이 [b:흡수] 를 유발합니다!",
    "WARP_SURGE_DESC_withoutRelief": "3턴 동안 기사들의 회복 능력이 [g:0]이 됩니다!",
    "WARP_SURGE_DESC_searingBlades": "3턴 동안 모든 적의 [b:근접 공격]이 -1 최대 체력 피해를 입힙니다!",
    "COMBAT_EVENT_DESC_bloomRootReinforcementNecrosus": "4명의 [b:플로티드 블로트 드론]을 데려옵니다. 모타리온은 [b:네크로서스의 뿌리]의 보호를 받고 있습니다.",
    "COMBAT_EVENT_DESC_bloomRootReinforcementDolorus": "4명의 [b:헬부르트]를 데려옵니다. 모타리온은 [b:돌로러스의 뿌리]의 보호를 받고 있습니다.",
    "COMBAT_EVENT_DESC_powerOfTheBloomPoxus": "모타리온이 폭서스의 뿌리와 동화합니다",
    "COMBAT_EVENT_DESC_powerOfTheBloomMortus": "모타리온이 모르터스의 뿌리와 동화합니다",
    "COMBAT_EVENT_DESC_powerOfTheBloomDolorus": "모타리온이 돌로러스의 뿌리와 동화합니다",
    "COMBAT_EVENT_DESC_powerOfTheBloomTentarus": "모타리온이 텐타러스의 뿌리와 동화합니다",
    "COMBAT_EVENT_DESC_rearguardEvent": "카오스 세력을 격퇴하시오!",
    "STRATAGEM_QUICKSILVER_NAME": "수은",
    "STRATAGEM_QUICKSILVER_DESCRIPTION": "목표 [b:기사]가 [g:+{numAP}] 행동력을 얻습니다.",
    "STRATAGEM_HEAL_1_DESCRIPTION": "목표 [b:기사]가 [g:전부] [b:회복]합니다.",
    "STRATAGEM_WILLPOWER_DESCRIPTION": "목표 [b:기사]가 [g:모든] [b:의지력]을 회복합니다.",
    "STRATAGEM_STRENGTH_OF_SPIRIT_DESCRIPTION": "[g:{effectDuration}] 턴 동안 모든 [b:기사들]의 치명타율이 [g:+{critChance}%] 증가합니다.",
    "STRATAGEM_SURGE_PREVENTION_1_DESCRIPTION": "워프 파동을 [g:{warpSurgeDown}]%만큼 줄입니다.",
    "STRATAGEM_BLOOM_EXCISION_DESCRIPTION": "대상 지역에 [g:{radius}] 범위만큼 {instantEffect} 폭발이일어납니다.  영향을 받은 대상은 모든 [b:돌연변이]를 잃습니다.",
    "STRATAGEM_TORPOR_DESCRIPTION": "모든 보이는 적들: {statusEffect}.",
    "STRATAGEM_HEAL_2_DESCRIPTION": "모든 기사들 {instantEffect}.",
    "STRATAGEM_WORD_OF_THE_EMPEROR_DESCRIPTION": "모든 보이는 적들: {instantEffect}.",
    "STRATAGEM_TIDE_OF_SHADOWS_DESCRIPTION": "모든 [b:기사들]이 [g:+{resistanceAmount}%] [b:저항력]을 [g:{effectDuration}] 턴 동안 얻습니다. [b:정화].",
    "STRATAGEM_WILLPOWER_2_DESCRIPTION": "모든 기사들: [g:{numWP}] [b:의지력]을 회복.",
    "STRATAGEM_DOMINATE_DESCRIPTION": "[b:적] 대상 지정: {statusEffect}.",
    "WARP_SURGE_RELENTLESS_HOST_TOAST": "면역(기절)",
    "WARP_SURGE_FROZEN": "워프 파동 동결",
    "WARP_SURGE_TITLE_greaterBloomspawnEruption": "거대한 블룸스폰 분화",
    "WARP_SURGE_DESC_plagueHost": "적의 지원군이 [g:+1] 증가합니다.",
    "WARP_SURGE_DESC_grandfathersCurse": "이번 임무 동안 당신의 기사들의 최대 의지력이 [r:-1] 감소합니다.",
    "WARP_SURGE_DESC_bloomspawnPrison": "기사 한명이 블룸스폰 성장에 갇혔습니다.  정화하여 풀어주십시오.",
    "WARP_SURGE_DESC_taintedBlades": "3턴 동안 모든 적의 [b:근접 공격] 이 [b:이동 불가]를 ([g:100%], [g:1 턴]) 유발 합니다!",
    "COMBAT_EVENT_DESC_bloomRootReinforcementPoxus": "4명의 [b:카오스 스폰]을 데려옵니다. 모타리온은 [b:폭서스의 뿌리]의 보호를 받고 있습니다.",
    "COMBAT_EVENT_DESC_bloomRootReinforcementMortus": "4명의 [b:플레이그 리든]을 데려옵니다. 모타리온은 [b:모르터스의 뿌리]의 보호를 받고 있습니다.",
    "COMBAT_EVENT_DESC_bloomRootReinforcementTentarus": "4명의 [b:마이피틱 블라이트 하울러]를 데려옵니다. 모타리온은 [b:텐타러스의 뿌리]의 보호를 받고 있습니다.",
    "COMBAT_EVENT_DESC_powerOfTheBloomNecrosus": "모타리온이 네크로서스의 뿌리와 동화합니다",
    "WARP_SURGE_DESC_wailsOfChaos": "카오스 관문이 지원을 요청합니다! 적 세력이 [g:+1] 지원군을 얻습니다.",
    "STRATAGEM_PRECISION_TELEPORT_DESCRIPTION": "모든 기사가 시야가 제공된 장소로 [b:순간이동] 합니다. 모든 기사는 행동력이 [r:-1] 됩니다.",
    "STRATAGEM_SURGE_PREVENTION_2_DESCRIPTION": "워프 파동을 [g:{warpSurgeDown}]%만큼 [g:{effectDuration}] 턴동안 줄입니다.",
    "STRATAGEM_PRECISION_BOMBARD_DESCRIPTION": "[g:{radius}] 대상 범위만큼 폭발이 일어나 [g:{damage}] 피해를 입힙니다.  [b:밀어내기].",
    "STRATAGEM_SANCTUARY_DESCRIPTION": "모든 [b:기사들]이 [g:+{armourBonus}] 장갑을 [g:{effectDuration}] 턴 동안 얻습니다.",
    "STRATAGEM_RIGHTEOUS_ENDURANCE_DESCRIPTION": "모든 [b:쓰러진 기사들]: 즉시 [b:최대 체력] [g:50%]로 회복합니다.",
    "STRATAGEM_MASS_PURIFICATION_DESCRIPTION": "모든 기사들이 [b:정화]되고 {instantEffect}.  영향을 받은 기사들은 디버프를 잃습니다.",
    "WARP_SURGE_NO_SURGES": "--",
    "WARP_SURGE_TYPE_Seeding": "파종",
    "COMBAT_EVENT_DESC_morgellusFinaleEvent": "모든 플랫폼이 파괴될 것입니다."
}
