{
    "STAT_ICON_DISPLAY_BaseKey": "[{0}:{1}]",
    "STAT_ICON_DISPLAY_Basic": "{0}",
    "STAT_ICON_DISPLAY_Percent": "{0}%",
    "STAT_ICON_DISPLAY_Plus": "+{0}",
    "STAT_ICON_DISPLAY_Plus_Percent": "+{0}%",
    "EQUIPMENT_BONUS_TITLE_CritDamage": "치명타 피해량",
    "EQUIPMENT_BONUS_TITLE_Crit": "치명타",
    "EQUIPMENT_BONUS_TITLE_HP": "최대 체력",
    "EQUIPMENT_BONUS_TITLE_WP": "의지력",
    "EQUIPMENT_BONUS_TITLE_Armour": "장갑",
    "EQUIPMENT_BONUS_TITLE_AP": "행동력",
    "EQUIPMENT_BONUS_TITLE_ArmourPierce": "장갑 관통",
    "EQUIPMENT_BONUS_TITLE_ArmourBreak": "장갑 파괴",
    "EQUIPMENT_BONUS_TITLE_Purge": "축출 ([g:{procChance}%])",
    "EQUIPMENT_BONUS_TITLE_Stun": "기절",
    "EQUIPMENT_BONUS_TITLE_ImmunePlague": "면역 (역병)",
    "EQUIPMENT_BONUS_TITLE_ImmuneWeakened": "면역 (약화)",
    "EQUIPMENT_BONUS_TITLE_WarpSuppression": "워프 억제",
    "EQUIPMENT_BONUS_TITLE_AutoFirstStrike": "자동 - 선제 타격 ([g:{autoChance}%], [g:{autoUses}] / 턴)",
    "EQUIPMENT_BONUS_TITLE_AutoRapidReload": "자동 - 빠른 재장전 ([g:{autoChance}%], [g:{autoUses}] / 턴)",
    "EQUIPMENT_BONUS_TITLE_SkullAmmo": "서보 스컬 수류탄 사용 횟수",
    "EQUIPMENT_BONUS_DESC_CritDamage": "이 무기의 치명타 피해는 [g:+{critDamage}] 입니다.",
    "EQUIPMENT_BONUS_DESC_Purge": "영향을 받은 대상은 모든 [b:변이]를 잃습니다.",
    "EQUIPMENT_BONUS_DESC_ForceStrikeDamage": "발동 시 근접 공격의 피해가 [g:+{abilityBonusDamage}] 증가합니다.",
    "WC_Falchions_SubTitle": "근접 무기",
    "WC_DaemonHammer_SubTitle": "근접 무기",
    "WC_StormBolter_Description": "스톰 볼터는 그레이 나이트의 표준 [b:원거리 무기]다.",
    "EQUIPMENT_BONUS_TITLE_PassiveEquipmentSlot": "패시브 워기어",
    "EQUIPMENT_BONUS_TITLE_Knockback": "밀어내기",
    "EQUIPMENT_BONUS_TITLE_AutoExecutioner": "자동 - 처형인 ([g:{autoChance}%], [g:{autoUses}] / 턴)",
    "EQUIPMENT_BONUS_TITLE_AutoUsesAll": "강화된 반응",
    "EQUIPMENT_BONUS_TITLE_Overwatch": "경계",
    "EQUIPMENT_BONUS_TITLE_OverwatchDamage": "자동 사격",
    "EQUIPMENT_BONUS_TITLE_PsychicOnslaught": "사이킥 맹공격",
    "EQUIPMENT_BONUS_TITLE_PsychicOnslaughtStun": "사이킥 맹공격",
    "EQUIPMENT_BONUS_TITLE_DefendPosition": "위치 사수",
    "EQUIPMENT_BONUS_TITLE_EnhancedMobility": "강화된 이동성",
    "EQUIPMENT_BONUS_TITLE_AegisShieldArmour": "강화된 이지스 방패",
    "EQUIPMENT_BONUS_TITLE_KillXP": "고된 훈련",
    "EQUIPMENT_BONUS_TITLE_DaemonSlayer": "악마 살해자",
    "EQUIPMENT_BONUS_TITLE_MachineSlayer": "기계 살해자",
    "EQUIPMENT_BONUS_TITLE_OrganicSlayer": "이단 살해자",
    "EQUIPMENT_BONUS_TITLE_GrenadeAmmo": "수류탄 사용 횟수",
    "EQUIPMENT_BONUS_TITLE_GrenadeArea": "수류탄 범위",
    "EQUIPMENT_BONUS_TITLE_GrenadeDamage": "수류탄 피해량",
    "EQUIPMENT_BONUS_TITLE_GrenadeRange": "수류탄 사거리",
    "EQUIPMENT_BONUS_TITLE_SkullRange": "서보 스컬 사거리",
    "EQUIPMENT_BONUS_DESC_Crit": "이 무기의 치명타율은 [g:+{critChance}%] 입니다.",
    "EQUIPMENT_BONUS_DESC_ArmourPierce": "이 무기는 대상의 [b:장갑]을 무시합니다.",
    "EQUIPMENT_BONUS_DESC_Knockback": "대상이 현재 위치에서 뒤로 밀려납니다.",
    "EQUIPMENT_BONUS_DESC_Stun": "이 무기는 [g:+{stunBonus}] [b:기절] 피해를 입힙니다.",
    "WC_Narthecium_SubTitle": "근접 무기",
    "WC_WardingStave_SubTitle": "근접 무기",
    "WC_Crozius_SubTitle": "근접 무기",
    "WC_StormBolter": "스톰 볼터",
    "WC_StormBolter_SubTitle": "원거리 무기",
    "WC_Psycannon_SubTitle": "원거리 무기",
    "WC_Incinerator_SubTitle": "원거리 무기",
    "WC_Vakir_ArcheotechPistol_SubTitle": "원거리 무기",
    "WC_Psilencer_SubTitle": "원거리 무기",
    "WC_Vakir_PlasmaPistol_SubTitle": "원거리 무기",
    "WEAPON_TYPE_Ranged": "원거리 무기",
    "EQUIPMENT_BONUS_TITLE_Movement": "이동력",
    "EQUIPMENT_BONUS_TITLE_PsyPower": "집중",
    "EQUIPMENT_BONUS_TITLE_Resistance": "저항력",
    "EQUIPMENT_BONUS_TITLE_ImmuneDrained": "면역 (흡수)",
    "EQUIPMENT_BONUS_TITLE_ImmuneHazards": "면역 (위험 구역)",
    "EQUIPMENT_BONUS_TITLE_ImmuneImmobilized": "면역 (이동 불가)",
    "EQUIPMENT_BONUS_TITLE_ImmuneHobbled": "면역 (둔화)",
    "EQUIPMENT_BONUS_TITLE_ImmunePinned": "면역 (제압당함)",
    "EQUIPMENT_BONUS_TITLE_Penitent": "참회",
    "EQUIPMENT_BONUS_TITLE_BiomancyDuration": "바이오맨시 지속 시간",
    "EQUIPMENT_BONUS_TITLE_ForceStrikeDamage": "포스 타격",
    "EQUIPMENT_BONUS_TITLE_ForceStrikeDamageBonus": "포스 타격 보너스",
    "EQUIPMENT_BONUS_TITLE_PromethiumSpray": "프로메튬 분사",
    "EQUIPMENT_BONUS_TITLE_AfflictBleed": "{statusEffect}",
    "EQUIPMENT_BONUS_TITLE_AfflictBlinded": "{statusEffect}",
    "EQUIPMENT_BONUS_TITLE_AfflictCrazed": "{statusEffect}",
    "EQUIPMENT_BONUS_TITLE_AfflictEnraged": "{statusEffect}",
    "EQUIPMENT_BONUS_TITLE_AfflictFlame": "{statusEffect}",
    "EQUIPMENT_BONUS_TITLE_AfflictHobbled": "{statusEffect}",
    "EQUIPMENT_BONUS_TITLE_AfflictImmobilized": "{statusEffect}",
    "EQUIPMENT_BONUS_TITLE_AfflictPinned": "{statusEffect}",
    "EQUIPMENT_BONUS_TITLE_AfflictVulnerable": "{statusEffect}",
    "EQUIPMENT_BONUS_TITLE_AfflictWeakened": "{statusEffect}",
    "EQUIPMENT_BONUS_TITLE_Anchored": "고정됨",
    "EQUIPMENT_BONUS_TITLE_FlamesOfPurity": "순수의 화염",
    "EQUIPMENT_BONUS_TITLE_ScatterShot": "무차별 사격",
    "EQUIPMENT_BONUS_TITLE_DisruptShot": "방해사격",
    "EQUIPMENT_BONUS_TITLE_PrecisionTargeting": "정밀 조준",
    "EQUIPMENT_BONUS_TITLE_TacticalDreadnought": "택틱컬 드레드노트",
    "EQUIPMENT_BONUS_TITLE_AutoParry": "자동 - 쳐내기 ([g:{autoChance}%], [g:{autoUses}] / 턴)",
    "EQUIPMENT_BONUS_TITLE_AutoAegisReaction": "자동 - 이지스 반응 ([g:{autoChance}%])",
    "EQUIPMENT_BONUS_TITLE_AutoRighteous": "자동 - 올바름 ([g:{autoChance}%], [g:{autoUses}] / 턴)",
    "EQUIPMENT_BONUS_TITLE_AutoSnapFire": "자동 - 단발 사격 ([g:{autoChance}%], [g:{autoUses}] / 턴)",
    "EQUIPMENT_BONUS_TITLE_AutoIronWill": "자동 - 강철 의지 ([g:{autoChance}%], [g:{autoUses}] / 턴)",
    "EQUIPMENT_BONUS_TITLE_AutoFortitude": "자동 - 불굴의 용기 ([g:{autoChance}%], [g:{autoUses}] / 턴)",
    "EQUIPMENT_BONUS_TITLE_AutoInspired": "자동 - 탁월함 ([g:{autoChance}%], [g:{autoUses}] / 턴)",
    "EQUIPMENT_BONUS_TITLE_ForceStrikeCrit": "포스 타격",
    "EQUIPMENT_BONUS_TITLE_ForceStrikeAfflict": "포스 타격",
    "EQUIPMENT_BONUS_TITLE_ForceStrikeArmourPierce": "포스 타격",
    "EQUIPMENT_BONUS_TITLE_ForceStrikeArmourBreak": "포스 타격",
    "EQUIPMENT_BONUS_TITLE_ForceStrikeStun": "포스 타격",
    "EQUIPMENT_BONUS_TITLE_ForceStrikeMeleeBlast": "포스 타격",
    "EQUIPMENT_BONUS_TITLE_ForceStrikeMeleeBlastSilence": "포스 타격",
    "EQUIPMENT_BONUS_TITLE_ForceStrikeMeleeBlastPanic": "포스 타격",
    "EQUIPMENT_BONUS_TITLE_PsyBoltDamage": "사이볼트",
    "EQUIPMENT_BONUS_TITLE_PsyBoltCrit": "사이볼트",
    "EQUIPMENT_BONUS_TITLE_PsyBoltCritDamage": "사이볼트",
    "EQUIPMENT_BONUS_TITLE_PsyBoltArmourPierce": "사이볼트",
    "EQUIPMENT_BONUS_TITLE_PsyBoltStun": "사이볼트",
    "EQUIPMENT_BONUS_TITLE_PsyBoltAfflict": "사이볼트",
    "EQUIPMENT_BONUS_TITLE_BattlefieldMedicine": "발동 - 전장 약물",
    "EQUIPMENT_BONUS_TITLE_EnhancedLitanies": "강화된 기도",
    "EQUIPMENT_BONUS_TITLE_TacticalDreadnoughtNeg": "택틱컬 드레드노트",
    "EQUIPMENT_BONUS_TITLE_TacticalDreadnoughtPos": "택틱컬 드레드노트",
    "EQUIPMENT_BONUS_TITLE_HyperMetabolism": "강력한 신진대사",
    "EQUIPMENT_BONUS_DESC_AfflictBleed": "{statusEffectDescription}",
    "EQUIPMENT_BONUS_DESC_AfflictBlinded": "{statusEffectDescription}",
    "EQUIPMENT_BONUS_DESC_AfflictCrazed": "{statusEffectDescription}",
    "EQUIPMENT_BONUS_DESC_AfflictEnraged": "{statusEffectDescription}",
    "EQUIPMENT_BONUS_DESC_AfflictFlame": "{statusEffectDescription}",
    "EQUIPMENT_BONUS_DESC_AfflictHobbled": "{statusEffectDescription}",
    "EQUIPMENT_BONUS_DESC_AfflictImmobilized": "{statusEffectDescription}",
    "EQUIPMENT_BONUS_DESC_AfflictPinned": "{statusEffectDescription}",
    "EQUIPMENT_BONUS_DESC_AfflictVulnerable": "{statusEffectDescription}",
    "EQUIPMENT_BONUS_DESC_AfflictWeakened": "{statusEffectDescription}",
    "EQUIPMENT_BONUS_DESC_ImmuneDrained": "이 기사는 [b:흡수] 면역입니다.  기사는 적 공격에 [b:의지력]을 잃지 않습니다.",
    "EQUIPMENT_BONUS_DESC_ForceStrikeArmourPierce": "발동 시 근접 공격에 [b:장갑 관통]이 부여됩니다.",
    "EQUIPMENT_BONUS_TITLE_NoStun": "기절 없음",
    "EQUIPMENT_BONUS_TITLE_HagenPattern": "하겐 패턴",
    "EQUIPMENT_BONUS_TITLE_Bane": "살해자",
    "EQUIPMENT_BONUS_DESC_HP": "이 기사의 [b:최대 체력]은 [g:+{healthBonus}] 입니다.",
    "EQUIPMENT_BONUS_DESC_BiomancyDuration": "이 기사의 [b: 바이오맨시]는 [g:+{durationBonus}] 턴 동안 유지됩니다.",
    "EQUIPMENT_BONUS_DESC_ForceStrikeArmourBreak": "발동 시 근접 공격에 [g:{abilityArmourBreakBonus}] 장갑 파괴를 부여합니다.",
    "EQUIPMENT_BONUS_DESC_GrenadeAmmo": "이 기사의 [b:수류탄] 탄약이 [g:+{grenadeAmmoBonus}] 증가합니다.",
    "EQUIPMENT_BONUS_DESC_GrenadeArea": "이 기사의 [b:수류탄] 효과 범위가 [g:+{grenadeAreaBonus}] 증가합니다.",
    "EQUIPMENT_BONUS_DESC_GrenadeRange": "이 기사의 [b:수류탄] 사거리가 [g:+{grenadeRangeBonus}] 증가합니다.",
    "EQUIPMENT_BONUS_TITLE_UPGRADE_Damage": "피해 업그레이드",
    "EQUIPMENT_BONUS_TITLE_UPGRADE_CritDamage": "치명타 피해 업그레이드",
    "EQUIPMENT_BONUS_TITLE_UPGRADE_Crit": "치명타 업그레이드",
    "EQUIPMENT_BONUS_TITLE_UPGRADE_Ammo": "탄약 업그레이드",
    "EQUIPMENT_BONUS_TITLE_UPGRADE_Range": "사거리 업그레이드",
    "EQUIPMENT_BONUS_TITLE_UPGRADE_Armour": "장갑 업그레이드",
    "EQUIPMENT_BONUS_TITLE_UPGRADE_HP": "체력 업그레이드",
    "EQUIPMENT_BONUS_TITLE_UPGRADE_PsyPower": "집중 업그레이드",
    "EQUIPMENT_BONUS_TITLE_UPGRADE_Movement": "이동력 업그레이드",
    "EQUIPMENT_BONUS_TITLE_UPGRADE_WP": "의지력 업그레이드",
    "EQUIPMENT_BONUS_TITLE_UPGRADE_ArmourBreak": "장갑 파괴 업그레이드",
    "EQUIPMENT_BONUS_TITLE_UPGRADE_Knockback": "밀어내기 업그레이드",
    "EQUIPMENT_BONUS_TITLE_UPGRADE_Stun": "기절 업그레이드",
    "EQUIPMENT_BONUS_TITLE_UPGRADE_AfflictBleed": "{statusEffect}",
    "EQUIPMENT_BONUS_TITLE_UPGRADE_AfflictBlinded": "{statusEffect}",
    "EQUIPMENT_BONUS_TITLE_UPGRADE_AfflictEnraged": "{statusEffect}",
    "EQUIPMENT_BONUS_TITLE_UPGRADE_AfflictFlame": "{statusEffect}",
    "EQUIPMENT_BONUS_TITLE_UPGRADE_AfflictImmobilized": "{statusEffect}",
    "EQUIPMENT_BONUS_TITLE_UPGRADE_AfflictPinned": "{statusEffect}",
    "EQUIPMENT_BONUS_TITLE_UPGRADE_AfflictVulnerable": "{statusEffect}",
    "EQUIPMENT_BONUS_TITLE_UPGRADE_AfflictWeakened": "{statusEffect}",
    "EQUIPMENT_BONUS_TITLE_UPGRADE_AfflictDuration": "지속 시간 업그레이드",
    "EQUIPMENT_BONUS_TITLE_UPGRADE_ImmuneDrained": "면역 (흡수)",
    "EQUIPMENT_BONUS_TITLE_UPGRADE_ImmuneHazards": "면역 (위험 구역)",
    "EQUIPMENT_BONUS_TITLE_UPGRADE_BiomancyDuration": "바이오맨시 업그레이드",
    "EQUIPMENT_BONUS_TITLE_UPGRADE_AutoUsesFirstStrike": "자동 업그레이드",
    "EQUIPMENT_BONUS_TITLE_UPGRADE_AutoUsesParry": "자동 업그레이드",
    "EQUIPMENT_BONUS_TITLE_UPGRADE_AutoUsesRighteous": "자동 업그레이드",
    "EQUIPMENT_BONUS_TITLE_UPGRADE_AutoUsesAll": "강화된 반응",
    "EQUIPMENT_BONUS_TITLE_UPGRADE_AutoChanceAegisReaction": "자동 업그레이드",
    "EQUIPMENT_BONUS_TITLE_UPGRADE_AutoChanceIronWill": "자동 업그레이드",
    "EQUIPMENT_BONUS_TITLE_UPGRADE_AutoChanceRapidReload": "자동 업그레이드",
    "EQUIPMENT_BONUS_TITLE_UPGRADE_AutoFortitude": "자동 - 불굴의 용기 ([g:{autoChance}%], [g:{autoUses}] / 턴",
    "EQUIPMENT_BONUS_TITLE_UPGRADE_AutoAPExecutioner": "자동 업그레이드",
    "EQUIPMENT_BONUS_TITLE_UPGRADE_ForceStrikeCrit": "치명타 업그레이드",
    "EQUIPMENT_BONUS_TITLE_UPGRADE_ForceStrikeAfflict": "{statusEffect}",
    "EQUIPMENT_BONUS_TITLE_UPGRADE_ForceStrikeDamage": "피해 업그레이드",
    "EQUIPMENT_BONUS_TITLE_UPGRADE_ForceStrikeDamageBonus": "피해 업그레이드",
    "EQUIPMENT_BONUS_TITLE_UPGRADE_ForceStrikeStun": "기절 업그레이드",
    "EQUIPMENT_BONUS_TITLE_UPGRADE_ForceStrikeArmourBreak": "장갑 파괴 업그레이드",
    "EQUIPMENT_BONUS_TITLE_UPGRADE_ForceStrikeMeleeBlastRadius": "범위 업그레이드",
    "EQUIPMENT_BONUS_TITLE_UPGRADE_PsyBoltDamage": "피해 업그레이드",
    "EQUIPMENT_BONUS_TITLE_UPGRADE_PsyBoltCrit": "치명타 업그레이드",
    "EQUIPMENT_BONUS_TITLE_UPGRADE_PsyBoltCritDamage": "치명타 피해 업그레이드",
    "EQUIPMENT_BONUS_TITLE_UPGRADE_PsyBoltStun": "기절 업그레이드",
    "EQUIPMENT_BONUS_TITLE_UPGRADE_PsyBoltAfflictDuration": "지속 시간 업그레이드",
    "EQUIPMENT_BONUS_TITLE_UPGRADE_PsychicOnslaughtDamage": "피해 업그레이드",
    "EQUIPMENT_BONUS_TITLE_UPGRADE_PsychicOnslaughtArea": "범위 업그레이드",
    "EQUIPMENT_BONUS_TITLE_UPGRADE_PromethiumSprayDuration": "지속 시간업그레이드",
    "EQUIPMENT_BONUS_TITLE_UPGRADE_DisruptShotIgnoreCover": "조준 업그레이드",
    "EQUIPMENT_BONUS_TITLE_UPGRADE_FlamesOfPurityDamage": "피해 업그레이드",
    "EQUIPMENT_BONUS_TITLE_UPGRADE_BattlefieldMedicineHeal": "치료 업그레이드",
    "EQUIPMENT_BONUS_TITLE_UPGRADE_ScatterShotRange": "사거리 업그레이드",
    "EQUIPMENT_BONUS_TITLE_UPGRADE_AegisShieldArmour": "강화된 이지스 실드",
    "EQUIPMENT_BONUS_TITLE_UPGRADE_Bane": "치명타 업그레이드",
    "EQUIPMENT_BONUS_TITLE_UPGRADE_HagenPattern": "치명타 업그레이드",
    "EQUIPMENT_BONUS_TITLE_UPGRADE_DaemonSlayer": "피해 업그레이드",
    "EQUIPMENT_BONUS_TITLE_UPGRADE_MachineSlayer": "피해 업그레이드",
    "EQUIPMENT_BONUS_TITLE_UPGRADE_OrganicSlayer": "피해 업그레이드",
    "EQUIPMENT_BONUS_TITLE_UPGRADE_OverwatchRange": "사거리 업그레이드",
    "EQUIPMENT_BONUS_TITLE_UPGRADE_SkullAmmo": "서보 스컬 사용 횟수 업그레이드",
    "EQUIPMENT_BONUS_TITLE_UPGRADE_SkullRange": "서보 스컬 사거리 업그레이드",
    "EQUIPMENT_BONUS_TITLE_UPGRADE_GrenadeAmmo": "수류탄 사용 횟수 업그레이드",
    "EQUIPMENT_BONUS_TITLE_UPGRADE_GrenadeArea": "수류탄 범위 업그레이드",
    "EQUIPMENT_BONUS_TITLE_UPGRADE_GrenadeRange": "수류탄 사거리 업그레이드",
    "EQUIPMENT_BONUS_DESC_UPGRADE_Damage": "이 무기의 피해가 [g:+{damage}] 증가합니다.",
    "EQUIPMENT_BONUS_DESC_UPGRADE_Resistance": "이 기사의 [b:저항력]이 [g:+{resistanceAmount}%] 증가합니다.",
    "EQUIPMENT_BONUS_DESC_UPGRADE_CritDamage": "이 무기의 치명타 피해가 [g:+{critDamage}] 증가합니다.",
    "EQUIPMENT_BONUS_DESC_UPGRADE_Ammo": "이 무기의 탄약이 [g:+{ammoBonus}] 증가합니다.",
    "EQUIPMENT_BONUS_DESC_UPGRADE_Range": "이 무기의 사거리가 [g:+{range}] 증가합니다.",
    "EQUIPMENT_BONUS_DESC_UPGRADE_Armour": "이 기사의 [b:장갑]이 [g:+{armourBonus}] 증가합니다.",
    "EQUIPMENT_BONUS_DESC_UPGRADE_PsyPower": "이 기사의 [b:집중]이 [g:+{psyPower}%] 증가합니다.",
    "EQUIPMENT_BONUS_DESC_UPGRADE_WP": "이 기사의 최대 의지력이 [g:+{willpowerAmount}] 증가합니다.",
    "EQUIPMENT_BONUS_DESC_UPGRADE_PassiveEquipmentSlot": "이 기사가 추가 [b:패시브 장비 칸]을 1 얻습니다.",
    "EQUIPMENT_BONUS_DESC_UPGRADE_ArmourBreak": "이 무기는 {instantEffect} 효과를 얻습니다.",
    "EQUIPMENT_BONUS_DESC_UPGRADE_Stun": "이 무기는 [g:+{stunBonus}] [b:기절] 피해를 입힙니다.",
    "EQUIPMENT_BONUS_DESC_UPGRADE_AfflictBleed": "{statusEffectDescription}",
    "EQUIPMENT_BONUS_DESC_UPGRADE_AfflictFlame": "{statusEffectDescription}",
    "EQUIPMENT_BONUS_DESC_UPGRADE_AfflictHobbled": "{statusEffectDescription}",
    "EQUIPMENT_BONUS_DESC_UPGRADE_AfflictImmobilized": "{statusEffectDescription}",
    "EQUIPMENT_BONUS_DESC_UPGRADE_AfflictPinned": "{statusEffectDescription}",
    "EQUIPMENT_BONUS_DESC_UPGRADE_AfflictVulnerable": "{statusEffectDescription}",
    "EQUIPMENT_BONUS_DESC_UPGRADE_AfflictWeakened": "{statusEffectDescription}",
    "EQUIPMENT_BONUS_DESC_UPGRADE_ImmuneHazards": "이 기사는 [b:위험 구역] 면역을 얻습니다.  기사는 위험 구역로부터 피해를 받지 않습니다.",
    "EQUIPMENT_BONUS_DESC_UPGRADE_ImmuneImmobilized": "이 기사는 [b:Immobilized] 면역을 얻습니다.  기사는 해당 상태이상에 영향을 받지 않습니다.",
    "EQUIPMENT_BONUS_DESC_UPGRADE_BiomancyDuration": "이 기사의 [b:바이오맨시]는 [g:+{durationBonus}] 턴 동안 지속됩니다.",
    "EQUIPMENT_BONUS_DESC_UPGRADE_AutoUsesParry": "이 자동 기능의 턴당 사용 횟수가 [g:+{autoUses}] 증가합니다.",
    "EQUIPMENT_BONUS_DESC_UPGRADE_AutoUsesRighteous": "이 자동 기능의 턴당 사용 횟수가 [g:+{autoUses}] 증가합니다.",
    "EQUIPMENT_BONUS_DESC_UPGRADE_AfflictApply": "이 상태이상의 발동 확률이 [g:+{effectChance}%] 증가합니다.",
    "EQUIPMENT_BONUS_DESC_UPGRADE_AutoUsesAll": "이 기사의 모든 [b:자동] 능력 사용 횟수가 턴당 [g:+{autoUses}] 회 증가합니다.",
    "EQUIPMENT_BONUS_DESC_UPGRADE_AutoChanceAegisReaction": "이 자동 기능의 발동 확률이 [g:+{autoChance}%] 증가합니다.",
    "EQUIPMENT_BONUS_DESC_UPGRADE_AutoChanceIronWill": "이 자동 기능의 발동 확률이 [g:+{autoChance}%] 증가합니다.",
    "EQUIPMENT_BONUS_DESC_UPGRADE_AutoChanceSnapFire": "이 자동 기능의 발동 확률이 [g:+{autoChance}%] 증가합니다.",
    "WEAPON_TYPE_Melee": "근접 무기",
    "EQUIPMENT_BONUS_DESC_ArmourBreak": "이 무기는 {instantEffect} 효과를 줍니다.  적중 시 피격 대상은 [b:장갑]을 잃습니다.",
    "EQUIPMENT_BONUS_DESC_SkullAmmo": "이 기사의 [b:서보 스컬] 사용량이 [g:+{servoSkullUses}] 증가합니다.",
    "EQUIPMENT_BONUS_DESC_SkullRange": "이 기사의 [b:서보 스컬] 사거리가 [g:+{servoSkullRange}] 증가합니다.",
    "EQUIPMENT_BONUS_DESC_GrenadeDamage": "이 기사의 [b:수류탄] 피해량이 [g:+{grenadeDamageBonus}] 증가합니다.",
    "EQUIPMENT_BONUS_DESC_HyperMetabolism": "이 기사는 이번 전투에서 [b:치료] 능력의 대상이 되면 [b:최대 체력]을 잃지 않습니다.",
    "EQUIPMENT_BONUS_TITLE_UPGRADE_Resistance": "저항력 업그레이드",
    "EQUIPMENT_BONUS_TITLE_UPGRADE_PassiveEquipmentSlot": "패시브 워기어",
    "EQUIPMENT_BONUS_TITLE_UPGRADE_AfflictHobbled": "{statusEffect}",
    "EQUIPMENT_BONUS_TITLE_UPGRADE_ImmuneImmobilized": "면역 (이동 불가)",
    "EQUIPMENT_BONUS_TITLE_UPGRADE_AutoChanceSnapFire": "자동 업그레이드",
    "EQUIPMENT_BONUS_TITLE_UPGRADE_ForceStrikeAfflictPinned": "[b:제압] 효과 [g:+{abilityEffectChance}%] 발동 업그레이드",
    "EQUIPMENT_BONUS_TITLE_UPGRADE_PsyBoltArmourBreak": "장갑 파괴 업그레이드",
    "EQUIPMENT_BONUS_TITLE_UPGRADE_PsychicOnslaughtBonusStun": "기절 업그레이드",
    "EQUIPMENT_BONUS_TITLE_UPGRADE_KillXP": "경험치 업그레이드",
    "EQUIPMENT_BONUS_TITLE_UPGRADE_OverwatchDamage": "피해 업그레이드",
    "EQUIPMENT_BONUS_TITLE_UPGRADE_GrenadeDamage": "수류탄 피해 업그레이드",
    "EQUIPMENT_BONUS_DESC_UPGRADE_Movement": "이 기사의 이동력이 [g:+{movementBonus}] 증가합니다.",
    "EQUIPMENT_BONUS_DESC_UPGRADE_Crit": "이 무기의 치명타율이 [g:+{critChance}%] 증가합니다.",
    "EQUIPMENT_BONUS_DESC_UPGRADE_HP": "이 기사의 [b:최대 체력]이 [g:+{healthBonus}] 증가합니다.",
    "EQUIPMENT_BONUS_DESC_UPGRADE_Knockback": "대상은 현재 위치에서 뒤로 밀려납니다.",
    "EQUIPMENT_BONUS_DESC_UPGRADE_AfflictBlinded": "{statusEffectDescription}",
    "EQUIPMENT_BONUS_DESC_UPGRADE_AfflictEnraged": "{statusEffectDescription}",
    "EQUIPMENT_BONUS_DESC_UPGRADE_AfflictDuration": "이 상태이상의 지속시간이 [g:+{effectDuration}] 턴 증가합니다.",
    "EQUIPMENT_BONUS_DESC_UPGRADE_ImmuneDrained": "이 기사는 [b:흡수] 면역을 얻습니다.  기사는 적의 공격에 [b:의지력]을 잃지 않습니다.",
    "EQUIPMENT_BONUS_DESC_UPGRADE_AutoUsesFirstStrike": "이 자동 기능의 턴당 사용 횟수가 [g:+{autoUses}] 증가합니다.",
    "EQUIPMENT_BONUS_DESC_UPGRADE_AutoRighteous": "이 기사의 근접 공격이 치명타로 적중하면 [g:{autoChance}%] 확률로 [g:+{abilityAP}] 행동력을 얻습니다.",
    "EQUIPMENT_BONUS_DESC_UPGRADE_Purge": "이 상태이상의 적용 확률이 [g:+{procChance}%] 증가합니다.",
    "EQUIPMENT_BONUS_DESC_UPGRADE_AutoChanceRapidReload": "이 자동 기능의 발동 확률이 [g:+{autoChance}%] 증가합니다.",
    "EQUIPMENT_BONUS_DESC_Resistance": "이 기사의 [b:저항력]이 [g:+{resistanceAmount}%] 증가합니다. 저항력은 상태 이상에 저항할 확률을 증가시킵니다.",
    "EQUIPMENT_BONUS_DESC_PsyPower": "이 기사의 [b:집중]은 [g:+{psyPower}%] 입니다. 집중은 상태이상과 자동 시전을 발동할 확률을 증가시킵니다.",
    "EQUIPMENT_BONUS_DESC_Movement": "이 기사의 이동력이 [g:+{movementBonus}] 증가합니다.",
    "EQUIPMENT_BONUS_DESC_WP": "이 기사의 최대 의지력이 [g:+{willpowerAmount}] 증가합니다.  [b:의지력]은 액티브 능력에 사용됩니다.",
    "EQUIPMENT_BONUS_DESC_Armour": "이 기사의 [b:장갑]이 [g:+{armourBonus}] 증가합니다.",
    "EQUIPMENT_BONUS_DESC_AP": "이 기사는 매 턴마다 [g:+{numAP}] 행동력을 얻습니다.",
    "EQUIPMENT_BONUS_DESC_ForceStrikeMeleeBlastPanic": "발동 시 근접 공격이 대상 주변 [g:{abilityRadius}] 범위의 폭발로 변환됩니다.  {statusEffect}.",
    "EQUIPMENT_BONUS_DESC_PsyBoltDamage": "발동 시 원거리 공격의 피해가 [g:+{abilityBonusDamage}] 증가합니다.",
    "EQUIPMENT_BONUS_DESC_PsyBoltCrit": "발동 시 원거리 공격의 치명타율이 [g:+{abilityBonusCrit}%] 증가합니다.",
    "EQUIPMENT_BONUS_DESC_PsyBoltCritDamage": "발동시 원거리 공격의 치명타 피해가 [g:+{abilityBonusCritDamage}] 증가합니다.",
    "EQUIPMENT_BONUS_DESC_PsyBoltStun": "발동 시 원거리 공격에 [g:+{abilityStunBonus}] [b:기절] 피해를 부여합니다.",
    "EQUIPMENT_BONUS_DESC_PsyBoltAfflict": "발동 시 {statusEffect}를 부여합니다.  {statusEffectDescription}",
    "EQUIPMENT_BONUS_DESC_FlamesOfPurity": "발동 시 소모한 탄약 [g:2]발 당 피해를 [g:+{bonusDamage}] 줍니다.  [g:모든] 탄약을 소모합니다.",
    "EQUIPMENT_BONUS_DESC_Overwatch": "사거리 [g:{overwatchRange}], 각도 [g:{coneAngle}]의 경계 구역을 설정합니다.  범위 내에서 움직이는 대상을 사격합니다. 턴을 마칩니다.",
    "EQUIPMENT_BONUS_DESC_OverwatchDamage": "이 기사의 경계 능력의 사격 당 피해가 [g:+{overwatchDamage}] 증가합니다.",
    "EQUIPMENT_BONUS_DESC_ScatterShot": "[g:{abilityAngle}] 각도 [g:{abilityRange}] 거리에 무차별 사격을 발동하고 [g:2] 탄약 당 [g:+{bonusDamage}] 추가 피해를 입힙니다. [g:모든] 탄약을 소모합니다.",
    "EQUIPMENT_BONUS_DESC_DisruptShot": "발동 시 원거리 공격에 {abilityStatusEffect} 효과를 부여합니다.",
    "EQUIPMENT_BONUS_DESC_PsychicOnslaught": "발동 시 [g:{abilityRadius}] 범위에 [g:{abilityAoEDamage}] 폭발 피해를 입힙니다. [b:기절 없음].",
    "EQUIPMENT_BONUS_DESC_PsychicOnslaughtStun": "발동 시 [g:{abilityRadius}] 범위에 [g:{abilityAoEDamage}] 폭발 피해를 입힙니다.",
    "EQUIPMENT_BONUS_DESC_BattlefieldMedicine": "[g:{abilityRange}] 거리 내에 대상이 되는 기사에게 {abilityInstantEffect} 효과를 부여합니다.",
    "EQUIPMENT_BONUS_DESC_PrecisionTargeting": "이 무기의 공격이 치명타로 적중하면 대상의 신체 부위를 선택해 파괴할 수 있습니다.",
    "EQUIPMENT_BONUS_DESC_DefendPosition": "장갑을 [g:+{abilityArmour}] 얻습니다.  [g:1] 턴 동안 [g:{abilityAutoRadius}] 범위의 구역을 지정합니다.  지정된 구역의 아군에게 적이 접근하면 피해를 [g:{abilityAutoDamage}] 줍니다.  [b:밀어내기].",
    "EQUIPMENT_BONUS_DESC_EnhancedLitanies": "이 채플린은 [b:기도]를 유지하기 위한 의지력을 소모하지 않습니다.",
    "EQUIPMENT_BONUS_DESC_TacticalDreadnought": "이 기사는 같은 크기의 적이 주는 [b:밀어내기] 효과에 면역입니다.",
    "EQUIPMENT_BONUS_DESC_TacticalDreadnoughtNeg": "이 기사의 이동력이 [r:{movementBonus}] 감소하고 공격에 의한 [b:밀어내기]에 면역이 됩니다.",
    "EQUIPMENT_BONUS_DESC_TacticalDreadnoughtPos": "이 기사의 이동력이 [g:+{movementBonus}] 증가하고 공격에 의한 [b:밀어내기]에 면역이 됩니다.",
    "EQUIPMENT_BONUS_DESC_EnhancedMobility": "파워 아머를 입은 기사는 자신보다 높은 장애물을 오를 수 있습니다.",
    "EQUIPMENT_BONUS_DESC_AegisShieldArmour": "이 기사의 [b:이지스 실드]가 제공하는 [b:장갑]이 [g:+{armourBonus}] 증가합니다.",
    "EQUIPMENT_BONUS_DESC_KillXP": "이 기사는 적 사살 시 [b:경험치]를 [g:+{xpKillBonus}%] 얻습니다.",
    "EQUIPMENT_BONUS_DESC_NoStun": "이 무기는 기절 피해를 줄 수 없습니다.",
    "EQUIPMENT_BONUS_DESC_HagenPattern": "[b:유기체]를 대상으로 한 이 무기의 치명타율이 [g:+{bodyTypeCritChance}%] 증가합니다.",
    "EQUIPMENT_BONUS_DESC_DaemonSlayer": "[b:악마] 를 대상으로 한 이 무기의 피해량이 [g:+{bodyTypeDamage}] 증가합니다.",
    "EQUIPMENT_BONUS_DESC_MachineSlayer": "[b:기계]를 대상으로 한 이 무기의 피해량이 [g:+{bodyTypeDamage}] 증가합니다.",
    "EQUIPMENT_BONUS_DESC_OrganicSlayer": "[b:유기체]를 대상으로 한 이 무기의 피해량이 [g:+{bodyTypeDamage}] 증가합니다.",
    "EQUIPMENT_BONUS_TITLE_UPGRADE_Arc": "각도 업그레이드",
    "EQUIPMENT_BONUS_TITLE_UPGRADE_Purge": "제거 업그레이드",
    "EQUIPMENT_BONUS_TITLE_UPGRADE_AfflictApply": "상태 이상 업그레이드",
    "EQUIPMENT_BONUS_TITLE_UPGRADE_AutoRighteous": "자동 - 옳음 ([g:{autoChance}%], [g:{autoUses}] / 턴)",
    "EQUIPMENT_BONUS_TITLE_UPGRADE_ScatterShotArc": "각도 업그레이드",
    "EQUIPMENT_BONUS_DESC_UPGRADE_Arc": "이 무기의 공격 범위가 [g:+{coneAngle}] 증가합니다.",
    "EQUIPMENT_BONUS_DESC_UPGRADE_PsyBoltDamage": "이 사이볼트의 피해가 [g:+{abilityBonusDamage}] 증가합니다.",
    "EQUIPMENT_BONUS_DESC_UPGRADE_PsyBoltCrit": "이 사이볼트의 치명타율이 [g:+{abilityBonusCrit}%] 증가합니다.",
    "EQUIPMENT_BONUS_DESC_UPGRADE_PsyBoltCritDamage": "이 사이볼트의 치명타 피해가 [g:+{abilityBonusCritDamage}] 증가합니다.",
    "EQUIPMENT_BONUS_DESC_UPGRADE_PsyBoltStun": "이 사이볼트에 [g:+{abilityStunBonus}] 기절 피해를 부여합니다.",
    "EQUIPMENT_BONUS_DESC_UPGRADE_PsyBoltArmourBreak": "이 사이볼트에 [g:+{abilityArmourBreakBonus}] 장갑 파괴를 부여합니다.",
    "EQUIPMENT_BONUS_DESC_UPGRADE_PsychicOnslaughtArea": "폭발 공격의 범위가 [g:+{abilityRadius}] 증가합니다.",
    "EQUIPMENT_BONUS_DESC_UPGRADE_PsychicOnslaughtBonusStun": "폭발 공격이 [g:+{abilityStunBonus}] 기절 피해를 입힙니다.",
    "EQUIPMENT_BONUS_DESC_UPGRADE_PromethiumSprayDuration": "위험 구역 지속시간이 [g:+{abilityDuration}] 턴 증가합니다.",
    "EQUIPMENT_BONUS_DESC_UPGRADE_FlamesOfPurityDamage": "이 능력의 [g:1] 탄약당 피해가 [g:+{bonusDamage}] 증가합니다.",
    "EQUIPMENT_BONUS_DESC_UPGRADE_BattlefieldMedicineHeal": "전장 약물의 [b:치료]양이 [g:+{healAmount}] 증가합니다.",
    "EQUIPMENT_BONUS_DESC_UPGRADE_ScatterShotRange": "무차별 사격의 사거리가 [g:+{abilityRange}] 증가합니다.",
    "EQUIPMENT_BONUS_DESC_UPGRADE_AegisShieldArmour": "이 기사의 [b:이지스 실드]가 제공하는 [b:장갑]이 [g:+{abilityArmour}] 증가합니다.",
    "EQUIPMENT_BONUS_DESC_UPGRADE_KillXP": "이 기사는 적 사살 시 [g:+{xpKillBonus}%] 추가 [b:경험치]를 얻습니다.",
    "EQUIPMENT_BONUS_DESC_UPGRADE_HagenPattern": "[b:유기체] 를 대상으로 한 이 무기의 치명타율이 [g:+{bodyTypeCritChance}%] 증가합니다.",
    "EQUIPMENT_BONUS_DESC_UPGRADE_DaemonSlayer": "[b:악마]를 대상으로 한 이 무기의 피해량이 [g:+{bodyTypeDamage}] 증가합니다.",
    "EQUIPMENT_BONUS_DESC_UPGRADE_OrganicSlayer": "[b:유기체] 를 대상으로 한 이 무기의 피해량이 [g:+{bodyTypeDamage}] 증가합니다.",
    "EQUIPMENT_BONUS_DESC_UPGRADE_OverwatchRange": "경계 사격의 사거리가 [g:+{overwatchRange}] 증가합니다.",
    "EQUIPMENT_BONUS_DESC_UPGRADE_OverwatchDamage": "경계 사격의 피해량이 [g:+{overwatchDamage}] 증가합니다.",
    "EQUIPMENT_BONUS_DESC_UPGRADE_SkullRange": "이 기사의 [b:서보 스컬]은 사거리가 [g:+{servoSkullRange}] 증가합니다.",
    "EQUIPMENT_BONUS_DESC_UPGRADE_GrenadeAmmo": "이 기사의 [b:수류탄] 사용 횟수가 [g:+{grenadeAmmoBonus}] 증가합니다.",
    "EQUIPMENT_BONUS_DESC_UPGRADE_GrenadeDamage": "이 기사의 [b:수류탄]은 피해량이 [g:+{grenadeDamageBonus}] 증가합니다.",
    "EQUIPMENT_BONUS_DESC_UPGRADE_GrenadeRange": "이 기사의 [b:수류탄]은 사거리가 [g:+{grenadeRangeBonus}] 증가합니다.",
    "EQUIPMENT_BONUS_DESC_UPGRADE_APPEND_DisruptShotIgnoreCover": "([g:엄폐]) [b:무시].",
    "EQUIPMENT_StormShield": "폭풍 방패",
    "EQUIPMENT_Shield_Tank_1": "타이탄의 경비",
    "EQUIPMENT_Shield_Tank_3": "타이탄의 방패",
    "EQUIPMENT_Shield_Parry_1": "타이탄의 수호자",
    "EQUIPMENT_Shield_Parry_3": "판결의 거울",
    "EQUIPMENT_Shield_Resistance_2": "깜빡임의 방패",
    "EQUIPMENT_Shield_Willpower_2": "갈라르의 영혼",
    "EQUIPMENT_Shield_Willpower_3": "소울가드",
    "EQUIPMENT_Shield_Everything_3": "인류의 수호자",
    "EQUIPMENT_ForceSword": "포스 검",
    "EQUIPMENT_Sword_Damage_1": "지옥의 칼날",
    "EQUIPMENT_Sword_Damage_2": "버림받은 자의 칼날",
    "EQUIPMENT_Sword_Parry_1": "드라이스탠의 발톱",
    "EQUIPMENT_Sword_Parry_2": "드라수스의 검",
    "EQUIPMENT_Sword_Crit_2": "회색 칼날",
    "EQUIPMENT_Sword_Crit_3": "울부짖는 칼날",
    "EQUIPMENT_Sword_Trainer_1": "조정자",
    "EQUIPMENT_Sword_Auto_2": "낮의 검",
    "EQUIPMENT_Marketing_Sword_1": "아리온",
    "EQUIPMENT_Marketing_Sword_2": "거짓 식칼",
    "EQUIPMENT_Marketing_Sword_3": "고통",
    "EQUIPMENT_Marketing_Sword_Ectar": "엑타르의 낙인",
    "EQUIPMENT_Marketing_Sword_Darig": "다리그의 칼날",
    "EQUIPMENT_Halberd": "할버드",
    "EQUIPMENT_Halberd_Damage_1": "발렌",
    "EQUIPMENT_Halberd_Damage_3": "리칸토르",
    "EQUIPMENT_Halberd_FirstStrike_1": "파멸의 창",
    "EQUIPMENT_Halberd_FirstStrike_2": "빛을 노래하는 자",
    "EQUIPMENT_Halberd_FirstStrike_3": "타이탄의 분노",
    "EQUIPMENT_Halberd_DaemonAxe_2": "악마 살해자",
    "EQUIPMENT_Halberd_DaemonAxe_3": "악마 가죽벗기개",
    "EQUIPMENT_Halberd_ForceStriker_2": "별 살해자",
    "EQUIPMENT_Halberd_Cleaver_1": "경멸",
    "EQUIPMENT_Halberd_Cleaver_3": "창백함",
    "EQUIPMENT_Halberd_Executioner_2": "종말을 가져오는자",
    "EQUIPMENT_Marketing_Halberd_Ectar": "엑타르의 손길",
    "EQUIPMENT_Falchions": "팔치온",
    "EQUIPMENT_Falchions_Bleed_1": "감찰관",
    "EQUIPMENT_Falchions_Bleed_2": "임페라토르",
    "EQUIPMENT_Falchions_Pinned_3": "흉포",
    "EQUIPMENT_Falchions_Armour_Pierce_1": "엘린의 칼날",
    "EQUIPMENT_Falchions_Armour_Pierce_2": "데이모스의 가시",
    "EQUIPMENT_Falchions_Crit_2": "신념",
    "EQUIPMENT_Falchions_Crit_3": "오젠의 칙명",
    "EQUIPMENT_Falchions_Weakener_1": "은 낙인",
    "EQUIPMENT_Falchions_Weakener_2": "충실함",
    "EQUIPMENT_Falchions_Finisher_2": "비애",
    "EQUIPMENT_DaemonHammer": "악마 망치",
    "EQUIPMENT_Hammer_Crit_Damage_1": "선택받은 자의 망치",
    "EQUIPMENT_Hammer_Crit_Damage_2": "레가토의 지배",
    "EQUIPMENT_Hammer_Crit_Damage_3": "마지막 정의",
    "EQUIPMENT_Hammer_Stun_1": "자비",
    "EQUIPMENT_Hammer_Stun_2": "신앙의 시험",
    "EQUIPMENT_Hammer_Machine_Killer_3": "절멸자",
    "EQUIPMENT_Hammer_Knockback_1": "타이탄의 강타",
    "EQUIPMENT_Hammer_Knockback_2": "타이탄의 망치",
    "EQUIPMENT_Hammer_Silencer_3": "워프 파쇄자",
    "EQUIPMENT_Hammer_Crysylix_3": "크라이실릭스의 파괴자",
    "EQUIPMENT_Marketing_Halberd_Darig": "다리그의 손길",
    "EQUIPMENT_Marketing_Falchions_Darig": "다리그의 팔치온",
    "EQUIPMENT_Narthecium": "나르테시움",
    "EQUIPMENT_Narthecium_HumanKiller_1": "구원",
    "EQUIPMENT_Narthecium_HumanKiller_3": "영광의 증명",
    "EQUIPMENT_Narthecium_Purge_1": "퇴마",
    "EQUIPMENT_Narthecium_Purge_2": "알반의 바늘",
    "EQUIPMENT_Narthecium_ArmourDrill_1": "고통의 끝",
    "EQUIPMENT_Narthecium_ArmourDrill_2": "아스토카르의 드릴",
    "EQUIPMENT_Narthecium_ArmourDrill_3": "타이탄의 파문",
    "EQUIPMENT_Narthecium_BattlefieldMedicine_1": "타우마의 연고",
    "EQUIPMENT_Narthecium_BattlefieldMedicine_2": "생명부여자",
    "EQUIPMENT_Marketing_Narthecium_Ectar": "연고",
    "EQUIPMENT_Marketing_Narthecium_Darig": "배달자",
    "EQUIPMENT_WardingStave": "보호 지팡이",
    "EQUIPMENT_WardingStave_Aegis_2": "헤라쿠스의 지팡이",
    "EQUIPMENT_WardingStave_Aegis_3": "선조의 지팡이",
    "EQUIPMENT_WardingStave_Aegis_Shield_3": "관문고정기",
    "EQUIPMENT_WardingStave_Resistance_1": "희망의 지팡이",
    "EQUIPMENT_WardingStave_Resistance_2": "법의 균형",
    "EQUIPMENT_WardingStave_Resistance_3": "불굴의 용기",
    "EQUIPMENT_WardingStave_Focus_2": "렐의 신부",
    "EQUIPMENT_WardingStave_Focus_3": "카이의 환기",
    "EQUIPMENT_WardingStave_Willpower_1": "엔발의 천국",
    "EQUIPMENT_WardingStave_Willpower_2": "갈등파괴자",
    "EQUIPMENT_WardingStave_Willpower_3": "패권의 지팡이",
    "EQUIPMENT_Marketing_WardingStave_Ectar": "액타르의 지팡이",
    "EQUIPMENT_Marketing_WardingStave_Darig": "오세우스의 보호",
    "EQUIPMENT_Crozius": "크로지우스",
    "EQUIPMENT_Crozius_Vulnerable_2": "교리문답기",
    "EQUIPMENT_Crozius_Vulnerable_3": "은빛 철퇴",
    "EQUIPMENT_Crozius_Fearsome_3": "공포의 철퇴",
    "EQUIPMENT_Crozius_Inspire_2": "영광의 업적",
    "EQUIPMENT_Crozius_ConduitOfHate_3": "분명한 낱말",
    "EQUIPMENT_Crozius_Litanies_3": "올바름의 망치",
    "EQUIPMENT_Marketing_Crozius_Ectar": "용감한 자",
    "EQUIPMENT_Marketing_Crozius_Darig": "지휘권",
    "EQUIPMENT_StormBolter_Damage_1": "에데온의 선물",
    "EQUIPMENT_StormBolter_Damage_2": "은화살",
    "EQUIPMENT_StormBolter_Damage_3": "누이의 눈물",
    "EQUIPMENT_StormBolter_Ammo_1": "신조",
    "EQUIPMENT_StormBolter_Ammo_2": "선의 영광",
    "EQUIPMENT_StormBolter_Ammo_3": "영원한 분노",
    "EQUIPMENT_StormBolter_Range_1": "진실의 화살",
    "EQUIPMENT_StormBolter_Range_2": "이단의 한탄",
    "EQUIPMENT_Marketing_Hammer_Darig": "다리그의 규율",
    "EQUIPMENT_StormBolter_Crit_3": "정복자",
    "EQUIPMENT_StormBolter_Crit_Superior_1": "복수",
    "EQUIPMENT_StormBolter_Overwatch_1": "데이모스의 분노",
    "EQUIPMENT_StormBolter_Overwatch_2": "폐허의 목격자",
    "EQUIPMENT_StormBolter_Overwatch_3": "팔리안의 영혼",
    "EQUIPMENT_StormBolter_Armour_Pierce_1": "자릭의 사냥꾼",
    "EQUIPMENT_StormBolter_Armour_Pierce_2": "끔찍한 타격",
    "EQUIPMENT_StormBolter_Armour_Pierce_3": "뼈마르개",
    "EQUIPMENT_StormBolter_Stun_1": "영혼의 타오름",
    "EQUIPMENT_StormBolter_Psybolt_1": "아우렐리안의 평결",
    "EQUIPMENT_StormBolter_Psybolt_2": "죽음생성자",
    "EQUIPMENT_StormBolter_Reload_2": "갈란의 우아함",
    "EQUIPMENT_StormBolter_Reload_3": "포로스의 분노",
    "EQUIPMENT_StormBolter_DaemonKiller_2": "워프살해자",
    "EQUIPMENT_StormBolter_ArmourBreak_1": "맹세수호자",
    "EQUIPMENT_StormBolter_Bleed_1": "해방자",
    "EQUIPMENT_StormBolter_Crazed_2": "프로자의 법",
    "EQUIPMENT_StormBolter_Finisher_2": "해방자",
    "EQUIPMENT_StormBolter_AstralAim_3": "배교자의 고통",
    "EQUIPMENT_Marketing_StormBolter_Ectar": "용서",
    "EQUIPMENT_Marketing_StormBolter_Darig": "그레이그의 볼터",
    "EQUIPMENT_Psycannon": "사이캐논",
    "EQUIPMENT_Psycannon_Damage_1": "무오류의 증서",
    "EQUIPMENT_Psycannon_Damage_3": "엘린의 맹세",
    "EQUIPMENT_Psycannon_Crit_1": "이단의 속죄",
    "EQUIPMENT_Psycannon_Crit_2": "파열",
    "EQUIPMENT_Psycannon_Onslaught_1": "영혼채찍",
    "EQUIPMENT_Psycannon_Onslaught_3": "타이탄의 포효",
    "EQUIPMENT_Psycannon_Overwatch_1": "응징",
    "EQUIPMENT_Psycannon_ArmourBreak_2": "타이탄의 저항",
    "EQUIPMENT_Psycannon_Enrage_2": "포리퍼의 자비",
    "EQUIPMENT_Psycannon_Confuse_3": "고함",
    "EQUIPMENT_Marketing_Psycannon_Ectar": "즉흥적인 분노",
    "EQUIPMENT_Marketing_Psycannon_Darig": "드레이그의 영혼",
    "EQUIPMENT_Psilencer": "사일런서",
    "EQUIPMENT_Psilencer_Damage_2": "최고천의 천둥",
    "EQUIPMENT_Psilencer_Damage_3": "타이탄의 복수",
    "EQUIPMENT_Psilencer_Range_1": "기사의 양초",
    "EQUIPMENT_Psilencer_Spray_1": "강철의 폭풍",
    "EQUIPMENT_Psilencer_Spray_2": "단호한 혼란",
    "EQUIPMENT_Psilencer_CoverIgnore_1": "자릭의 위한",
    "EQUIPMENT_Psilencer_ArmourPierce_1": "폭로",
    "EQUIPMENT_Psilencer_Hobbled_2": "견책",
    "EQUIPMENT_Psilencer_Bleed_3": "불행의 끝",
    "EQUIPMENT_Marketing_Psilencer_Darig": "드레그의 정밀함",
    "EQUIPMENT_Incinerator": "인시너레이터",
    "EQUIPMENT_Incinerator_Damage_1": "지옥불태우기",
    "EQUIPMENT_Incinerator_Damage_3": "경건함의 재",
    "EQUIPMENT_Incinerator_Area_3": "타이탄의 분노",
    "EQUIPMENT_Incinerator_Melter_1": "현자의 불",
    "EQUIPMENT_Incinerator_HumanKiller_2": "불의 선서",
    "EQUIPMENT_Incinerator_Purge_2": "악마의 끝",
    "EQUIPMENT_Incinerator_Flamer_3": "갈란의 영혼",
    "EQUIPMENT_Marketing_Incinerator_Ectar": "순수의 노래",
    "EQUIPMENT_Marketing_Incinerator_Darig": "다리그의 분노",
    "EQUIPMENT_PowerArmour": "파워 아머",
    "EQUIPMENT_PowerArmour_HP_2": "영웅의 갑옷",
    "EQUIPMENT_PowerArmour_HP_3": "챔피언의 갑옷",
    "EQUIPMENT_PowerArmour_WP_1": "의지의 껍질",
    "EQUIPMENT_PowerArmour_WP_2": "크레덴타의 의지",
    "EQUIPMENT_PowerArmour_WP_3": "승리의 의지",
    "EQUIPMENT_PowerArmour_HP_WP_1": "발다르의 규율",
    "EQUIPMENT_PowerArmour_HP_WP_2": "오젠의 규율",
    "EQUIPMENT_PowerArmour_Focus_1": "믿음의 열정",
    "EQUIPMENT_PowerArmour_Focus_2": "믿음의 껍질",
    "EQUIPMENT_PowerArmour_Focus_3": "믿음의 방패",
    "EQUIPMENT_PowerArmour_Resist_1": "헌신",
    "EQUIPMENT_PowerArmour_Resist_3": "순수",
    "EQUIPMENT_PowerArmour_Resist_2": "경건",
    "EQUIPMENT_PowerArmour_HP_Resist_1": "빛나는 보호",
    "EQUIPMENT_PowerArmour_HP_Resist_2": "빛나는 보호자",
    "EQUIPMENT_PowerArmour_HP_Resist_3": "빛나는 수호자",
    "EQUIPMENT_PowerArmour_Armour_2": "이지스의 힘",
    "EQUIPMENT_PowerArmour_Armour_3": "타이탄의 이지스",
    "EQUIPMENT_PowerArmour_Movement_1": "고통의 피난",
    "EQUIPMENT_PowerArmour_Movement_2": "믿음의 피난",
    "EQUIPMENT_PowerArmour_Movement_3": "심판의 피난",
    "EQUIPMENT_PowerArmour_Skull_1": "영재의 보호",
    "EQUIPMENT_PowerArmour_Skull_2": "영재의 팔",
    "EQUIPMENT_PowerArmour_Skull_3": "영재의 껍질",
    "EQUIPMENT_PowerArmour_Plague_2": "순수의 심장",
    "EQUIPMENT_PowerArmour_Hobbled_1": "의존의 맹세",
    "EQUIPMENT_PowerArmour_Hobbled_2": "의존의 갑옷",
    "EQUIPMENT_PowerArmour_Pinned_1": "구조",
    "EQUIPMENT_PowerArmour_Rainbow_3": "희생의 흉갑",
    "EQUIPMENT_PowerArmour_AP_3": "칸투의 완갑",
    "EQUIPMENT_PowerArmour_Metabolism_3": "불신자의 추방",
    "EQUIPMENT_PowerArmour_Grenade_2": "화염의 심장",
    "EQUIPMENT_GarranCrowePowerArmour": "크로의 장인 제작 갑옷",
    "EQUIPMENT_DraigoArmour": "드라이고의 터미네이터 아머",
    "EQUIPMENT_VakirArmour": "바키르의 장인 제작 갑옷",
    "EQUIPMENT_TerminatorArmour_HP_1": "청동 카라페이스",
    "EQUIPMENT_TerminatorArmour_HP_2": "은 카라페이스",
    "EQUIPMENT_TerminatorArmour_HP_3": "금 카라페이스",
    "EQUIPMENT_TerminatorArmour_Armour_1": "이지스의 보호",
    "EQUIPMENT_TerminatorArmour_Armour_2": "이지스의 의지",
    "EQUIPMENT_TerminatorArmour_Armour_3": "이지스의 약속",
    "EQUIPMENT_TerminatorArmour_WP_1": "학자의 근면",
    "EQUIPMENT_TerminatorArmour_WP_2": "학자의 영민함",
    "EQUIPMENT_TerminatorArmour_Focus_1": "믿음의 피신",
    "EQUIPMENT_TerminatorArmour_Focus_2": "믿음의 회복",
    "EQUIPMENT_TerminatorArmour_Focus_3": "믿음의 힘",
    "EQUIPMENT_TerminatorArmour_Resistance_1": "변함없음",
    "EQUIPMENT_TerminatorArmour_Resistance_2": "조심성",
    "EQUIPMENT_TerminatorArmour_Resistance_3": "존경",
    "EQUIPMENT_TerminatorArmour_Grenade_1": "화염의 보증",
    "EQUIPMENT_TerminatorArmour_Grenade_2": "화염의 껍질",
    "EQUIPMENT_TerminatorArmour_Grenade_3": "믿음의 수호자",
    "EQUIPMENT_TerminatorArmour_Warp_1": "워프재앙",
    "EQUIPMENT_TerminatorArmour_Weakness_1": "부정한 자의 배신",
    "EQUIPMENT_TerminatorArmour_Movement_1": "안발의 피난",
    "EQUIPMENT_TerminatorArmour_Anchored_2": "신용의 갑옷",
    "EQUIPMENT_TerminatorArmour_PsyEnhance_3": "칙령의 껍질",
    "EQUIPMENT_TerminatorArmour_Penitent_3": "오전의 갑옷",
    "IC_FragGrenade": "파편 수류탄",
    "IC_FragGrenade_SubTitle": "폭발 공격",
    "IC_KrakGrenade": "대장갑 수류탄",
    "IC_KrakGrenade_Description": "사거리 [g:{range}], 범위 [g:{radius}]의 [b:폭발 공격]: 대상 범위에 [g:{damage}] 피해를 입힙니다.",
    "IC_KrakGrenade_SubTitle": "폭발 공격",
    "IC_BlindGrenade": "섬광 연막탄",
    "IC_BlindGrenade_SubTitle": "폭발 위험구역",
    "IC_PsykOutGrenade": "사이크아웃 수류탄",
    "IC_PsykOutGrenade_Description": "사거리 [g:{range}], 범위 [g:{radius}]의 [b:폭발 공격]: 대상 범위에 [g:{damage}] 피해를 입힙니다.",
    "IC_PsykOutGrenade_SubTitle": "폭발 공격",
    "IC_PsychotrokeGrenade": "사이코트로크 수류탄",
    "IC_PsychotrokeGrenade_SubTitle": "폭발 공격",
    "IC_EmpyreanBrainMine": "최고천 두뇌 지뢰",
    "IC_EmpyreanBrainMine_Description": "사거리 [g:{range}], 범위 [g:{radius}]의 [b:폭발 공격]: 대상 범위에 [g:{damage}] 피해를 입힙니다.",
    "IC_SeekerSkull": "수색용 서보 스컬",
    "IC_SeekerSkull_SubTitle": "지원",
    "IC_MedicaeSkull": "의료용 서보 스컬",
    "IC_MedicaeSkull_SubTitle": "지원",
    "IC_HailerSkull": "확성기 서보 스컬",
    "IC_HailerSkull_Description": "지정한 [g:{range} 사거리에 폭발 공격을 해 [g:{radius}] 동안 {statusEffect} 효과를 줍니다.  이 서보 스컬은 [g:{skullHP}]의 최대 체력을 가집니다.",
    "IC_HailerSkull_SubTitle": "폭발 공격",
    "IC_ExtractorServoSkull": "추출 서보 스컬",
    "IC_ExtractorServoSkull_Description": "[g:{range}] 거리 내의 적을 지정합니다.  [b:씨앗 추출].",
    "IC_ExtractorServoSkull_SubTitle": "공격",
    "IC_DisruptorServoSkull": "혼란용 서보 스컬",
    "IC_DisruptorServoSkull_SubTitle": "공격",
    "IC_ApothecarionSkull": "아포세카리온 서보 스컬",
    "IC_ApothecarionSkull_Description": "모든 [b:바이오맨시] 능력을 먼 거리에서 사용할 수 있습니다.",
    "IC_ApothecarionSkull_SubTitle": "지원",
    "IC_UnguentsOfWarding": "보호의 연고",
    "IC_EmblematicPauldron": "상징적 견갑",
    "IC_EmblematicPauldron_Description": "이 기사의 최대 체력이 [g:+{healthBonus}] 증가합니다.",
    "IC_LiberDaemonicaPerfectus": "데모니쿰 책",
    "IC_LiberDaemonicaPerfectus_Description": "이 기사는 [b:근접 공격] 시 치명타 피해가 [g:+{critDamage}] 증가합니다.",
    "IC_BlessedGreaves": "축복받은 정강이받이",
    "IC_BlessedGreaves_Description": "이 기사는 [b:원거리 공격] 시 치명타율이 [g:+{critChance}%] 증가합니다.",
    "IC_SancticShard": "생틱 조각",
    "IC_AuguriumScrolls": "예언의 전당 두루말이",
    "IC_AuguriumScrolls_Description": "이 기사는 [b:근접 공격] 시 치명타율이 [g:+{critChance}%] 증가합니다.",
    "IC_ArtisanNulliferMatrix": "장인의 무효화 보호막",
    "IC_ArtisanNulliferMatrix_Description": "이 기사의 [b:이지스 실드] 능력은 [b:장갑]이 [g:+{armourBonus}] 증가합니다.",
    "IC_SacredIncense": "성스러운 향",
    "IC_SacredIncense_Description": "이 기사의 최대 의지력이 [g:+{willpowerAmount}] 증가합니다.",
    "IC_ExtendedMagazine": "확장 탄창",
    "IC_PuritySealOfPrecision": "정밀한 순수의 인장",
    "IC_PuritySealOfPrecision_Description": "이 기사의 [b:원거리 무기]는 사거리가 [g:+{rangeBonus}] 증가합니다.",
    "IC_RangedCritDmg": "향상된 조준기",
    "IC_DominaLiberDaemonica": "도미나 리버럴 데모니카",
    "IC_DominaLiberDaemonica_Description": "이 기사는 [b:근접 공격] 시 치명타 피해가 [g:+{critDamage}] 증가하고 치명타율이 [g:+{critChance}%] 증가합니다.",
    "PASSIVE_WARGEAR_SubTitle": "패시브",
    "AC_PowerArmour": "파워 아머",
    "AC_TerminatorArmour": "터미네이터 아머",
    "WC_ForceSword": "포스 검",
    "WC_ForceSword_Description": "포스 검 설명",
    "WC_ForceSword_SubTitle": "근접 무기",
    "WC_Halberd": "할버드",
    "WC_Halberd_SubTitle": "근접 무기",
    "WC_FC_Halberd": "특수 할버드",
    "WC_FC_Halberd_Description": "특수 할버드 설명",
    "WC_Falchions": "팔치온",
    "WC_Narthecium": "나르테시움",
    "WC_DaemonHammer": "악마 망치",
    "WC_WardingStave": "보호 지팡이",
    "WC_Crozius": "크로지우스 아르카눔",
    "WC_Crozius_Description": "[b:크로지우스 아르카눔]은 [b:채플린]이 사용 가능한 [b:근접 무기] 입니다.  이 클래스에게는 특수한 업그레이드를 해금해줍니다.",
    "WC_DaemonHammer_Description": "악마 망치는 모든 기사들이 사용 가능한 [b:근접 무기]입니다.  이 클래스에게는 특수한 업그레이드를 해금해줍니다.",
    "WC_FC_StormBolter": "특수 스톰 볼터",
    "WC_FC_StormBolter_Description": "특수 스톰 볼터 설명",
    "WC_Psycannon": "사이캐논",
    "WC_Psycannon_Description": "[b:사이캐논]은 [b:특수 무기]입니다.  이 클래스에게는 특수한 업그레이드를 해금해줍니다.",
    "WC_Psilencer": "사일런서",
    "WC_Psilencer_Description": "[b:사일런서]는 [b:특수 무기]입니다.  이 클래스에게는 특수한 업그레이드를 해금해줍니다.",
    "WC_Incinerator": "인시너레이터",
    "WC_Incinerator_Description": "[b:인시너레이터]는 [b:특수 무기]입니다.  이 클래스에게는 특수한 업그레이드를 해금해줍니다.",
    "WC_StormShield": "스톰 방패",
    "WC_StormShield_SubTitle": "방패",
    "WC_Vakir_PlasmaPistol": "힘",
    "WC_Vakir_ArcheotechPistol": "지식",
    "EQUIPMENT_CLASS_TYPE_NAME_Ranged": "원거리 무기",
    "EQUIPMENT_CLASS_TYPE_NAME_Melee": "근접 무기",
    "EQUIPMENT_CLASS_TYPE_SUBTITLE_Melee": "무기 그룹",
    "EQUIPMENT_CLASS_TYPE_NAME_Psyker": "사이커 무기",
    "EQUIPMENT_CLASS_TYPE_DESC_Psyker": "사이커 무기 설명",
    "EQUIPMENT_CLASS_TYPE_NAME_AOE": "범위 무기",
    "EQUIPMENT_CLASS_TYPE_DESC_AOE": "범위 무기 설명",
    "EQUIPMENT_CLASS_TYPE_NAME_Environment": "환경",
    "EQUIPMENT_CLASS_TYPE_DESC_Environment": "환경 설명",
    "EQUIPMENT_CLASS_TYPE_NAME_PowerArmour": "파워 아머",
    "EQUIPMENT_CLASS_TYPE_DESC_PowerArmour": "파워 아머 설명",
    "EQUIPMENT_CLASS_TYPE_NAME_TerminatorArmour": "터미네이터 아머",
    "EQUIPMENT_CLASS_TYPE_DESC_TerminatorArmour": "터미네이터 아머 설명",
    "EQUIPMENT_CLASS_TYPE_NAME_Grenade": "수류탄",
    "EQUIPMENT_CLASS_TYPE_SUBTITLE_Grenade": "워기어",
    "EQUIPMENT_CLASS_TYPE_NAME_Skull": "서보 스컬",
    "EQUIPMENT_CLASS_TYPE_DESC_Skull": "서보 스컬은 그레이 나이트에게 특별한 능력을 제한적으로 제공합니다.  워기어 칸마다 하나의 서보 스컬을 장비할 수 있습니다.",
    "EQUIPMENT_CLASS_TYPE_SUBTITLE_Skull": "워기어",
    "EQUIPMENT_CLASS_TYPE_NAME_Passive": "패시브 워기어",
    "EQUIPMENT_CLASS_TYPE_DESC_Passive": "패시브 워기어 설명",
    "EQUIPMENT_ALREADY_EQUIPPED_TITLE": "이미 장착됨",
    "EQUIPMENT_WARGEARTYPE_Grenade": "수류탄",
    "EQUIPMENT_WARGEARTYPE_Skull": "서보 스컬",
    "EQUIPMENT_DETAIL_NAME_Smoke": "연막",
    "WEAPON_TYPE_AOE": "범위 무기",
    "EQUIPMENT_Lantern": "등불",
    "EQUIPMENT_Silence": "침묵",
    "EQUIPMENT_MunificusMouth": "입",
    "EQUIPMENT_MunificusPusSac_Left": "왼쪽 고름 주머니",
    "EQUIPMENT_MunificusPusSac_Right": "오른쪽 고름 주머니",
    "EQUIPMENT_BONUS_DESC_ForceStrikeMeleeBlastSilence": "발동 시 근접 공격이 대상 주변 [g:{abilityRadius}] 범위의 폭발로 변환됩니다.  {statusEffect}.",
    "EQUIPMENT_BONUS_DESC_PsyBoltArmourPierce": "발동시 원거리 공격에 [b:장갑 관통] 효과를 부여합니다.",
    "EQUIPMENT_BONUS_DESC_PromethiumSpray": "거리 [g:{abilityRange}], 각도 [g:{abilityAngle}]의 범위에 화염 위험 구역을 생성합니다. 사용한 탄약 [g:{abilityAmmoCostPerLength}] 당 사거리가 +1 증가합니다. [g:{abilityDuration}] 턴 동안 유지됩니다.  [g:모든] 탄을 소모합니다.",
    "EQUIPMENT_Halberd_Damage_2": "영혼 글레이브",
    "EQUIPMENT_BONUS_DESC_UPGRADE_PsyBoltAfflictDuration": "이 사이볼트는 약화 효과를 [g:+{durationBonus}] 턴간 더 줍니다.",
    "EQUIPMENT_BONUS_DESC_Bane": "[b:악마]를 대상으로 한 이 무기의 치명타율이 [g:+{bodyTypeCritChance}%] 증가합니다.",
    "EQUIPMENT_BONUS_DESC_UPGRADE_PsychicOnslaughtDamage": "폭발 공격 피해량이 [g:+{abilityAoEDamage}] 증가합니다.",
    "EQUIPMENT_BONUS_DESC_UPGRADE_DisruptShotIgnoreCover": "방해 사격이 ([g:엄폐])를 [b:무시]합니다.  [b:엄폐] 불이익을 받지 않습니다.",
    "EQUIPMENT_BONUS_DESC_UPGRADE_ScatterShotArc": "무차별 사격의 공격 범위가 [g:+{abilityAngle}] 증가합니다.",
    "EQUIPMENT_BONUS_DESC_UPGRADE_Bane": "[b:악마]를 대상으로 한 이 무기의 치명타율이 [g:+{bodyTypeCritChance}%] 증가합니다.",
    "EQUIPMENT_BONUS_DESC_UPGRADE_MachineSlayer": "[b:기계]를 대상으로 한 이 무기의 피해량이 [g:+{bodyTypeDamage}] 증가합니다.",
    "EQUIPMENT_BONUS_DESC_UPGRADE_SkullAmmo": "이 기사의 [b:서보 스컬] 사용 횟수가 [g:+{servoSkullUses}] 증가합니다.",
    "EQUIPMENT_BONUS_DESC_UPGRADE_GrenadeArea": "이 기사의 [b:수류탄]은 범위가 [g:+{grenadeAreaBonus}] 증가합니다.",
    "EQUIPMENT_Shield_Resistance_1": "벨라리오스의 유대",
    "EQUIPMENT_Sword_Damage_3": "저주받은 자의 채찍",
    "EQUIPMENT_Sword_Parry_3": "스토아의 칼날",
    "EQUIPMENT_Sword_Crit_1": "발라드의 칼날",
    "EQUIPMENT_Sword_Backstabber_1": "정의의 분노",
    "EQUIPMENT_Halberd_ForceStriker_1": "죽음의 가시",
    "EQUIPMENT_Falchions_Pinned_2": "솔라리스",
    "EQUIPMENT_Marketing_Falchions_Ectar": "엑타르의 칼날",
    "EQUIPMENT_Hammer_Machine_Killer_2": "소락의 망치",
    "EQUIPMENT_Marketing_Hammer_Ectar": "엑타르의 분노",
    "EQUIPMENT_Narthecium_Purge_3": "글라이반의 송곳",
    "EQUIPMENT_WardingStave_Aegis_1": "타이탄의 보호",
    "EQUIPMENT_WardingStave_Focus_1": "형제의 성실",
    "EQUIPMENT_Crozius_Vulnerable_1": "용서",
    "EQUIPMENT_StormBolter": "스톰 볼터",
    "EQUIPMENT_StormBolter_Range_3": "배신자의 대가",
    "EQUIPMENT_StormBolter_Crit_1": "진실의 눈",
    "EQUIPMENT_StormBolter_Crit_2": "금빛 권한",
    "EQUIPMENT_StormBolter_Stun_2": "영혼망치",
    "EQUIPMENT_StormBolter_DaemonKiller_3": "끔찍한 퇴마",
    "EQUIPMENT_Psycannon_Damage_2": "성자의 심판",
    "EQUIPMENT_Psycannon_Stun_3": "제재",
    "EQUIPMENT_Psilencer_Range_3": "승리의 증거",
    "WEAPON_Multi_Ability_Display": "{0} 능력을 부여합니다.",
    "EQUIPMENT_Psilencer_DaemonKiller_3": "악마찌르개",
    "EQUIPMENT_Marketing_Psilencer_Ectar": "믿음의 시험",
    "EQUIPMENT_Incinerator_Area_2": "뱀의 숨결",
    "EQUIPMENT_PowerArmour_HP_1": "영재의 갑옷",
    "EQUIPMENT_PowerArmour_HP_WP_3": "고르반의 규율",
    "EQUIPMENT_PowerArmour_Armour_1": "이지스의 표식",
    "EQUIPMENT_PowerArmour_Plague_1": "순수의 방패",
    "EQUIPMENT_PowerArmour_Grenade_1": "화염의 의지",
    "EQUIPMENT_PowerArmour_Grenade_3": "화염의 수호자",
    "EQUIPMENT_TerminatorArmour": "터미네이터 아머",
    "EQUIPMENT_TerminatorArmour_WP_3": "학자의 헌신",
    "EQUIPMENT_TerminatorArmour_Warp_2": "워프경멸",
    "IC_FragGrenade_Description": "사거리 [g:{range}], 범위 [g:{radius}]의 [b:폭발 공격]: 대상 범위에 [g:{damage}] 피해를 입힙니다.",
    "IC_BlindGrenade_Description": "지정한 [g:{range}] 거리 내에 [g:{radius}] 범위의 [b:폭발 위험 구역]으로 [g:{effectDuration}] 턴 동안 지속됩니다. [b:연막].",
    "IC_PsychotrokeGrenade_Description": "사거리 [g:{range}], 범위 [g:{radius}]의 [b:폭발 공격]: 대상 범위에 [g:{damage}] 피해를 입힙니다.",
    "IC_EmpyreanBrainMine_SubTitle": "폭발 공격",
    "IC_SeekerSkull_Description": "[g:{range}] 거리 내에 지정 지역으로 이동해 [g:{skullSightRange}] 범위의 적을 발견합니다.",
    "IC_MedicaeSkull_Description": "지정한 [g:{range}] 거리 내의 기사에게 {instantEffect} 효과를 줍니다.  [g:{healAmount}] 체력을 즉시 회복합니다.",
    "IC_DisruptorServoSkull_Description": "[g:{range}] 거리 내의 적을 지정합니다.  피해를 [g:{damage}] 줍니다. [b: 장갑관통]",
    "IC_UnguentsOfWarding_Description": "이 기사의 [b:저항력]이 [g:+{resistanceAmount}%] 증가하고, 부정적인 상태 이상에 저항할 확률이 증가합니다.",
    "IC_SancticShard_Description": "이 기사의 [b:집중]이 [g:+{psyPower}%] 증가하고, [b:자동]과 상태이상이 발동할 확률이 증가합니다.",
    "IC_ExtendedMagazine_Description": "이 기사의 [b:원거리 무기]는 탄약이 [g:+{ammoBonus}] 증가합니다.",
    "IC_RangedCritDmg_Description": "이 기사의 [b:원거리 공격]은 치명타 피해가 [g:+{critDamage}] 증가합니다.",
    "AC_PowerArmour_Description": "파워 아머 설명",
    "AC_TerminatorArmour_Description": "터미네이터 아머 설명",
    "WC_Narthecium_Description": "나르테시움은 아포세카리만 사용 가능한 [b:근접 무기]입니다.  특수한 능력을 해금해줍니다.",
    "WC_WardingStave_Description": "이 보호 지팡이는 모든 기사들이 사용 가능한 [b:근접 무기]입니다.  이 클래스에게는 특수한 업그레이드를 해금해줍니다.",
    "WC_Halberd_Description": "할버드는 모든 기사들이 사용 가능한 [b:근접 무기]입니다.  이 클래스에게는 특수한 업그레이드를 해금해줍니다.",
    "WC_Falchions_Description": "팔치온은 모든 기사들이 사용 가능한 [b:근접 무기]입니다.  이 클래스에게는 특수한 업그레이드를 해금해줍니다.",
    "EQUIPMENT_CLASS_TYPE_DESC_Ranged": "그레이 나이트는 다양한 [b:원거리 무기]를 장비할 수 있습니다.  이 분야의 업그레이드는 모든 원거리 무기에 적용됩니다.",
    "EQUIPMENT_CLASS_TYPE_SUBTITLE_Ranged": "무기 그룹",
    "EQUIPMENT_CLASS_TYPE_DESC_Melee": "네메시스 포스 웨폰은 그레이 나이트의 핵심 무장입니다.  이 분야의 업그레이드 효과는 모든 [b:근접 무기]에 적용됩니다.",
    "EQUIPMENT_CLASS_TYPE_DESC_Grenade": "[b:수류탄]은 제한된 횟수의 공격을 기사에게 제공합니다. 한 종류의 [b:수류탄]만 워기어 칸에 장비할 수 있습니다.",
    "EQUIPMENT_DETAIL_DESC_Smoke": "이 [b:위험 구역] 내의 모든 [b:원거리 공격] 피해량이 [g:-4] 만큼 감소합니다(공격시/피격시 모두 적용).",
    "EQUIPMENT_BONUS_DESC_PassiveEquipmentSlot": "이 기사는 추가 [b:패시브 장비 칸] 하나를 가집니다.",
    "EQUIPMENT_BONUS_DESC_ImmuneHazards": "이 기사는 [b:위험 구역] 면역입니다.  기사는 위험 구역으로 부터 피해를 받지 않습니다.",
    "EQUIPMENT_BONUS_DESC_ImmunePinned": "이 기사는 [b:제압] 면역입니다.  기사는 해당 상태이상에 영향을 받지 않습니다.",
    "EQUIPMENT_BONUS_DESC_ImmuneHobbled": "이 기사는 [b:둔화] 면역입니다.  기사는 해당 상태이상에 영향을 받지 않습니다.",
    "EQUIPMENT_BONUS_DESC_ImmuneImmobilized": "이 기사는 [b:이동 불가] 면역입니다.  기사는 해당 상태이상에 영향을 받지 않습니다.",
    "EQUIPMENT_BONUS_DESC_ImmunePlague": "이 기사는 [b:역병] 면역입니다.  기사는 해당 상태이상에 영향을 받지 않습니다.",
    "EQUIPMENT_BONUS_DESC_ImmuneWeakened": "이 기사는 [b:약화] 면역입니다.  기사는 해당 상태이상에 영향을 받지 않습니다.",
    "EQUIPMENT_BONUS_DESC_WarpSuppression": "이 기사는 사이킥 능력을 사용할 때 [b:워프 파동]을 증가 시키지 않습니다.",
    "EQUIPMENT_BONUS_DESC_Penitent": "[b:의지력]이 [g:0]일 때, 이 기사는 [b:의지력] 대신에 [b:체력]을 사용합니다.",
    "EQUIPMENT_BONUS_DESC_AutoParry": "근접 공격을 맞을 때, 이 기사는 [g:{autoChance}%] 확률로 무시합니다.",
    "EQUIPMENT_BONUS_DESC_AutoAegisReaction": "이 기사는 턴 종료 시 [b:이지스 실드]를 [g:{autoChance}%] 확률로 발동합니다.",
    "EQUIPMENT_BONUS_DESC_AutoIronWill": "[b:포스 타격] 발동 시 이 기사는 [g:{autoChance}%] 확률로 [g:+{abilityWP}] 의지력을 얻습니다.",
    "EQUIPMENT_BONUS_DESC_AutoFortitude": "[b:사이볼트] 발동 시 이 기사는 [g:{autoChance}%] 확률로 [g:+{abilityWP}] 의지력을 얻습니다.",
    "EQUIPMENT_BONUS_DESC_AutoInspired": "이 기사가 대상을 [b: 처형]하면, 모든 기사가 [g:+{abilityWP}] 의지력을 얻습니다.",
    "EQUIPMENT_BONUS_DESC_AutoRapidReload": "이 기사의 탄약이 0이 될 때, [g:{autoChance}%] 확률로 [b:재장전]을 합니다.",
    "EQUIPMENT_BONUS_DESC_ForceStrikeDamageBonus": "이 기사는 [b:근접 무기]의 [b:포스 타격]으로 피해를 [g:+{abilityBonusDamage}] 줍니다.",
    "EQUIPMENT_BONUS_DESC_ForceStrikeCrit": "발동 시 근접 공격의 치명타율이 [g:+{abilityBonusCrit}%] 증가합니다.",
    "EQUIPMENT_BONUS_DESC_ForceStrikeStun": "발동 시 근접 공격에 [g:+{abilityStunBonus}] [b:기절] 피해를 부여합니다.",
    "EQUIPMENT_BONUS_DESC_ForceStrikeMeleeBlast": "발동 시 근접 공격이 대상 주변 [g:{abilityRadius}] 범위의 폭발로 변환됩니다.",
    "EQUIPMENT_BONUS_DESC_AutoRighteous": "이 기사의 근접 공격이 치명타로 적중하면 [g:{autoChance}%] 확률로 [g:+{abilityAP}] 행동력을 얻습니다.",
    "EQUIPMENT_BONUS_DESC_UPGRADE_AutoFortitude": "[b:사이볼트]가 시전될 때, 이 기사는 [g:{autoChance}%] 확률로 [g:+{abilityWP}] 의지력을 얻습니다.",
    "EQUIPMENT_BONUS_DESC_UPGRADE_AutoAPExecutioner": "이 자동 기능은 발동될 때 [g:+{abilityAP}] 행동력을 줍니다.",
    "EQUIPMENT_BONUS_DESC_UPGRADE_ForceStrikeAfflict": "이 포스 타격에 {statusEffect} 을(를) 부여합니다.",
    "EQUIPMENT_BONUS_DESC_UPGRADE_ForceStrikeCrit": "이 포스 타격의 치명타율이 [g:+{abilityBonusCrit}%] 증가합니다.",
    "EQUIPMENT_BONUS_DESC_UPGRADE_ForceStrikeAfflictPinned": "이 포스 타격은 [g:+{abilityEffectChance}%] 추가 확률로 [b:제압당함] 상태이상을 발동시킵니다.",
    "EQUIPMENT_BONUS_DESC_UPGRADE_ForceStrikeDamage": "이 포스 타격의 피해량이 [g:+{abilityBonusDamage}] 증가합니다.",
    "EQUIPMENT_BONUS_DESC_UPGRADE_ForceStrikeDamageBonus": "이 기사의 근접 [b:포스 타격]은 피해량이 [g:+{abilityBonusDamage}] 증가합니다.",
    "EQUIPMENT_BONUS_DESC_UPGRADE_ForceStrikeMeleeBlastRadius": "이 포스 타격의 범위가 [g:+{abilityRadius}] 증가합니다.",
    "EQUIPMENT_BONUS_DESC_UPGRADE_ForceStrikeStun": "이 포스 타격에 [g:+{abilityStunBonus}] 기절 피해를 부여합니다.",
    "EQUIPMENT_BONUS_DESC_UPGRADE_ForceStrikeArmourBreak": "이 포스 타격에 [g:+{abilityArmourBreakBonus}] 장갑 파괴를 부여합니다.",
    "EQUIPMENT_BONUS_DESC_Anchored": "이 기사는 [b:거리]가 [b:원거리 무기]에 미치는 [b:피해] 패널티를 무시합니다.",
    "EQUIPMENT_BONUS_DESC_AutoFirstStrike": "이 기사 옆으로 적이 이동하면 [g:{autoChance}%] 확률로 자동으로 타격합니다.",
    "EQUIPMENT_BONUS_DESC_AutoExecutioner": "이 기사가 대상을 [b: 처형]하면, [g:+{abilityAP}] 행동력을 얻습니다.",
    "EQUIPMENT_BONUS_DESC_AutoUsesAll": "이 기사의 모든 [b:자동] 능력 사용 횟수가 턴당 [g:+{autoUses}] 회 증가합니다.",
    "EQUIPMENT_BONUS_DESC_ForceStrikeAfflict": "발동 시 근접 공격에 {statusEffect} 효과를 부여합니다.  {statusEffectDescription}",
    "EQUIPMENT_BONUS_DESC_AutoSnapFire": "이 기사의 원거리 공격이 치명타로 적중하면 [g:{autoChance}%] 확률로 [g:+{abilityAP}] 행동력을 얻습니다.",
    "EQUIPMENT_ALREADY_EQUIPPED_DESCRIPTION": "{0} 장비는 이미 {1]에 장착하고 있으므로, 계속해서 진행하면 장착이 해제된다.",
    "EQUIPMENT_DETAIL_NAME_EnragedSkull": "격노",
    "EQUIPMENT_WARGEARTYPE_Empty": "비어있음",
    "EQUIPMENT_DETAIL_DESC_EnragedSkull": "영향을 받으면, 대상은 이 서보 스컬만 공격할 것입니다.",
    "EQUIPMENT_DETAIL_NAME_ExtractSeeds": "씨앗 추출",
    "EQUIPMENT_DETAIL_DESC_ExtractSeeds": "이 서보 스컬은 [b:씨앗 추출]을 해, 대상의 [b:블룸 씨앗]을 전부 모읍니다.",
    "EQUIPMENT_DETAIL_NAME_CritChance": "치명타",
    "EQUIPMENT_DETAIL_DESC_CritChance": "치명타율이 [g:+{critChance}%] 증가합니다.",
    "EQUIPMENT_DETAIL_NAME_CritDamage": "치명타 피해",
    "EQUIPMENT_DETAIL_DESC_CritDamage": "치명타 피해가 [g:+{critDamage}] 증가합니다.",
    "EQUIPMENT_Vakir_PlasmaPistol": "힘",
    "EQUIPMENT_Vakir_ArcheotechPistol": "지식",
    "EQUIPMENT_ForceCommanderHalberd": "포스 커맨더의 할버드",
    "EQUIPMENT_Titansword": "타이탄검",
    "EQUIPMENT_DraigoStormBolter": "스톰 볼터",
    "EQUIPMENT_ForceCommanderStormBolter": "포스 커맨더의 스톰 볼터",
    "EQUIPMENT_GarranCroweStormBolter": "크로의 스톰 볼터",
    "EQUIPMENT_GarranCroweAntwyr": "안트웨의 흑검",
    "EQUIPMENT_FragGrenade": "파편 수류탄 1단계",
    "EQUIPMENT_FragGrenade_2": "파편 수류탄 2단계",
    "EQUIPMENT_KrakGrenade_2": "대장갑 수류탄 2단계",
    "EQUIPMENT_KrakGrenade_3": "대장갑 수류탄 3단계",
    "EQUIPMENT_BlindGrenade": "섬광 연막탄 1단계",
    "EQUIPMENT_BlindGrenade_2": "섬광 연막탄 2단계",
    "EQUIPMENT_BlindGrenade_3": "섬광 연막탄 3단계",
    "EQUIPMENT_PsychotrokeGrenade_2": "사이크스트로크 수류탄 2단계",
    "EQUIPMENT_PsychotrokeGrenade_3": "사이크스트로크 수류탄 3단계",
    "EQUIPMENT_PsykOutGrenade": "사이크아웃 수류탄 1단계",
    "EQUIPMENT_PsykOutGrenade_2": "사이크아웃 수류탄 2단계",
    "EQUIPMENT_EmpyreanBrainMine": "최고천 두뇌 지뢰 1단계",
    "EQUIPMENT_EmpyreanBrainMine_2": "최고천 두뇌 지뢰 2단계",
    "EQUIPMENT_EmpyreanBrainMine_3": "최고천 두뇌 지뢰 3단계",
    "EQUIPMENT_SeekerSkull": "수색용 서보 스컬 1단계",
    "EQUIPMENT_MedicaeSkull": "의료용 서보 스컬 1단계",
    "EQUIPMENT_MedicaeSkull_3": "의료용 서보 스컬 3단계",
    "EQUIPMENT_HailerSkull": "확성기 서보 스컬 1단계",
    "EQUIPMENT_HailerSkull_2": "확성기 서보 스컬 2단계",
    "EQUIPMENT_HailerSkull_3": "확성기 서보 스컬 3단계",
    "EQUIPMENT_ExtractorServoSkull": "추출 서보 스컬",
    "EQUIPMENT_DisruptorServoSkull": "혼란용 서보 스컬 1단계",
    "EQUIPMENT_SeekerSkull_2": "수색용 서보 스컬 2단계",
    "EQUIPMENT_SeekerSkull_3": "수색용 서보 스컬 3단계",
    "EQUIPMENT_DisruptorServoSkull_2": "혼란용 서보 스컬 2단계",
    "EQUIPMENT_DisruptorServoSkull_3": "혼란용 서보 스컬 3단계",
    "EQUIPMENT_UnguentsOfWarding": "보호의 연고 1단계",
    "EQUIPMENT_UnguentsOfWarding_3": "보호의 연고 3단계",
    "EQUIPMENT_EmblematicPauldron": "상징적 견갑 1단계",
    "EQUIPMENT_EmblematicPauldron_2": "상징적 견갑 2단계",
    "EQUIPMENT_EmblematicPauldron_3": "상징적 견갑 3단계",
    "EQUIPMENT_LiberDaemonicaPerfectus": "데모니쿰 책 1단계",
    "EQUIPMENT_LiberDaemonicaPerfectus_2": "데모니쿰 책 2단계",
    "EQUIPMENT_BlessedGreaves": "축복받은 정강이받이 1단계",
    "EQUIPMENT_BlessedGreaves_2": "축복받은 정강이받이 2단계",
    "EQUIPMENT_BlessedGreaves_3": "축복받은 정강이받이 3단계",
    "EQUIPMENT_SancticShard": "생틱 조각 1단계",
    "EQUIPMENT_SancticShard_2": "생틱 조각 2단계",
    "EQUIPMENT_SancticShard_3": "생틱 조각 3단계",
    "EQUIPMENT_AuguriumScrolls_2": "예언의 전당 두루말이 2단계",
    "EQUIPMENT_AuguriumScrolls_3": "예언의 전당 두루말이 3단계",
    "EQUIPMENT_ArtisanNulliferMatrix": "장인의 무효화 보호막",
    "EQUIPMENT_SacredIncense": "성스러운 향 1단계",
    "EQUIPMENT_SacredIncense_3": "성스러운 향 3단계",
    "EQUIPMENT_ExtendedMagazine": "확장 탄창 1단계",
    "EQUIPMENT_ExtendedMagazine_2": "확장 탄창 2단계",
    "EQUIPMENT_PuritySealOfPrecision": "정밀한 순수의 인장",
    "EQUIPMENT_RangedCritDmg": "향상된 조준기 1단계",
    "EQUIPMENT_RangedCritDmg_2": "향상된 조준기 2단계",
    "EQUIPMENT_RangedCritDmg_3": "향상된 조준기 3단계",
    "EQUIPMENT_DominaLiberDaemonica": "도미나 리버럴 데모니카",
    "EQUIPMENT_CultistFist": "추종자의 주먹",
    "EQUIPMENT_Autogun": "오토건",
    "EQUIPMENT_GrenadeLauncher": "유탄발사기",
    "EQUIPMENT_HeavyStubber": "중기관총",
    "EQUIPMENT_CultistVoxStave": "추종자 확성기 지팡이",
    "EQUIPMENT_CultistVoxStave_Tentacles": "추종자 확성기 지팡이",
    "EQUIPMENT_PlagueBelcher": "역병 뿌리개",
    "EQUIPMENT_Boltgun": "볼트건",
    "EQUIPMENT_PlasmaPistol": "플라즈마 권총",
    "EQUIPMENT_FistOfTheWalkingPox": "워킹 폭스의 주먹",
    "EQUIPMENT_PoxKnife": "급조 무기",
    "EQUIPMENT_PoxWrench": "급조 무기",
    "EQUIPMENT_GroanFist": "신음하는 폭스워커의 주먹",
    "EQUIPMENT_PlagueKnife": "역병 단검",
    "EQUIPMENT_Plaguesword": "역병검",
    "EQUIPMENT_Plaguesword_Mutated": "연장된 역병검",
    "EQUIPMENT_PlaguebearerClaw": "플레이그베어러의 손톱",
    "EQUIPMENT_PlaguebearerClaw_Mutated": "돌연변이 집게 손",
    "EQUIPMENT_Baelsword": "발레검",
    "EQUIPMENT_DaemonicIcon": "악마적 우상",
    "EQUIPMENT_DaemonicIcon_Mutated": "돌연변이 악마적 우상",
    "EQUIPMENT_PlasmaCannon": "플라즈마 캐논",
    "EQUIPMENT_PowerScourge": "파워 채찍",
    "EQUIPMENT_PowerFist": "파워 피스트",
    "EQUIPMENT_BuboticAxe": "뷰보틱 도끼",
    "EQUIPMENT_ReaperAutoCannon": "리퍼 오토캐논",
    "EQUIPMENT_WrathAxe": "분노의 도끼",
    "EQUIPMENT_ErekhulFist": "에레쿠훌 주먹",
    "EQUIPMENT_FlailOfCorruption": "부패의 철퇴",
    "EQUIPMENT_PlagueShield": "역병 방패",
    "EQUIPMENT_PlagueShield_Mutated": "역병 방패",
    "EQUIPMENT_FragMissileLauncher": "파편 미사일 발사기",
    "EQUIPMENT_MultiMelta": "멀티 멜타",
    "EQUIPMENT_MultiMelta_MeltaSpikes": "멀티 멜타",
    "EQUIPMENT_HeavyBlightLauncher": "중 블라이트 발사기",
    "EQUIPMENT_HeavyBlightLauncher_Mutated": "중 블라이트 발사기",
    "EQUIPMENT_MaleficTalon": "해로운 발톱",
    "EQUIPMENT_MaleficTalon_Upgraded": "해로운 발톱",
    "EQUIPMENT_MaleficTalon_Ranged": "종 지팡이",
    "EQUIPMENT_CrabArm": "집게 팔",
    "EQUIPMENT_ChaosSpawnFist": "카오스 스폰 주먹",
    "EQUIPMENT_PlagueFlail": "역병 철퇴",
    "EQUIPMENT_DoomsdayBell": "종말의 종",
    "EQUIPMENT_RotCannon": "부패 캐논",
    "EQUIPMENT_RotCleaver": "부패 식칼",
    "EQUIPMENT_LaserDestructor": "레이저 소각기",
    "EQUIPMENT_Cruciatus_HeavyStubber": "중기관총",
    "EQUIPMENT_ThunderStrikeGauntlet": "썬더 스트라이크 건틀릿",
    "EQUIPMENT_BileSword": "담즙 검",
    "EQUIPMENT_Bileblade": "담즙 칼날",
    "EQUIPMENT_MunificusNeedler_Left": "왼쪽 주사기",
    "EQUIPMENT_MunificusNeedler_Right": "오른쪽 주사기",
    "EQUIPMENT_MunificusMucusLauncher_Left": "왼쪽 점막 발사기",
    "EQUIPMENT_MunificusMucusLauncher_Right": "오른쪽 점막 발사기",
    "EQUIPMENT_MunificusMucusLauncher_Left_Mutated": "왼쪽 점막 발사기",
    "EQUIPMENT_MunificusMucusLauncher_Right_Mutated": "오른쪽 점막 발사기",
    "EQUIPMENT_MunificusDiseasedTalons_Left": "왼쪽 발톱",
    "EQUIPMENT_MunificusDiseasedTalons_Right": "오른쪽 발톱",
    "EQUIPMENT_MunificusTail": "꼬리",
    "EQUIPMENT_MunificusFleshyAbundance_Left": "왼쪽 풍성한 살",
    "EQUIPMENT_MunificusFleshyAbundance_Right": "오른쪽 풍성한 살",
    "EQUIPMENT_FragGrenade_3": "파편 수류탄 3단계",
    "EQUIPMENT_KrakGrenade": "대장갑 수류탄 1단계",
    "EQUIPMENT_PsychotrokeGrenade": "사이크스트로크 수류탄 1단계",
    "EQUIPMENT_PsykOutGrenade_3": "사이크아웃 수류탄 3단계",
    "EQUIPMENT_MedicaeSkull_2": "의료용 서보 스컬 2단계",
    "EQUIPMENT_ApothecarionSkull": "아포세카리온 서보 스컬",
    "EQUIPMENT_UnguentsOfWarding_2": "보호의 연고 2단계",
    "EQUIPMENT_LiberDaemonicaPerfectus_3": "데모니쿰 책 3단계",
    "EQUIPMENT_AuguriumScrolls": "예언의 전당 두루말이 1단계",
    "EQUIPMENT_SacredIncense_2": "성스러운 향 2단계",
    "EQUIPMENT_ExtendedMagazine_3": "확장 탄창 3단계",
    "EQUIPMENT_VakirRosarius": "바키르의 묵주",
    "EQUIPMENT_Boltgun_Mutated": "볼트건",
    "EQUIPMENT_BloatedFist": "부푼 폭스워커의 주먹",
    "EQUIPMENT_Baelsword_Mutated": "돌연변이 발레검",
    "EQUIPMENT_Hellblade": "헬블레이드",
    "EQUIPMENT_FragMissileLauncher_FragHorn": "파편 미사일 발사기"
}
