{
    "KORAMAR_VAKIR_COMMANDERHAVEYOURMEN": "사령관, 대원들이 역병의 징후를 수색하도록 하시죠.",
    "KORAMAR_ECTAR_BEVIGILANTBROTHERS": "경계를 늦추지 말게 형제들.",
    "KORAMAR_VAKIR_WAITTHATCREATURE": "잠깐... 저 생명체는!",
    "KORAMAR_VAKIR_ASHAVEI": "맞아요. 폭스워커는 워프 타락의 증거에요. 이건 자연적인 역병이 아닙니다.",
    "KORAMAR_ECTAR_ITISAWARP": "이건 워프 파동이오, 이단심문관... ",
    "KORAMAR_ECTAR_SUCHEVENTSARECOMMON": "이런 일은 사이커들간의 총력전에서 자주 일어나는 일이오.",
    "KORAMAR_VAKIR_ANDYETYOURBROTHERS": "그리고 아직 당신의 형제들은 그들의 힘을 절제하고 있고요.",
    "KORAMAR_VAKIR_SOMETHINGFOULISAT": "무언가 더러운 일이 아래서 일어나고 있군요.",
    "KORAMAR_LUNETE_IWILLNOTTOLERATE": "저는 이 오염이 제 서비터들 사이에서 퍼지는 것을 용납하지 않을 것입니다.",
    "KORAMAR_VAKIR_DONOTOBSTRUCTME": "날 방해하지 말게, 테크 프리스트. 적절한 의례를 따를테니까.",
    "KORMAR_ECTAR_WEWILLDELIVERTHEM": "격리 상태를 확인하고 제대로 충족됐다면 시체를 전달해 드리겠소.",
    "KORAMAR_ECTAR_COMMANDERALLBATTLEBROTHERS": "사령관, 모든 전투 형제가 쓰러졌소!",
    "KORAMAR_VAKIR_TSKIEXPECTEDBETTER": "칫, 전설적인 타이탄의 그레이 나이트 사령관이라면 더 잘할거라 기대했는데 말이죠.",
    "THENEXUS_VAKIR_THECRAFTWORLDHASBEEN": "너글에게 파괴당한 크래프트월드...",
    "THENEXUS_LUNETE_THEXENOARCHEOTECHDEFEATSMY": "외계인의 고대 기술이 제 탐지기를 방해하고 있습니다. 안정적인 것이 맞습니까?",
    "THENEXUS_VAKIR_TENSOFTHOUSANDSOF": "수만 명의 엘다가 여기서 죽었습니다…",
    "THENEXUS_VAKIR_THEIRBLOODANDTORMENT": "그들의 피와 고통이 블룸을 살찌우고 있군요...",
    "THENEXUS_ECTAR_INQUISITORFOCUS": "이단심문관. 집중하게...",
    "THENEXUS_VAKIR_YOURBRAYINGGROWSTIRESOME": "당신의 잔소리로 피곤하군요. 왜 여기 왔는지는 알고 있어요. ",
    "THENEXUS_VAKIR_WEWILLNOTBE": "도착하지 않는 이상 멈출 생각은 없어요.",
    "THENEXUS_VAKIR_THECORRUPTIONTHICKENS": "부패가 짙어지는군요. 제대로 추적중이에요!",
    "THENEXUS_VAKIR_GOTHICMUMBLING": "(하이 고딕어를 중얼거림)",
    "THENEXUS_ECTAR_INQUISITORQUICKLY": "이단심문관, 서두르시오!",
    "KORAMAR_ECTAR_INQUISITORWEHAVESEEN": "이단심문관, 우리도 이런 식으로 걸어다니는 시체를 본 적이 있소.",
    "KORAMAR_VAKIR_COMMANDERISENSEA": "사령관! 아래에 많은 워프 활동이 감지되고 있습니다!",
    "KORAMAR_VAKIR_GOODIWILLEXAMINE": "좋아요. 제가 이 시체를 조사하도록 하죠, 그러니--",
    "KORAMAR_VAKIR_ASATISFACTORYEFFORT": "만족스러운 수고였네요. 이제 내 시체를 가져와 일을 하도록 하죠.",
    "KORMAR_VAKIR_BESWIFTABOUTIT": "신속히 하세요. 이 역병이 행성 너머로 퍼졌다면 우리가 감당해야할 지역은 훨씬 넓어질테니까... ",
    "THENEXUS_VAKIR_FORNOW": "지금은요. 저건 이제 역병신을 섬기고 있고, 제 역할을 다하기 전까지는 파괴되지 않을 겁니다.",
    "THENEXUS_LUNETE_IDETECTGREATNESTS": "크래프트월드 전역에서 대규모 군집의 활동량이 증가하는 것을 감지했습니다. 신속한 행동을 조언드리는 바입니다.",
    "THENEXUS_VAKIR_WERECLOSE": "거의 다 왔어요! 느껴집니다.",
    "THENEXUS_VAKIR_ITSEMANATINGFROMBEHIND": "이 문 뒤에서 뿜어져 나오고 있어요. 이 문의 보호를 해제할 때까지 엄호해 주세요!",
    "THENEXUS_VAKIR_THEWAYISOPEN": "길이 열렸습니다.",
    "THENEXUS_VAKIR_KNIGHTSWITHMEIT": "기사들이여, 절 따라오십시오! 이 역병의 비밀을 파헤칠 시간입니다.",
    "THENEXUS_ECTAR_YOUMUSTWITHDRAWIMMEDIATELY": "이단심문관, 당장 빠져나와야 하오!",
    "THENEXUS_ECTAR_BEWARYBROTHERSPRINCE": "조심하게, 형제들. 저건 너글의 데몬 프린스네.",
    "THENEXUS_KADEX_ANDNOWWARDENTO": "그리고 지금은 할아버지의 장엄한 선물인 블룸의 관리인이지!",
    "THENEXUS_ECTAR_BROTHERSDESTROYTHISPUTRID": "형제들, 부패한 왕자를 쳐부수게!",
    "THENEXUS_VAKIR_ISABRIEFSKIRMISH": "이런 소규모 접전이 황제의 최고 엘리트들에게는 부담이었을까요?",
    "THENEXUS_KADEX_WELCOMEALLTOTHE": "자네들의 구원의 요람에 온걸 환영하네! ",
    "THENEXUS_KADEX_BLESSEDYOUAREINDEED": "너희가 이 역사적인 순간의 증인이 된걸 축하하지!",
    "THENEXUS_KADEX_THEGRANDFATHERWILLBE": "할아버지께서 정말 기뻐하실 것이야!",
    "THENEXUS_KADEX_NOWWAITJUSTA": "잠깐만... 혹시... 그 녀석은 카르타 바키르?",
    "THENEXUS_VAKIR_DOIKNOWYOU": "날 알고 있나 악마?",
    "THENEXUS_KADEX_KNIGHTSYOUHAVEBEEN": "기사들아 너희는 정말 특별한 손님을 데려왔구나.",
    "THENEXUS_KADEX_IHAVEINVITEDMY": "이 오락을 위해 내 모든 무리를 초대 했단다!",
    "THENEXUS_LUNETE_COMMANDER": "사령관! 수천의 워프 징후가 감지됩니다!",
    "THENEXUS_VAKIR_HAVEIT": "됐어요... 거의 다 됐어요....",
    "THENEXUS_LUNETE_COMMANDERTHISDAEMONICPRESENCE": "사령관, 이 악마적 존재가 우리 센서를 압도하고 있습니다. ",
    "THENEXUS_LUNETE_ICANNOTOBTAINA": "순간이동 좌표 고정을 할 수 없습니다!",
    "THENEXUS_KADEX_NEXUSKILLED": "불쌍해라... 내 주인께 너희 안부를 전해주마!",
    "THENEXUS_ECTAR_COMANDERSOMEOTHERPOWER": "사령관, 뭔가 다른 힘이 워프에서 나타납니다!",
    "THENEXUS_KADEX_NEXUSESCAPED2": "이 모든 즐거움을 놓고 가야하다니 유감이야!",
    "KADEXATTACKS_VAKIR_COMMANDERWHEREAREMY": "사령관, 우리 지원군은 어딨나요?",
    "KADEXATTACKS_YOUWILLNEEDTO": "지원군이 도보로 올때까지 침입자들을 막아야 합니다.",
    "KADEXATTACKS_YESKARTHALETUS": "그래 카르타, 춤추자꾸나!",
    "KADEXATTACKS_VAKIR_ECTARICONTENDWITH": "엑타르, 데몬 프린스와 교전중이에요!",
    "KADEXATTACKS_KADEX_IHAVESOMISSED": "이 추격전이 정말로 그리웠단다, 카르타!",
    "III_10_1_LINE01_DRAIGO": "모타리온이 블룸의 압박과 직접적으로 연결되었네.",
    "R5_6_LINE09_VAKIR": "이 수확자는 살려둬서는 안됩니다!",
    "R5_6_LINE07_ECTAR": "불운한 지연이군요.",
    "III_10_1_LINE17_MORTARION": "내 블룸이!",
    "III_10_1_LINE16_MORTARION": "할아버지 너글이시여, 당신의 아들을 보호해주소서!",
    "III_10_1_LINE11_MORTARION": "그만! 내 분노를 목도하라, 말카도르의 작은 아이들아.",
    "III_10_1_LINE08_MORTARION": "어디 감히 내 사랑스러운 뿌리를 짓밟느냐!",
    "III_10_1_LINE14_MORTARION": "이 하찮은 마법사 놈들은 더는 날 방해하지 못할 것이다!",
    "III_10_1_LINE07_MORTARION": "블룸이 우리와 함께한다.",
    "III_10_1_LINE18_MORTARION": "카덱스 이 믿을 수 없는 벌레 같으니라고, 무슨 짓을 저지른거냐?",
    "III_10_1_LINE10_MORTARION": "시길라이트의 군단이 얼마나 한심해진 것이냐. 나약한 것들!",
    "III_10_1_LINE13_MORTARION": "복수가 이단심문관의 영혼보다 더 달콤하구나!",
    "III_10_1_LINE09_MORTARION": "인퀴지터의 고통받는 영혼의 티끌이 남아 아직도 맛볼 수 있구나...",
    "III_10_1_LINE04_MORTARION": "내가 이 무대에서 너의 역할을 설계했다. 이 저주받은 챕터에 고통을 안겨주마!",
    "III_10_1_LINE20_MORTARION": "드라이고! 넌 이길 수 없다!",
    "R5_4_LINE12_ECTAR": "들었나, 형제들?",
    "III_10_1_LINE19_KADEX": "주인님, 저는 그저 당신이 원하신대로 했을 뿐입니다!",
    "III_10_1_LINE15_MORTARION": "벌레들! 넌 날 멈출 수 없다!",
    "III_10_1_LINE06_MORTARION": "할아버지의 정원에 있는 날 해칠 수는 없을거다!",
    "III_10_1_LINE05_MORTARION": "수천년간 내 데스 가드를 병들게 한 챕터에게 복수를 해주마!",
    "III_10_1_LINE02_DRAIGO": "그를 약화시켰다면, 내가 이 뿌리를 자를 희망이 있을 걸세.",
    "R5_6_LINE06_VAKIR": "짐승의 영혼이 사라졌습니다... 놓쳐버렸어요!",
    "R4_4_LINE22_ECTAR": "뭐라고?",
    "THENEXUS_KADEX_OHWHEREAREMY": "이런 내 정신좀 봐. 나는 카덱스라는 이름으로 칭해지는 카덱스 일카리온이며, 일곱 째 질병의 아들이자, 시스터모니우스의 \"야수\"일세... ",
    "THENEXUS_ECTAR_YOUMOCKUSNOW": "우릴 놀리고 있군요, 하지만 알아두시오: 만일 내 형제들이 당신이 시간을 끌어 다치기라도 한다면 책임을 져야할거요.",
    "THENEXUS_KADEX_MYDEARYOUARE": "얘야, 넌 우리의 자그마한 모험 중에 마주친 정말 완벽한 수집품이구나.",
    "THENEXUS_KADEX_OHHOWTHRILLINGTO": "타이탄에서 온 대단한 손님과의 오락이라니 이 얼마나 황홀한가!",
    "THENEXUS_KADEX_NEXUSESCAPED1": "이런 내가 또 다른 약속에 늦은 것 같군!",
    "KADEXATTACKS_INTERNALTELEPORTATIONISDISRUPTED": "내부의 순간이동이 방해받고 있습니다.",
    "R2_4_LINE17_ECTAR": "어서 추방하십시오!",
    "R2_4_LINE02_ECTAR": "뭘 알았소이까?",
    "R2_4_LINE03_LUNETE": "야수는 자신의 아군들로부터 에너지를 얻는 것으로 보이며, 그 모든 것들과 사이킥 연결을 유지하고 있습니다... ",
    "R1_4_LINE24_ECTAR": "놈이 취약해졌습니다! 지금 공격하십시오!",
    "R2_3_LINE01_MALATHIAN": "아... 시질라이트의 강아지들이로구나.",
    "R1_6_LINE01_LUNETE": "데몬 엔진이 분해되었습니다.",
    "R1_4_LINE09_MORGELLUS": "기계는 역병 신을 섬기기 위해 존재한다...",
    "KADEXATTACKS_ECTAR_WITHYOULEAVECOMMANDER": "사령관의 허가가 있다면, 내가 이 침입자들을 격퇴하겠습니다.",
    "KADEXATTACKS_KADEX_WHYDOYOUFLAIL": "왜 이리 움직이는 건가, 카르타?",
    "KADEXATTACKS_KADEX_YOURCODEXISDUST": "너의 코덱스는 먼지가 됐고, 더 이상 블룸을 억제할 수 없다!!",
    "KADEXATTACKS_LUNETE_INSURGENTSHAVEPENETRATED": "침입자들이 칙령함의 핵심 시스템을 57.3% 잠식했습니다. 제 서비터들은 현재 마인드락 상태에 빠졌습니다.",
    "SACRISTA_VAKIR_SILENCE": "입닥쳐!",
    "SACRISTA_ECTAR_INQUISITOR": "이단심문관?",
    "KADEXATTACKS_KADEX_LEGIONNAIRES": "병사들아! 이 은빛 농노 놈들이 시간을 끌게 하지 말거라. 이단심문관을 데려와라!",
    "KADEXATTACKS_LUNETE_COMMANDERIHAVECALMED": "사령관. 칙령함의 통제 불능 상황을 잠재웠습니다.",
    "KADEXATTACKS_KADEX_BAHOURGOALIS": "핫, 우리의 목표는 달성되었다.",
    "KADEXATTACKS_KADEX_ISHOULDNOTOUTSTAY": "내가 너무 오래 머물러서 폐를 끼쳐서는 안되겠지 카르타?",
    "KADEXATTACKS_KADEX_PLAGUEMONGERWITHDRAW": "플레이그몽거, 물러나라!",
    "KADEXATTACKS_KADEX_PLAGUEMONGERWITHDRAWOURFORCES": "플레이그몽거, 우리 병력을 물려라!",
    "KADEXATTACKS_ECTAR_COMMANDERWEHAVEEXTERMINATED": "사령관, 모든 침입자를 쓸어버렸는데 저 데몬 프린스는 아직도 우릴 조롱하는겁니까?",
    "KADEXATTACKS_KADEX_THEGRANDFATERWELCOMES": "할아버지는 팔을 벌리고 널 환영하고 있단다…",
    "R1_3_LINE16_MORGELLUS": "내게 약간의 수리가 필요한데 말야...",
    "R1_3_LINE17_LUNETE": "거절한다. 혐오물아.",
    "R1_4_LINE03_ECTAR": "우리의 신성한 갑옷은 너의 손에 더럽혀지지 않는다!",
    "R1_3_LINE05_MORGELLUS": "네놈들의 숫자는 아무 의미도 없다:",
    "SACRISTA_VAKIR_LIES": "거짓말!",
    "KADEXATTACKS_VAKIR_LIAR": "거짓말! 네가 여기 남은 건 너의 주인이 내가 널 막기 위해 할 것이 무서워서 그런거잖느냐!",
    "KADEXATTACKS_LUNETE_DEATHGUARDTELEPORTATION": "데스 가드의 순간이동이 37초 안에 봉쇄됩니다.",
    "KADEXATTACKS_LUNETE_VOIDSHIELDSFULLYRESTORED": "보이드 실드가 완전 복구되었습니다, 사령관.",
    "KADEXATTACKS_KADEX_ILETYOURUN": "널 너무 오랫동안 도망치게 뒀구나 카르타. 넌 영광스러운 블룸의 성장을 가로막는 잡초야.",
    "KADEXATTACKS_VAKIR_BACKFIEND": "물러나라 악마야! 이 세계에 더는 있지 못할거다!",
    "KADEXATTACKS_VAKIR_THISTIMEYOUWILL": "이번에는 도망치지 못할거다 악마.",
    "KADEXATTACKS_VAKIR_YOUWILLBEMINE": "넌 이제 내 것이다.",
    "KADEXATTACKS_KADEX_WHYKARTHAIDIDNT": "어째서 카르타, 난 네가 그렇게나... 신경쓰는줄도 모르고...",
    "KADEXATTACKS_VAKIR_PITIFUL": "한심하군.",
    "R5_4_LINE09_LUNETE": "갱신: 팔이 순수한 블룸 정수로 변형되었습니다.",
    "R5_3_LINE02_LUNETE": "확실합니다. 카오스 스폰이라고 불리는 개체입니다.",
    "R5_3_LINE03_ECTAR": "나는 지금껏 이런 카오스 스폰은 본 적이 없소…",
    "R5_3_LINE04_LUNETE": "분석: 외부적으로 드러나는 방어 체계가 없습니다.",
    "R5_3_LINE05_ECTAR": "이 수확자가 일종의 실패작일 가능성이 있소?",
    "R5_3_LINE06_ECTAR": "형제들, 접근에 조심하게!",
    "R5_3_LINE08_ECTAR": "무기를 준비하십시오, 사령관님. 이 야수를 제거해야 합니다!",
    "R5_4_LINE03_LUNETE": "피해량이 불충분합니다.",
    "R5_4_LINE04_LUNETE": "이 짐승이 즉각적인 재생을 하고 있습니다.",
    "R5_4_LINE05_ECTAR": "사령관님, 이 전술은 무의미합니다!",
    "R5_4_LINE06_ECTAR": "짐승의 공격은 저 팔을 통해 이루어집니다, 그걸 잘라내십시오!",
    "R5_4_LINE07_ECTAR": "형제들이여, 무기를 들고 공격하라!",
    "R5_4_LINE01_LUNETE": "흥미로움: 세포 활동이 위축되었다가 완전히 재생되고 있습니다.",
    "R5_3_LINE01_ECTAR": "이 생물이... 무니피쿠스인가?",
    "KADEXATTACKS_KADEX_IHAVEONLYLIFTED": "오, 얘야! 나는 그저 그들의 눈으로부터 장막을 걷어내 주었을 뿐이란다!",
    "KADEXATTACKS_KADEX_ALLOWMETOLIFT": "네게도 그리 할 수 있도록 해 다오.",
    "KADEXATTACKS_KADEX_YOUCANNOTSTOPIT": "너는 막을 수 없다, 카르타 바키르.",
    "KADEXATTACKS_KADEX_COMETURNFROMHIS": "와라, 놈의 빛을 등져라.",
    "KADEXATTACKS_VAKIR_HAHYOUSEETHAT": "하. 봤느냐, 겁쟁아?",
    "KADEXATTACKS_VAKIR_NONOTYET": "아, 아직은 안 돼! 나는 반드시…",
    "KADEXATTACKS_KADEX_YOUWILLBEMY": "너는 우리가 블룸의 필연, 모르부스를 기념하는 자리에 내 귀빈으로서 함께하게 될 거다!",
    "SACRISTA_ECTAR_OURGOALISTHE": "우리의 목표는 성소 안쪽, 뭘 해야할지 알고 있을겁니다.",
    "SACRISTA_LUNETE_INTRIGUINGTHEBLACKSTONECONSTRUCTS": "흥미롭군요, 블랙스톤 구조물이 워프의 주민들을 내뱉는 통로가 되어 있습니다....",
    "SACRISTA_ECTAR_BROTHERSTAKEHEEDOF": "형제들. 녹틸러스 크라운에 주의를 기울이도록.",
    "R5_6_LINE08_VAKIR": "우린 노력을 더 배가해야 해요!",
    "R5_6_LINE05_LUNETE": "일치: 추출 과정을 시작하겠습니다.",
    "R5_6_LINE04_VAKIR": "시초의 씨앗을 반드시 회수해야 합니다.",
    "R5_6_LINE03_VAKIR": "축하는 미뤄두도록 하지요, 퓨리파이어.",
    "R5_6_LINE02_ECTAR": "수고하셨습니다, 사령관.",
    "R5_6_LINE01_ECTAR": "죽지 않는다는 건 어울리지 않는 별명이었습니다.",
    "R5_4_LINE13_ECTAR": "밀어붙여서 저 괴물을 파괴하라!",
    "R5_4_LINE11_LUNETE": "상태 갱신: 수확자가 더 이상 팔을 재생하지 못 하는 것으로 보입니다.",
    "R5_4_LINE10_ECTAR": "형제들, 블룸 스폰을 주의하라!",
    "R5_4_LINE08_ECTAR": "바로 그거다, 형제들이여!",
    "R5_4_LINE02_ECTAR": "짐승이 블룸에서 돌연변이를 일으켰으니 우리가 저 힘에 대해 더 정확하게 알아야 하겠지... ",
    "R4_6_LINE12_ECTAR": "칙령함에 복귀해 다음 계획에 대해 이야기 해봅시다.",
    "R4_6_LINE11_VAKIR": "이건 이상과는 거리가 멀군요, 사령관. 우린 시초의 씨앗이 필요합니다.",
    "R4_6_LINE09_CRUCIATUS": "지금 내게는 해야 할 의무가 있으나, 타이탄에서 내 기량에 걸맞는 자를 육성해낸다면 언제든지 나를 찾아와라!",
    "R4_6_LINE08_CRUCIATUS": "진정한 대전사가 승리를 얻어냈도다!",
    "R4_6_LINE07_VAKIR": "우리는 시초의 씨앗을 추출하고 사냥을 계속해야 해요.",
    "R4_6_LINE06_VAKIR": "뭐, 상관없지요. 그런 축하연은 기다릴 수 있으니:",
    "R4_4_LINE12_LUNETE": "예상 밖임.",
    "R4_4_LINE05_LUNETE": "순간이동은 불가능합니다.",
    "R4_3_LINE08_CRUCIATUS": "네 이름을 밝혀라!",
    "R4_6_LINE05_VAKIR": "'아무 도움 없이'라고요, 엑타르?",
    "R4_6_LINE03_ECTAR": "이건 인상적인 승리입니다!",
    "R4_4_LINE26_ECTAR": "이걸로 끝인가?",
    "R4_4_LINE27_ECTAR": "해치운건가?",
    "R4_4_LINE04_LUNETE": "... 복스 통신이 복구되었으나, 워프 간섭이 남아 있습니다.",
    "SACRISTA_ECTAR_YOUMUSTMAKEHASTE": "서둘러 내부 성소로 이동해야 하오!",
    "SACRISTA_KADEX_YESTHE HOLYBEAUTIFUL": "그래, 역병의 신께서 만드신 신성하고 아름다운 역작이다!",
    "SACRISTA_ECTAR_INQUISITORTHEENEMYSREINFORCEMENTS": "이단심문관, 적의 증원은 멈추지 않을 거요. ",
    "SACRISTA_VAKIR_TRYINGECTAR": "노력 중이에요, 엑타르.",
    "SACRISTA_ECTAR_FOCUSINQUISITORVAKIRSTAY": "집중하시오, 이단심문관 바키르. 분대 곁에 있으시오!",
    "SACRISTA_VAKIR_YOUARENOTHING": "너는 아무 것도 아니다.",
    "SACRISTA_KADEX_WITNESSITKARTHATHE": "보거라, 카르타. 카오스의 관문이 해방되었다!",
    "SACRISTA_VAKIR_NO": "안돼!",
    "SACRISTA_ECTAR_SHEMUSTPREVAIL": "그녀는 버텨낼 거요.",
    "SACRISTA_KADEX_AMIUPTHERE": "내가 네 함선에 사로잡혀 있는 건가?",
    "SACRISTA_KADEX_ORAREYOUDOWN": "아니면 네가 여기서 나와 함께 갇힌 건가?",
    "SACRISTA_KADEX_YESYESKEEPTHAT": "그래-그래! 그 희망을 놓지 말거라!",
    "SACRISTA_KADEX_IWILLSAVOURITS": "그래야 정원에서 네 영혼을 먹어치울 때 그 희망의 달콤함을 음미할 수 있을 테니...",
    "SACRISTA_VAKIR_HOWHOWMANYMUST": "얼마나... 얼마나 많은 이들이 최후의 순간에 이 곳으로 도망쳐와 이 광기를 피하려 했던 거지…",
    "SACRISTA_VAKIR_WEWILLANSWERTHEM": "우리가 이제 그들에게 응답할 것이다, 네 저주받은 씨앗들이 우리 희망의 신호기에 불을 붙일 것이다!",
    "SACRISTA_VAKIR_ITISDONEKNIGHTS": "끝났습니다. 타이탄의 기사들이여, 내게 모이십시오! 의식이 거의 완료되었습니다!",
    "R1_3_LINE01_MORGELLUS": "이게 무스으으은 냄새지?",
    "SACRISTA_KADEX_PERHAPSPERHAPSPERHAPS": "아마, 아마, 아마도... 하지만 나는 아직 네가 찾아 헤매던 진실을 말하지 않았다. 묻는다면 대답해 주마... ",
    "SACRISTA_VAKIR_COMMANDERITISTHERE": "사령관, 저깁니다! 연단 위쪽에 있습니다!",
    "SACRISTA_KADEX_MILLIONSOFPRAYERSCRIED": "수백만의 기도쟁이들이 공허를 향해 울부짖었지만, 네가 섬기는 거짓 황제는 그 누구에게도 답하지 않았지!",
    "R1_3_LINE02_MORGELLUS": "아아아... 내 톱니바퀴에 부을 새 기름들이로구나!",
    "R4_3_LINE09_LUNETE": "나이트 기종: 데세크레이터... 놈의 화력은--",
    "R4_3_LINE10_ECTAR": "--우리를 압도하고 있습니다!",
    "R4_3_LINE11_ECTAR": "사령관님, 공격 방식을 재고하는 것을 조언드립--",
    "R4_3_LINE13_LUNETE": "워프 파동입니다! 간섭이---",
    "R4_3_LINE12_CRUCIATUS": "--후퇴라고?... 너희 같은 자들은 \"공포를 모를지니\" 같은 공허하고 진부한 이야기를 하리라고 생각했거늘.",
    "R4_3_LINE14_CRUCIATUS": "흠. 후퇴는 불명예스러운 일이지...",
    "R4_3_LINE15_CRUCIATUS": "게다가, 난 아주 오랜 시간 동안 진정한 도전을 마주할 날을 기다려왔단 말이다!",
    "R4_3_LINE17_CRUCIATUS": "그리고, 하. 타이탄의 졸개들이 돌아왔구나!",
    "R4_3_LINE18_CRUCIATUS": "누가 내게 다시 도전하겠느냐?",
    "R4_4_LINE01_CRUCIATUS": "젠장맞을, 얼굴을 파괴하다니!",
    "R4_4_LINE02_CRUCIATUS": "거기냐! 반 장님이 된 상대한테 패배한다면 굴욕적이겠지!",
    "R4_4_LINE06_VAKIR": "엑타르. 제가 이 장막을 뚫을 수는 있겠지만, 변종이 너무 강력합니다.",
    "R4_4_LINE07_ECTAR": "그럼 우린 지켜보고 우리가 할 수 있는 작은 지원이라도 해야겠군요.",
    "R4_4_LINE09_ECTAR": "블룸 오염의 부작용 같은 건가?",
    "R4_4_LINE10_LUNETE": "알 수 없습니다. 사령관님, 당신이 보유한 화력이라면 그 발전기를 과부하시키기에 충분할 것입니다.",
    "R4_4_LINE11_ECTAR": "저 장갑을 관통하는 건 어떻게 하나?",
    "R4_4_LINE13_LUNETE": "데세크레이터의 동력 시스템이 과부하되었습니다.",
    "R4_4_LINE14_ECTAR": "지금이 기회다, 형제들!",
    "R4_4_LINE16_LUNETE": "관찰: 산업용 승강기가 대량의 플라즈마 화물을 운반하고 있습니다.",
    "R4_4_LINE17_ECTAR": "흠, 아마도 저 기중기를 유용하게 사용할 수 있겠구려.",
    "R4_3_LINE16_CRUCIATUS": "와라, 타이탄의 기사들아. 약속하건대 간단히 죽여주지는 않겠다!",
    "R4_3_LINE19_ECTAR": "형제들이여! 만회할 기회가 왔다. 이 혐오체에게 진짜 기사란 무엇인지 보여줘라!",
    "R4_4_LINE08_LUNETE": "분석: 이온 실드의 방어력은 가공할 수준이나, 그 동력 공급은 불안정합니다.",
    "R4_4_LINE15_ECTAR": "약점을 찾아서 공격하라!",
    "R1_3_LINE03_ECTAR": "사령관님, 시초의 씨앗의 독기가 저 아래를 오염시키고 있습니다. 우리 목표가 분명합니다... ",
    "R1_3_LINE04_MORGELLUS": "더 내려오는 건가?",
    "R1_3_LINE06_MORGELLUS": "열 놈이건 만 명이건, 모두가 내 앞에서 부서져 죽을 것이다!",
    "R1_3_LINE09_MORGELLUS": "그 목소리는... 거짓된 옴니시아의 딸년이냐?",
    "R1_3_LINE10_MORGELLUS": "너, 이리 내려와서 내 수집품에 합류하지 않겠느냐?",
    "R1_3_LINE11_MORGELLUS": "내가 네 기계 신이라는 놈이 너에게 감춰 두었던 비밀들을 가르쳐 줄 수도 있단다...",
    "R1_3_LINE12_LUNETE": "신성모독입니다.",
    "R1_3_LINE13_MORGELLUS": "싫다고? 안됐구나. 내 손으로 네 눈에서 그 조잡한 보호대를 잘라내 주면 진실을 볼 수 있을지도 모르겠구나...",
    "R1_3_LINE14_MORGELLUS": "아아아, 또다시 돌아왔구나... ",
    "R1_3_LINE15_MORGELLUS": "그 테크 프리스트가 너와 함께 있다는 걸 느낄 수 있어서 좋구나...",
    "R1_3_LINE18_MORGELLUS": "또 날 거부하는 거냐?!",
    "R4_4_LINE18_LUNETE": "파괴력: 상당합니다. 엑타르-",
    "R4_4_LINE19_ECTAR": "그렇소. 만약 우리가 저 짐승을 저 기중기들 근처로 유인할 수 있다면, 우리에게 유리한 방향으로 사용할 수 있을 거요.",
    "R4_4_LINE20_ECTAR": "들어갔군! 어떻지 도미누스?",
    "R4_4_LINE21_LUNETE": "나이트의 구조적 온전성에는... 영향이 없습니다.",
    "R4_4_LINE28_LUNETE": "부정적: 나이트는 아직 움직이고 있습니다. 하지만 그 기동력에 손상을 입었습니다.",
    "R4_6_LINE01_ECTAR": "장막이 걷히고 있어요... 해냈습니다.",
    "R1_3_LINE07_LUNETE": "전술 분석: 놈의 사지들이 무기를 움직이고 있습니다.",
    "R1_3_LINE08_LUNETE": "놈의 사지를 우선순위 목표로 지정하십시오...",
    "R1_4_LINE02_MORGELLUS": "하지만 그것들은 내 네크로서스 칼날 앞에서는 그저 걸레자락에 불과할 뿐이다...",
    "R1_4_LINE04_ECTAR": "저 거인이 역겨운 타락으로 포탑들을 통제하고 있습니다. 포탑들을 파괴해야만 합니다!",
    "R1_3_LINE19_MORGELLUS": "이 아나테마의 아들들을 순식간에 해치워 주마. 그리고 너는 나와 함께 비밀을 나누게 될 것이야... ",
    "R1_4_LINE01_MORGELLUS": "네놈들은 그 반짝거리는 갑옷에 자부심을 가지고 있나 보구나…",
    "R1_4_LINE25_ECTAR": "훌륭합니다! 놈을 비틀거리게 만든 것 같군요!",
    "R1_4_LINE05_LUNETE": "반론: 오염된 기계를 정화하게 되면 제국 표준 조준 매개변수를 복구할 수 있을 것입니다.",
    "R1_4_LINE06_ECTAR": "현명한 말씀이오, 도미누스.",
    "R1_4_LINE08_MORGELLUS": "역겹구나! 네놈들이 감히 내 역작을 지워버릴 수 있다고 생각하나, 하지만 그건 아무 상관이 없다... ",
    "R1_4_LINE10_LUNETE": "새로운 공격 패턴이 나타나고 있습니다!",
    "R1_4_LINE12_LUNETE": "경고: 구조물 내구도가 한계에 달했습니다!",
    "R1_4_LINE14_MORGELLUS": "이제 보이나?",
    "R1_4_LINE15_MORGELLUS": "너희의 운명이 저 아래에 있다, 녹과 폐허로 뒤덮인 영원 말이다!",
    "R1_4_LINE16_LUNETE": "갱신: 기능하는 전투 지형이 급격히 줄어들고 있습니다!",
    "R1_4_LINE18_LUNETE": "갱신: 역병 거인의 중앙 반응로가 방어 격자에 전력을 공급하기 시작한 것으로 보입니다.",
    "R1_4_LINE19_ECTAR": "흐으음, 말인즉슨 반응로가 일종의 방어막을 제공하고 있다는 거요?",
    "R1_4_LINE20_ECTAR": "그게 뭘 방어하고 있는 거요?",
    "R1_4_LINE21_LUNETE": "현재의 추정: 사지 취약성.",
    "R1_4_LINE22_LUNETE": "방어 격자가 비활성화되었습니다.",
    "R1_4_LINE27_LUNETE": "경고: 사지의 오작동은 일시적입니다.",
    "R1_4_LINE28_LUNETE": "완전한 파괴를 추천합니다.",
    "R1_4_LINE29_ECTAR": "망치가 내려치리라!",
    "R1_4_LINE31_ECTAR": "제대로 썰었군, 형제들!",
    "R1_4_LINE32_ECTAR": "저 팔이 떨어져나가면 놈의 취약한 중심부가 노출될 겁니다!!",
    "R1_4_LINE33_LUNETE": "과량의 담즙 침전물이 식별되었습니다.",
    "R1_4_LINE35_MORGELLUS": "이 놀이도 이제 슬슬 짜증이 나는구나!",
    "R1_4_LINE36_MORGELLUS": "내 네놈들을 모조리 묻어버리고 이 짓거리를 끝내버리겠다!",
    "R1_6_LINE02_LUNETE": "저 역겨운 기계도착증 환자에게 걸맞는 만족스러운 결말이로군요.",
    "R1_6_LINE03_ECTAR": "힘겨운 전투였습니다, 사령관님!",
    "R1_6_LINE04_ECTAR": "대전사들의 전당에 기록될 만했습니다.",
    "R1_6_LINE09_MORGELLUS": "아나테마가 만든 최고의 병사들도 고작 이 정도냐!",
    "R1_6_LINE10_MORGELLUS": "내게 돌아와라, 화성의 딸아. 진정한 위협은 네 종자들이다.",
    "R1_6_LINE11_LUNETE": "네 도발은... 참을 수 없군.",
    "R1_6_LINE13_ECTAR": "도미누스의 코지테이터가 오작동하기 전에 재집결해야 합니다, 사령관님…",
    "R1_6_LINE06_ECTAR": "힘든 싸움이었단 말이오, 이단심문관. 사령관은 치하받을 만한 자격이 있소.",
    "R1_6_LINE07_LUNETE": "이런 농담은 무의미합니다.",
    "R2_3_LINE02_MALATHIAN": "내가 발견되기 전에 내 일을 끝마칠 수 있기를 바랬거늘...",
    "R2_3_LINE03_MALATHIAN": "상관없다. 너희들은 사소한 문제에 불과해... ",
    "R2_3_LINE04_ECTAR": "여기 있는 형제들 중 단 한 명만 있어도 네놈을 상대하기엔 충분할 거다, 워프의 쓰레기야!",
    "R2_3_LINE06_ECTAR": "운이 좋은 줄 알아라, 악마야. 널 마주하고 있는 게 나였다면 네놈의 죽음은 결코 빠르지 않았을 테니.",
    "R2_3_LINE08_MALATHIAN": "또다시 내 대업을 방해하러 돌아온 것이냐?",
    "R2_3_LINE09_MALATHIAN": "상관없다. 다시 한번 해 보고, 이번에는 너희가 뭐라도 좀 배웠는지 보자고.",
    "R2_4_LINE01_LUNETE": "사령관님: 그랜드 마스터 바우르만드의 악마 조우 기록을 분석했습니다.",
    "R2_4_LINE04_MALATHIAN": "잡담은 그만! 내가 죽음을 이끌고 왔노라!",
    "R2_4_LINE06_LUNETE": "상징물의 힘이 우리의 아스타르테스들과 사이킥적 연결을 형성했습니다.",
    "R2_4_LINE07_ECTAR": "우리가 받은 훈련은 그런 사이킥 공격으로부터 우리를 방어할진대…",
    "R2_4_LINE08_LUNETE": "위험도는 알 수 없습니다.",
    "R2_4_LINE10_ECTAR": "잘 했습니다, 사령관님!",
    "R2_4_LINE11_ECTAR": "저런 우상들은 그 존재 자체로 황제 폐하를 모욕하고 있습니다.",
    "R2_4_LINE12_ECTAR": "모조리 태워버리십시오!",
    "R2_4_LINE09_LUNETE": "조준 우선 순위를 조정할 것을 제안합니다.",
    "R1_4_LINE07_ECTAR": "타락을 정화하면 저 포탑들을 우리에게 유리하게 사용할 수 있을 겁니다.",
    "R1_4_LINE11_LUNETE": "방어 포탑은 이제 우리 것입니다.",
    "R1_4_LINE13_ECTAR": "사령관님, 그 구역이 붕괴되기 전에 우리 형제들을 대피시키십시오!",
    "R1_4_LINE17_ECTAR": "테크 프리스트의 말이 맞습니다, 이 악마를 빨리 처리하지 않는다면 구조물 전체가 붕괴되고 말 겁니다!",
    "R1_4_LINE23_ECTAR": "이제 방어가 해제되었습니다!",
    "R1_4_LINE26_ECTAR": "놈의 상체를 공격하기에 좋은 기회입니다!",
    "R1_4_LINE30_ECTAR": "잘 했네, 형제들. 저 역겨운 흉물을 갈기갈기 찢어버릴 때까지 멈추지 말게나!",
    "R1_4_LINE34_LUNETE": "오스펙스 신호에 따르면 해당 물질의 가연성은 99.9%에 달할 것입니다.",
    "R1_6_LINE05_VAKIR": "자화자찬들은 다 끝내셨는지요?",
    "R1_6_LINE08_LUNETE": "시초의 씨앗을 추출해 격리하고 보호 주문을 펼쳐야 합니다.",
    "R1_6_LINE12_MORGELLUS": "보아하니 여기에서 우리 일은 끝난 것 같군. 난 수확해야 할 게 많거든!",
    "R2_3_LINE05_MALATHIAN": "겁쟁이들이나 할 만한 도발이로구나!",
    "R2_3_LINE07_MALATHIAN": "오, 정말이냐? 그럼 내기를 해 보도록 하지. 네놈이 그 안전한 윗자리에서 얼마나 오랫동안 네 형제들의 고통을 지켜볼 수 있을지 한번 보자고... ",
    "R2_4_LINE05_LUNETE": "갱신: 신성모독적인 상징물이 발견되었습니다.",
    "KADEXATTACKS_KADEX_COMENOWKARTHA": "이리 와라, 카르타. 비굴하게 도움을 찾아대는 건 네게 맞지 않아... ",
    "KADEXATTACKS_KADEX_ITSTRUEHEWASNT": "그래, 녀석은 최고가 아니었…",
    "KADEXATTACKS_KADEX_REGRETTABLEBUTTHEREARE": "유감스럽지만, 저놈 말고도 더 있다!",
    "SACRISTA_VAKIR_BYALLTHATIS": "맙소사…",
    "SACRISTA_VAKIR_NEVERHAVEIFELT": "이런 고통은 느껴 본 적이 없습니다.",
    "SACRISTA_KADEX_YOUWILLFEELALL": "이 모든 고통과 그 이상의 고통도 느끼게 될 거다, 카르타, 곧 말이야…",
    "SACRISTA_ECTAR_THEENEMYISCLEARLY": "적들이 우리의 존재를 인지하고 있는 것은 분명합니다...",
    "SACRISTA_KADEX_INDECIPHERABLECHANTING": "(이해할 수 없는 악마의 합창)",
    "SACRISTA_KADEX_THECRAFTWORLDWASTHE": "크래프트월드가 바로 배양실이었다, 그래, 블룸이 이 곳에서 완성되었다.",
    "SACRISTA_KADEX_ONLYONETHATSHOW": "그저 단 하나뿐이었다... 그자가 얼마나 나약한지 봐라.",
    "SACRISTA_KADEX_ALLITTOOKWAS": "그건 네 거짓 황제를 향한 기도쟁이들의 불협화음 속에 있던 축복받은 목소리 하나만을 앗아갔을 뿐이었다.",
    "SACRISTA_LUNETE_HERBIOSIGNATURESEEMSTO": "그녀의 생체 신호가 끊임없이 변화하고 있습니다.",
    "SACRISTA_ECTAR_SHEISNOTHINGIF": "그녀는 끈기로 가득한 사람이오.",
    "SACRISTA_VAKIR_THATISWHEREIT": "저곳에서 끝날 것입니다.",
    "SACRISTA_KADEX_SECONDHERALDTOTHE": "두 번째 단계에 도달한 블룸의 장엄함과, 그 필연의 모르부스를 보라!",
    "R4_4_LINE24_ECTAR": "그곳에 화력을 집중해야만 하오!",
    "R4_4_LINE25_LUNETE": "심각한 내부 손상이 감지되었습니다.",
    "R2_4_LINE14_ECTAR": "테크 프리스트의 말이 맞습니다, 저 역겨운 우상들이 더 많은 해악을 끼치기 전에 파괴하십시오!",
    "R2_4_LINE15_MALATHIAN": "죽어서 편해질 시간이 아니다...",
    "R2_4_LINE16_ECTAR": "사령관님, 저 아래에서 워프의 파동을 감지했습니다.",
    "R2_4_LINE18_MALATHIAN": "성가신 벼룩들 같으니라고!",
    "R2_4_LINE21_MALATHIAN": "네놈들의 눈알을 씹어먹고 영혼을 수확해주마!",
    "R2_4_LINE22_ECTAR": "인상적인 일격이었습니다!",
    "R2_4_LINE23_ECTAR": "수확자가 균형을 잃었을 때를 놓치지 말고 공세를 강화해야 합니다!",
    "R2_4_LINE24_ECTAR": "훌륭합니다! 그걸로 놈이 우리 형제들의 역겨운 우상을 만들어내는 걸 막았습니다!",
    "R2_6_LINE02_ECTAR": "힘겨운 전투였습니다, 사령관님! 잘 하셨습니다!",
    "R2_6_LINE03_LUNETE": "블룸 메아리가 탐지되었습니다, 저 아래에 시초의 씨앗이 있습니다…",
    "R2_6_LINE04_VAKIR": "훌륭하군요. 씨앗을 회수하고 최대한 빨리 움직이도록 하지요.",
    "R2_6_LINE05_MALATHIAN": "내가 뭐라고 했더냐, 겁쟁아?",
    "R3_3_LINE01_AEGER": "이것 참, 손님이 오셨군?",
    "R2_4_LINE19_MALATHIAN": "작품을 만들어야 하거늘, 이 얼마나 쓸모없는 시간낭비인지!",
    "R2_4_LINE20_MALATHIAN": "역겨운 필멸자들! 혐오스러운 쥐새끼들!",
    "R2_6_LINE01_LUNETE": "임무 완료됨: 객체가 제거되었습니다.",
    "R2_4_LINE13_LUNETE": "경고: 활성화된 상징물들은 극한의 위협을 의미합니다.",
    "R2_6_LINE06_MALATHIAN": "우리가 너희를 위해 일궈 온 파멸의 아주 작은 일부를 맛보았을 뿐이다...",
    "R2_6_LINE07_ECTAR": "상황 갱신: 다른 분대는 얼마나 가까이 있습니까?",
    "R2_6_LINE08_MALATHIAN": "오, 걱정할 필요 없다... ",
    "R2_6_LINE09_MALATHIAN": "난 오늘 너희 방해를 충분히 참아 주었다... 잘 있어라...",
    "R3_3_LINE04_ECTAR": "사령관남, 주의하십시오:",
    "R3_3_LINE05_ECTAR": "악마의 역겨운 하수인들이 이미 이 행성을 감염시켰습니다!",
    "R3_3_LINE06_AEGER": "쯧, 쯧, 쯧... 하늘에서 들려오는 이리도 배은망덕한 말이라니.",
    "R3_4_LINE01_AEGER": "오거라, 내 조카들아, 부끄러워하지 말고!",
    "R3_3_LINE11_AEGER": "빨리도 돌아왔구나, 흐으음?",
    "R3_3_LINE07_AEGER": "내 충성스러운 양떼를 경멸하는 것이 느껴지는구나... 부당하구나.",
    "R3_3_LINE09_AEGER": "너희가 내 제안을 받아들이지 않겠다면, 유감스럽지만 내 영역을 떠나 줄 것을 요청하도록 하지…",
    "R3_3_LINE12_AEGER": "내가 주었던 환상적인 선물들을 또 받고 싶어서 돌아온 건 아니겠지?",
    "R3_3_LINE13_AEGER": "아니라고? 뭐, 상관없다. 내 조카들이 은빛 피에 맛을 들인 차였거든.... ",
    "R3_4_LINE04_LUNETE": "알림: 이 흉물들의 근원을 '생성기'로 규정했습니다. 이것들은 반드시 제거되어야만 합니다.",
    "R3_4_LINE05_AEGER": "내 풍부한 독기가 마음에 드나?",
    "R3_4_LINE06_AEGER": "이리 와서 조금만 있어 보거라, 독기가 너를 축복받은 창백함으로 가득 채워 줄 것이야.",
    "R3_4_LINE08_LUNETE": "분석: 악마가 자신의 역병 하수인들을 섭취하여 스스로를 회복하고 있습니다.",
    "R3_4_LINE09_ECTAR": "형제들, 놈들을 군홧발로 짓밟아 바려라!...",
    "R3_4_LINE11_ECTAR": "우리 형제들이 숫적으로 압도당하려 합니다!",
    "R3_4_LINE12_ECTAR": "우리가 가진 가장 신성한 화력을 투사해 이 싸움을 끝내야 합니다!",
    "R3_4_LINE14_AEGER": "정말이지 따분하고 배은망덕한 손님들이로군!",
    "R3_4_LINE15_AEGER": "우리 모두 블룸의 임박한 모르부스를 축하하고 있었어야 하거늘!",
    "R3_4_LINE16_AEGER": "고맙다, 조카야…",
    "R3_4_LINE17_LUNETE": "피해 감소, 100%",
    "R3_4_LINE19_AEGER": "멍청한 놈! 그 곳에서 거룩한 탄생이 이루어질 수 있었을 텐데...",
    "R3_4_LINE20_ECTAR": "잘 하셨습니다, 사령관님. 그것들을 모조리 제거하십시오!",
    "R3_4_LINE21_ECTAR": "인상적인 전술입니다! 놈들을 모조리 정화의 불길로 씻어내야 합니다!",
    "R3_6_LINE02_LUNETE": "우려: 너글링 감염이 계속되고 있습니다…",
    "R3_6_LINE01_ECTAR": "수확자가 제거됨으로서 우리의 의무는 충족되었습니다.",
    "R3_6_LINE04_ECTAR": "끝났소, 도미누스. 부디 안심하시오.",
    "R3_6_LINE05_ECTAR": "저 역겨운 부산물들은 제놈들의 혈족-주인 없이는 오래 살아남지 못할 거요...",
    "R3_6_LINE07_LUNETE": "거부: 감염의 위협이 아직 남아 있습니다.",
    "R3_6_LINE08_ECTAR": "필요하다면 함선에 무엇이든 가져오기 전에 내 개인적으로 저 아래를 탐색해서 인근을 청소하도록 하겠네.",
    "R4_3_LINE02_CRUCIATUS": "타이탄의 기사들이로군!",
    "R3_6_LINE10_AEGER": "잘들 있으시게나...",
    "R3_6_LINE11_VAKIR": "망할! 소중한 기회를 잃었습니다, 사령관!",
    "R3_6_LINE12_ECTAR": "차질이 생겼음은 분명하지만, 우리는 놈을 다시 찾아낼 거요. 그리고 승리하고 말 거요.",
    "R4_3_LINE03_CRUCIATUS": "나, 크루시아터스는 내 군대에게 너그러운 자라고 불리운다…",
    "R4_3_LINE04_CRUCIATUS": "이는 곧 내가 조부님의 이름 아래 모든 이들이 고통의 선물이 내려주는 치유의 힘을 누려야 한다는 뜻을 가졌기 때문이로다!",
    "R4_3_LINE05_CRUCIATUS": "실로 고결한 목적이지 않은가?!",
    "R4_3_LINE06_ECTAR": "형제들이여, 놈의 신성모독적인 말에 대답해주지 마시오. 우리의 의무는 말장난 따위가 아니오…",
    "R4_3_LINE07_CRUCIATUS": "내기하지 않겠는가?",
    "R4_3_LINE01_CRUCIATUS": "아- 나는 워프 속에서 구역질나는 부패를 느꼈다...",
    "R4_4_LINE23_LUNETE": "하지만 견갑의 파괴를 통해 취약한 기계구조가 노출되었습니다.",
    "R4_6_LINE02_LUNETE": "작전 통제가 복구되었습니다.",
    "R4_6_LINE04_ECTAR": "아무 지원도 없이 카오스 나이트를 물리치는 과업을 달성한 형제들을 향한 칭송이 타이탄의 전당에 울려퍼질 것입니다!",
    "R4_6_LINE10_LUNETE": "오스펙스 통신이 끊겼습니다.",
    "III_10_1_LINE21_MORTARION": "제국에 역병이 도래할 것이며, 나는 영원토록 그것을 퍼뜨릴 것이다!",
    "R3_3_LINE02_AEGER": "축복을 받으러 성스러운 여행을 떠나는 순례자들이신가?",
    "R3_3_LINE03_AEGER": "이리로 와라... 너희의 정당한 왕에게 절하거라. 그러면 내가 너희 모두에게... 환상적인 선물을 내려 주리라!",
    "R3_4_LINE02_AEGER": "너희 놀이상대를 데려왔단다!",
    "R3_3_LINE08_ECTAR": "놈은 저 역겨운... 너글링 무리를 더 많이 불러올 수 있습니다. 부디 조심하십시오!",
    "R3_3_LINE10_AEGER": "싫다고? 안됐군. 하지만 내 조카들을 위한 좋은 수프가 되겠어, 녀석들은 항상 배가 고프거든!",
    "R3_4_LINE03_ECTAR": "사령관님, 이 너글링들은 별 거 아닌 것처럼 보이겠지만, 빠르게 우리를 숫적으로 압도할 겁니다!",
    "R3_4_LINE07_AEGER": "아아아아, 정말이지 달콤한 위안이로구나!",
    "R3_4_LINE10_LUNETE": "경고: 전장의 악마 활동이 치명적인 수준에 도달했습니다.",
    "R3_4_LINE13_AEGER": "그런 노력은 헛수고에 불과하다, 이 어리석음을 회개하고 나의 자비를 받아들여라!",
    "R3_4_LINE18_ECTAR": "사격각에서 저 해충들을 치워버려야만 합니다, 놈들이 제 주인을 위해 희생하고 있습니다!",
    "R3_4_LINE22_ECTAR": "훌륭한 일격이었습니다, 형제여! 저 부풀어오른 돼지가 버둥거리는 걸 보십시오!",
    "R3_6_LINE03_LUNETE": "만전을 기하기 위해 긴급 익스터미나투스를 집행할 것을 조언드립니다.",
    "R3_6_LINE06_VAKIR": "그래요, 정말입니다. 우리는 시초의씨앗을 회수하고 다른 수확자들을 추적해야 합니다!",
    "R3_6_LINE09_AEGER": "이것이 진정한 역병의 힘이다. 하지만 아직 해야 할 일이 많구나.",
    "III_10_1_LINE03_MORTARION": "네가 감히 그 이름을 내 심장에 새긴 이래로, 우리의 운명은 하나로 엮였다."
}
