{
    "Anval": "안발",
    "Aurellian": "아우렐리안",
    "Balwyr": "발위르",
    "Beltic": "벨틱",
    "Borhan": "보르한",
    "Caddon": "카돈",
    "Cador": "카도르",
    "Cadrus": "카드루스",
    "Cephalus": "세팔루스",
    "Chemuel": "케무엘",
    "Corax": "코락스",
    "Crius": "크리우스",
    "Darig": "다리그",
    "Dris": "드리스",
    "Durwyn": "더윈",
    "Dyrus": "디루스",
    "Eamon": "이몬",
    "Eldwin": "엘드윈",
    "Felthrynn": "펠트린",
    "Gal": "갈",
    "Gared": "가레드",
    "Genhain": "겐하인",
    "Gero": "게로",
    "Gulvarn": "굴반",
    "Gunder": "건더",
    "Gunderis": "건데리스",
    "Hahl": "할",
    "Henric": "헨릭",
    "Ilias": "일리아스",
    "Ionas": "로나스",
    "Jakon": "자콘",
    "Kalman": "칼맨",
    "Khedrin": "케드린",
    "Krask": "카라스크",
    "Leofric": "레오프릭",
    "Loric": "로릭",
    "Lucan": "루칸",
    "Malik": "말릭",
    "Mithrac": "미스라크",
    "Nematon": "네마톤",
    "Oberon": "오베론",
    "Olric": "올릭",
    "Orhron": "오론",
    "Osman": "오스만",
    "Proteus": "프로테우스",
    "Rathoman": "라토만",
    "Rian": "리안",
    "Sirus": "시리우스",
    "Tancred": "탱크리드",
    "Tao": "타오",
    "Tarik": "타릭",
    "Tauros": "타우러스",
    "Torvald": "토르발드",
    "Tregwyr": "트레그위르",
    "Tychon": "티코",
    "Ulwyn": "울윈",
    "Uresthe": "유레츠",
    "Vitold": "바이톨드",
    "Voldred": "볼드레드",
    "Xedric": "제드릭",
    "Yullus": "율루스",
    "Kartha": "카르타",
    "Kaldor": "칼도르",
    "Castellan": "카스텔란",
    "Garran": "가란",
    "Commander": "사령관",
    "Aelvar": "아엘바르",
    "Arelis": "아릴리스",
    "Bhask": "바스크",
    "Bors": "보르",
    "Cadulon": "캐들론",
    "Corvane": "코르베인",
    "Crassus": "크라수스",
    "Dalmar": "달마르",
    "Decran": "데크란",
    "Durant": "듀란트",
    "Dvorn": "드본",
    "Elgon": "엘곤",
    "Esdrios": "에스드리오스",
    "Garr": "가르",
    "Gul": "굴",
    "Hale": "할",
    "Harne": "하르네",
    "Ignatius": "이그나티우스",
    "Invio": "인비오",
    "Iolanthus": "이올란투스",
    "Issad": "이사드",
    "Kai": "카이",
    "Kain": "케인",
    "Kalmar": "칼마르",
    "Kern": "케른",
    "Malchus": "말고",
    "Myr": "미르",
    "Palamedes": "팔라메데스",
    "Pardum": "파르둠",
    "Phoros": "포로스",
    "Rao": "라오",
    "Rugan": "루간",
    "Rythvane": "리드베인",
    "Santor": "산토르",
    "Solor": "솔라",
    "Sorak": "소락",
    "Storm": "스톰",
    "Tarn": "타란",
    "Tekios": "테키오스",
    "Thawn": "타운",
    "Thule": "툴",
    "Tor": "토르",
    "Tydes": "티데스",
    "Uther": "우서",
    "Valdar": "발다르",
    "Varn": "바란",
    "Vorn": "보른",
    "Vortimer": "보르티머",
    "Zaebus": "제버스",
    "Vakir": "바키르",
    "Draigo": "드라이고",
    "Agravain": "아그라베인",
    "Balan": "발란",
    "Ector": "엑토르",
    "Elhum": "엘험",
    "Kiel": "킬",
    "Zephyr": "제퍼",
    "Aldar": "알다르",
    "Edeon": "에데온",
    "Nedth": "네드스",
    "Neodan": "네오단",
    "Trevan": "트리반",
    "Crowe": "크로",
    "Aegir": "아에기르",
    "Agravald": "아그라발드",
    "Alaric": "알라리크",
    "Aldred": "알드레드",
    "Caesarian": "카이사리안",
    "Justinian": "유스티니안",
    "Pelleas": "펠레아스",
    "Scythian": "스키타이",
    "Tarvus": "타르버스",
    "Adantor": "아단토르",
    "Garedian": "게레디안",
    "Massius": "마시우스"
}
