{
    "GrandMasterReport1_1_Intro1_Text": "이단심문관 바키르: 여긴 오르도 말레우스 이단심문관 카르타 바키르다. 난 이빅시아 다니카의 제자이며, 접속 코드 \"클라리온 마젠타 11-17-21\"이다. 타이탄 측으로부터의 즉각 응답을 바란다.",
    "GrandMasterReport1_1_Choice0_MenuText": "블룸 씨앗에 대해 의논한다.",
    "GrandMasterReport1_1_Choice1_MenuText": "타이탄으로 돌아가야 한다.",
    "GrandMasterReport1_1_Intro4_Text": "그랜드 마스터 카이: ... 그레이 나이트의 타격 순양함을 징발한 거요?!",
    "GrandMasterReport1_1_Choice0P1_Text": "그랜드 마스터 카이: 흥미롭군... 하지만 이 은하는 풀리지 않는 수수께끼들로 가득하지...",
    "GrandMasterReport1_1_Choice0P2_Text": "이단심문관 바키르: 저는 이 폭스워커들이 더 거대한 암적 존재의 증거라고 확신합니다. 저는 단지 추가적인 연구를 수행할 시간이 조금 필요할 뿐입니다..",
    "GrandMasterReport1_1_Intro3_Text": "이단심문관 바키르: 그랜드 마스터, 제가 악의의 칙령함을 징발했습니다. 우리는 위기에...",
    "GrandMasterReport1_1_Choice0P3_Text": "그랜드 마스터 카이: 좋소이다, 난 특별한 이유가 있지 않은 이상 내 명령을 뒤늦게 후회하는 취미는 없으니 말이요.\n당장은 악의의 칙령함을 그대의 지휘에 두도록 하겠소...",
    "GrandMasterReport1_1_Choice1P1_Text": "이단심문관 바키르: 일상적인 위협이라고요?! 우리가 수집한 표본은 훨씬 더 사악한 일이 일어나고 있다는 것을 증명하고…",
    "GrandMasterReport1_1_Choice2_MenuText": "이단심문관의 말에 동의한다.",
    "GrandMasterReport1_1_Choice2P1_Text": "그랜드 마스터 카이: 자네의 형제들 중 단 한 명만으로도 그런 기생충 무리들을 해치울 수 있을 텐데, 어째서 이 이단심문관에게 타격대 전체를 배정해줘야 하는 건가?",
    "GrandMasterReport1_1_Outro3_Text": "이단심문관 바키르: 하지만 전–\n(통신 연결 종료)\n항상 이런 식이지...",
    "GrandMasterReport1_2_Intro6_Text": "이단심문관 바키르: 내 연구를 완전히 무시했어요!",
    "GrandMasterReport1_2_Intro7_Text": "엑타르 형제: 그랜드 마스터께서는 이단심문소의 편이 아니시오.",
    "GrandMasterReport1_2_Choice0_MenuText": "씨앗을 증거로 타이탄에 보낸다.",
    "GrandMasterReport1_2_Choice0P1_Text": "이단심문관 바키르: 그 씨앗들은 내 연구에 필수적이에요! 내 보고만으로 충분...",
    "GrandMasterReport1_1_Intro5_Text": "이단심문관 바키르: 이건 나의 권리입니다. 이 성계에서의 끔찍한 징조를 예견했고, 이미 너글의 폭스 워커들이 자유롭게 돌아다니고 있습...",
    "GrandMasterReport1_1_Intro6_Text": "그랜드 마스터 카이: 아 그러신가? 그쪽의 능력 좋은 요원들이 그런... 저급한... 카오스 위협을 해결하지 못한게 놀랍구려. 아그라베인, 혹시 이 말도 안되는 소리에 대해 설명해줄 수 있겠나?",
    "GrandMasterReport1_1_Choice2P2_Text": "이단심문관 바키르: 저는 이 폭스워커들이 더 거대한 암적 존재의 증거라고 확신합니다. 저는 단지 추가적인 연구를 수행할 시간이 조금 필요할 뿐입니다..",
    "GrandMasterReport1_1_Intro8_Text": "그랜드 마스터 카이: 아, 엑타르 형제, 그건 안타까운 소식이군. 그렇다면 그를 대신할 형제를 임명했을텐데? 그럼 사령관, 말해보게. 이 이단심문관의 말에 대해 어떻게 생각하나?",
    "GrandMasterReport1_1_Choice2P3_Text": "그랜드 마스터 카이: 좋소이다, 난 특별한 이유가 있지 않은 이상 내 명령을 뒤늦게 후회하는 취미는 없으니 말이요.\n당장은 악의의 칙령함을 그대의 지휘에 두도록 하겠소...",
    "GrandMasterReport1_1_Choice1P2_Text": "그랜드 마스터 카이: 증명은 신뢰성 있는 자료를 통해서 이루어지는 것이오, 이단심문관. 아직 당신은 그러한 자료를 제시하지 못했소. 이것이 심각한 전염병 사태가 아닐 경우, 나는 내 형제들을 타이탄으로 복귀시킬 거요.",
    "GrandMasterReport1_2_Intro8_Text": "이단심문관 바키르: 흥! 우리는 이 영원한 전쟁 속에서 동맹이 아니었던가요?",
    "GrandMasterReport1_1_Intro7_Text": "엑타르 형제: 주군, 그는 케이디움 신도들을 상대로 한 지난 작전에서 전사했습니다. 이단심문관이 개입하기 전 저희는 수리를 위해 타이탄으로 귀항하고 있었습니다...",
    "GrandMasterReport1_1_Intro2_Text": "그랜드 마스터 카이: 그랜드 마스터 바르단 카이가 응답하겠소, 이단심문관. 당신이 하고 있는 일은 이단의 경계에 서 있소, 벌써부터 당신이 태워버린 아스트로패스들의 비명소리가 워프를 울리고 있단 말이오! 키메라 성계에서 작전을 수행하고 있던 사령관이 나였음을 다행으로 여기도록 하시오. 설명할 기회를 주겠소. ",
    "GrandMasterReport1_1_Choice1_Text": "[b:당신: 이 사태는 사소한 문제로 보이며, 악의의 칙령함은 심각한 피해를 입은 상태입니다. 지금의 상태로 일상적인 위협을 뒤쫓기보다는 즉각 타이탄으로 귀함해야 합니다.]",
    "GrandMasterReport1_1_Choice0_Text": "[b:당신: 그녀의 말에도 일리가 있습니다, 그랜드 마스터. 이단심문관이 폭스워커의 시체에서 오염된 아티팩트를 발견했습니다. 이 곳에서 뭔가 사악한 행위가 이루어지고 있습니다...]",
    "GrandMasterReport1_1_Choice2_Text": "[b:당신: 그녀의 말에도 일리가 있습니다, 그랜드 마스터: 징후들이 폭스워커 몇 놈 이상의 무언가가 이 곳에 있음을 말하고 있습니다. 저는 악을 근절할 때에는 철저해야 한다고 배웠습니다.]",
    "GrandMasterReport1_1_Choice1P3_Text": "이단심문관 바키르: 그렇다면 저로서는 이 문제를 수석 이단심문관께 상신해야만 할 것 같군요. 악의의 칙령함은 정식 재판을 할 수 있을 때까지 이 자리에 머물러 있어야만 할 테고, 우리의 현재 위치를 감안하면 그 때까지 몇 달은 걸리겠군요. 정말 불행한 일이군요, 이 지겨운 관료주의를 피할 수 있기를 바랬거늘.",
    "GrandMasterReport1_1_Choice1P4_Text": "그랜드 마스터 카이: ...아무리 심각한 상태라 한들 챔버 밀리턴트가 의무를 회피하는 모습을 보여서는 안 되겠지. 당장은 악의의 칙령함을 그대의 지휘하에 두고 내가 보낼 수 있는 자원들을 보내주겠소.",
    "GrandMasterReport1_1_Outro1_Text": "이단심문관 바키르: 감사합니다, 그랜드 마스터... 하지만 제가 당신과 이야기를 나누고자 했던 이유는 아직 남아있습니다. 타이탄의 병기고 관리자로서, 더 많은 지원을 해줄 수는--",
    "GrandMasterReport1_2_Intro1_Text": "그랜드 마스터 카이: 내 당신의 보고를 상세히 확인했소, 이단심문관. 당신이 있는 성계에서 역병신의 하수인들이 더 활발하게 활동하고 있다는 것은 확실하오. 하지만 이 활동이 전 은하적인 수준의 대유행을 촉발할 것이라는 증거는 부족하오…",
    "GrandMasterReport1_2_Intro2_Text": "이단심문관 바키르: 설명을 해도--",
    "GrandMasterReport1_2_Intro3_Text": "그랜드 마스터 카이: --아직 끝나지 않았소. 솔직히 말하건대, 악의의 칙령함은 더 활발한 위협에 투입하기에는 너무 큰 손상을 입은 상태요. 그게 내가 함선을 임시로 당신의 지휘하에 두는 것을 승인한 이유요.",
    "GrandMasterReport1_2_Intro4_Text": "이단심문관 바키르: 그럼 제가--",
    "GrandMasterReport1_2_Intro5_Text": "그랜드 마스터 카이: 아니, 안 되오. 당신이 내 함선을 사용할 수 있도록 허락한 것은 당신의 불만을 최소화시키기 위한 조치였을 뿐이오. 당신이 스스로의 이론에 대해 더 설득력 있는 증거를 제공하지 않는 한 거기까지가 내 관대함의 한계치일 거요. 그 동안 당신이 제국에 대한 사령관의 봉사를 방해하지 않으리라 믿겠소이다...\n(통신 연결 종료)",
    "GrandMasterReport1_2_Intro9_Text": "엑타르 형제: 그레이 나이트는 챔버 밀리턴트로서 1만년의 세월을 봉사해 왔지만, 바르단 카이 경과 이단심문소 사이에는 껄끄러운 과거가 있소. 그래도 그분은 매우 원칙적인 분이시오. 우리가 이 역병의 위협이 증가하는 것을 더 명확하게 수치화할 수 있다면 그분께서 더 많은 지원을 베풀어 주시리라고 확신하오. 사령관님, 어떻게 하시겠습니까?",
    "GrandMasterReport1_1_Outro2_Text": "그랜드 마스터 카이: --아직은 내게 감사를 표할 때가 아니오: 60 티르티엔 태양일의 시간을 줄 테니, 그 안에 이 위협이 타격대 전체를 투입해야 할 만큼 심각한 문제라는 것을 증명하도록 하시오... 타격대 사이포스가 전투로 손실을 입었을지언정 그들은 은하계 전역에서 벌어지는 작전들에서 유용히 쓰일 수 있소. 내 무기고에서의 추가 지원은 위협이 입증된 뒤에 해 주도록 하지.",
    "GrandMasterReport1_2_Choice0_Text": "[b:당신: 타이탄에 우리가 모은 역겨운 블룸 씨앗을 하나 보냅시다. 이 위협이 절대 사소한 게 아니라는 확실한 증거이니 말입니다.]",
    "GrandMasterReport1_2_Choice0P2_Text": "엑타르 형제: 훌륭한 판단입니다, 사령관님. 이 새로운 오염에 대한 실질적인 증거를 통해 그랜드 마스터의 관심과 지원을 끌어낼 수 있을 것입니다. 씨앗이 안전하게 운반될 수 있게끔 필수적인 보호 주문을 준비해 두겠습니다...",
    "GrandMasterReport1_2_Choice1_Text": "[b:당신: 당신의 자료 처리를 도울 아포세카리 한 명을 할당해주겠소, 이단심문관.]",
    "GrandMasterReport1_2_Choice1_MenuText": "보고서 준비 작업을 위해 아포세카리를 할당해준다.",
    "GrandMasterReport1_2_Choice1P1_Text": "이단심문관 바키르: 저는 제 힘으로 데이터를 정리할 수 있습니다! 하지만 당신의 호의를 받아들이도록 하죠. 이 위협을 심각하게 받아들여줘서 든든하군요.",
    "GrandMasterReport1_2_Choice2_Text": "[b:당신: 그럼 다른 그랜드 마스터에게 요청을 하는 건 어떻겠습니까? 다른 곳에서 더 많은 지원을 찾을 수 있을지도 모르지요. ]",
    "GrandMasterReport1_2_Choice2_MenuText": "카이를 우회해 지원 방법을 찾는다.",
    "GrandMasterReport1_2_Choice2P1_Text": "이단심문관 바키르: 사령관이 핵심을 짚었군요. 제가 듣기로는... 7번째 형제단이 이단심문소와 연이 있었죠? 그들에게 도움을 받을 수 있을지도 모릅니다...",
    "GrandMasterReport1_2_Choice2P2_Text": "엑타르 형제: 이단심문관의 무지함은 넘어갈 수 있겠지만, 이런 일련의 사고를 당신에게서 듣게 되다니 실망스럽군요, 사령관님. 타이탄의 병기고에 대한 권한은 카이 경의 독점적인 영역이며, 이 권한을 약화시키려는 그 어떤 시도도 우리를 합당한 처벌 대상으로 만들 것입니다!",
    "GrandMasterReport1_2_Choice3_Text": "[b:당신: 엑타르, 그랜드 마스터께서 우릴 믿고계십니다. 제 서약의 방패에 기록된 글귀들은 다른 이들보다 짧을 수 있겠으나, 그를 실망시키지 않겠습니다!]",
    "GrandMasterReport1_2_Choice3_MenuText": "우린 우리의 의무를 행한다.",
    "GrandMasterReport1_3_Intro3_Text": "그랜드 마스터 카이: 그럴지도 모르지...",
    "GrandMasterReport1_3_Intro5_Text": "이단심문관 바키르: 무슨 요원을 말씀하시는 겁니까? 그건 전혀 모르...",
    "GrandMasterReport1_3_Intro4_Text": "그랜드 마스터 카이: 하지만, 진행 상황의 부족함에 대해 이야기 하기에 앞서서, 대체 왜 오르도 말레우스의 요원이 당신을 대신하여 7번째 형제단의 그랜드 마스터 코반 레오라크와 접촉한 것인지에 대해 설명해 보겠소? ",
    "GrandMasterReport1_3_Intro7_Text": "이단심문관 바키르: 알겠습니다, 그랜드 마스터...",
    "GrandMasterReport1_3_Intro8_Text": "그랜드 마스터 카이: 좋소...",
    "GrandMasterReport1_3_Intro6_Text": "그랜드 마스터 카이: 조용히 하시오! 내 챕터 의회는 배불뚝이 하이브 월드의 관료놈들 마냥 뇌물과 호의로 가지고 놀 수 없소! 난 성스러운 맹세 아래... 제한된... 타이탄의 자원을 가장 필요로 하는 곳에 보내고 있소.\n이 작전은 내 혼자의 판단 아래에서 진행될 것이오. 알겠소이까?!",
    "GrandMasterReport1_3_Choice0_Text": "[b:당신: 걱정하지 마십시오, 그랜드 마스터. 그레이 나이트는 이 감염에 빠르게 대처하고 있습니다.]",
    "GrandMasterReport1_3_Choice0_MenuText": "이 블룸은 우리의 상대가 안된다!",
    "GrandMasterReport1_2_Choice3P1_Text": "엑타르 형제: 저는 전적으로 동의합니다, 사령관님! 우리가 아그라베인 경의 유산을 이어받아 이 섹터에서 부정한 것들을 축출할 능력이 있음을 그랜드 마스터께 증명하도록 합시다!",
    "GrandMasterReport1_3_Intro2_Text": "이단심문관 바키르: 카오스의 수작을 밝혀내는 것은 쉬운 일이 아닙니다, 그랜드 마스터. 이 역병은 힘만으로는 대항할 수 없어요.",
    "GrandMasterReport1_3_Intro9_Text": "그랜드 마스터 카이: 이제 일에 대해 이야기하도록 하지. 나는 그대들의 최신 보고서를 확인했지만 그건 표면적인 수준에 불과했소. 사령관, 나는 현장에서의 총체적인 진척 상황에 대한 자네의 솔직한 설명을 듣고 싶네.",
    "GrandMasterReport1_3_Choice0P1_Text": "엑타르 형제: 동의합니다. 비록 온전한 상태는 아닐지언정 우리는 그레이 나이트입니다. 이 임무는 우리를 막지 못할 것입니다.",
    "GrandMasterReport1_3_Choice1_Text": "[b:당신: 그랜드 마스터, 이 역병은 계속해서 자라고 변이를 일으켜 우리의 능력을 넘어서고 있습니다.]",
    "GrandMasterReport1_3_Choice1_MenuText": "칙령함은 이 임무를 수행하기에 손상이 크다!",
    "GrandMasterReport1_3_Choice1P2_Text": "그랜드 마스터 카이: 내가 듣기로는 자네들의 존경받는 테크 프리스트가 기적적인 야전 수리로 명성이 자자하거늘, 그 명성은 다 헛소문이었나?",
    "GrandMasterReport1_3_Choice1P3_Text": "엑타르 형제: ...도미누스의 능력에는 의심의 여지가 없습니다!",
    "GrandMasterReport1_3_Choice2_Text": "[b:당신: 그랜드 마스터, 이건 새로운 역병입니다. 한 행성에서 역병을 발견하면, 이미 다른 곳에 퍼지고 있는데, 우리의 함선은 하나 뿐입니다.]",
    "GrandMasterReport1_3_Choice2_MenuText": "우린 지고있다!",
    "GrandMasterReport1_3_Choice2P1_Text": "엑타르 형제: 저 역시 사령관의 말에 동의합니다. 이 블룸의 성장에 의한 위협은 증대되고 있으나, 우리는 이 장기 임무에 제대로 된 장비를 갖추지 못했습니다.",
    "GrandMasterReport1_3_Choice2P2_Text": "그랜드 마스터 카이: 알겠네 엑타르, 자네의 말은 챕터에서 무게감이 있지, 그레이 나이트가 어둠의 파도에 밀려났다는 소리는 듣지 않게 해주겠네.\n(통신 연결 종료)",
    "GrandMasterReport1_3_Choice3_MenuText": "우린 지고있다!",
    "GrandMasterReport1_3_Outro1_Text": "이단심문관 바키르: 그가 제 보고서를 제대로 읽지 않았다는 생각이 드는군요...",
    "GrandMasterReport1_3_Outro4_Text": "엑타르 형제: 그레이 나이트에는 이런 격언이 있습니다. 우리는 인류를 위해 봉사하지만 대가를 바라지 않으리니.",
    "GrandMasterReport1_3_Outro5_Text": "이단심문관 바키르: 이미 전 기대치를 많이 낮추었는걸요.",
    "GrandMasterReport1_4_Intro1_Text": "그랜드 마스터 카이: 이단심문관, 내 아포세카리들이 자네의 오스펙스 신호를 자세히 확인했소. 자네가 밝혀낸 유행병의 경향은 꽤나... 불안하더군.",
    "GrandMasterReport1_4_Choice0_Text": "[b:당신: 적은 군단입니다. 그들을 상대하기 위해서는 무엇보다 형제 기사들이 더 필요합니다.]",
    "GrandMasterReport1_4_Choice0_MenuText": "더 많은 기사를 요청한다.",
    "GrandMasterReport1_4_Choice0P1_Text": "그랜드 마스터 카이: 흠... 이 위협과 싸우려면 충분한 기사가 필요하겠지만 이단심문관과 교섭에서는 늘어지지 말게. 자네가 필요로 하는 전사들을 보내도록 하지.\n(통신 연결 종료)",
    "GrandMasterReport1_4_Choice1_Text": "[b:당신: 원정을 승리로 마치기 위해서는 더 좋은 무기와 갑옷이 가장 필요합니다.]",
    "GrandMasterReport1_4_Choice1_MenuText": "더 많은 무기와 갑옷을 요청한다.",
    "GrandMasterReport1_4_Choice1P1_Text": "그랜드 마스터 카이: 병기고가 고갈되어 가지만 내가 할 수 있는 한 최선을 다해주도록 하지.\n(통신 연결 종료)",
    "GrandMasterReport1_4_Choice2_MenuText": "서비터를 요청한다.",
    "GrandMasterReport1_4_Choice3_Text": "[b:당신: 블룸은 아직도 수수께끼의 영역입니다. 타이탄의 대 기록보관소에서 지원을 보내 주신다면 더 좋을 것입니다.]",
    "GrandMasterReport1_4_Choice3_MenuText": "마도서를 요청한다.",
    "GrandMasterReport1_4_Choice3P1_Text": "그랜드 마스터 카이: 이미 많은 걸 알고 있을 이단심문관이 더 많은 지식을 요청하다니 신기하군... 어쨌건, 자네의 요청을 우선적으로 처리하여 챕터가 제공할 수 있는 지식에 접근할 수 있게끔 해 주겠네.\n(통신 연결 종료)",
    "GrandMasterReport1_4_Outro1_Text": "이단심문관 바키르: 날 놀렸어요!",
    "GrandMasterReport1_4_Outro2_Text": "엑타르 형제: 저는 훨씬 더 높은 지위의 이단심문관들조차 저분의 시선 아래 복종하는 것을 본 적이 있습니다. 아마 당신을 시험하신 것이겠지요.",
    "GrandMasterReport1_4_Outro3_Text": "이단심문관 바키르: 지금 시험받고 있는 건 내 인내심이에요!",
    "GrandMasterReport1_3_Intro1_Text": "그랜드 마스터 카이: 나는 낭비를 경멸하오, 이단심문관. 악의의 칙령함을 몇 달 동안이나 그대의 지휘하에 두었지만 이 가벼운 감염병은 사라지질 않고 있소. 나는 더 많은 추측들 따위가 아닌 구체적인 결과를 원하오.",
    "GrandMasterReport1_3_Choice0P2_Text": "그랜드 마스터 카이: 보았소, 이단심문관? 이게 타이탄의 아들들의 패기요! 사령관, 엑타르. 자네들의 자신감이 가상하군. 정말 칭찬해 마땅한 일일세. 그렇다면 자네들에게 할당되었던 자원의 일부를 좀 더 긴급한 상황의 형제단에게 재배정해도 괜찮겠지? 잘 있게나.\n(통신 연결 종료)",
    "GrandMasterReport1_3_Choice1P1_Text": "엑타르 형제: 그렇습니다, 칙령함은 수 년간 케이디움 피 추종자들에 맞선 전역에 동원되었으며, 전역 종료 이후에도 수리를 위해 건선거에 들어가지 못했습니다. 저희를 위해 새로운 함선을 보내주신다면 이 모든 일을 훨씬 더 쉽게 해결할 수 있으리라고 확신합니다.",
    "GrandMasterReport1_3_Choice1P4_Text": "그랜드 마스터 카이: 말조심하게, 엑타르! 자네의 발언이 자네의 형제들에게는 힘이 있을지 모르나 그게 내 병기고에서 여분의 함선을 꺼내줄 정도는 아니네! 서비터는 보내줄 수 있으나 그 이상의 변명은 듣지 않을테니 결과를 가져오게.\n(통신 연결 종료)",
    "GrandMasterReport1_3_Choice3_Text": "[b:당신: 그랜드 마스터, 이건 새로운 역병입니다. 한 행성에서 역병을 발견하면, 이미 다른 곳에 퍼지고 있는데, 우리의 함선은 하나 뿐입니다.]",
    "GrandMasterReport1_3_Choice3P1_Text": "그랜드 마스터 카이: 아, 그래. 자네가 지난번에 설명했던 씨앗 말이로군... 하지만 사령관, 그런데 지금 이 순간에도 얼마나 많은 악마들이 침입해오고 있는지 알고 있나? 자네가 직위를 긴 시간 유지하고 싶다면 자네가 얼마나 효율적으로 자원을 관리할 수 있는지 보여줘야 할 걸세.\n이건 그에 대한 수업료라 생각하게.\n(통신 연결 종료)",
    "GrandMasterReport1_4_Choice2P1_Text": "그랜드 마스터 카이: 흠... 이단심문관이 말할거라 생각했던 평범한 요청이군. 자네가 이 블룸에 맞서는 쪽을 우선시하고 있기를 바랬건만, 요청한 것은 최대한 들어주도록 하지.\n(통신 연결 종료)",
    "GrandMasterReport1_3_Outro3_Text": "제가 아뎁투스 아스타르테스와의 교섭을 너무 낙관적으로 생각했던 모양이군요. 다른 곳에서 해야 했던 것 마냥 혐오스러운 관료주의자들과 부대낄 필요는 없을 것이라고 생각했거늘. ",
    "GrandMasterReport1_3_Outro2_Text": "엑타르 형제: 그랜드 마스터께서는 명령을 내리고 그에 따르는 것을 보는 데 익숙하신 분입니다. 당신이 그분의 말을 일일이 따지고 드는 걸 조금만 자제한다면, 좀 더 쉽게 존중받을 수 있을 겁니다...",
    "GrandMasterReport1_4_Intro2_Text": "그랜드 마스터 카이: 구체적인 증거를 제시하기 위해 수고하셨소, 이 악과의 전쟁을 위한 지원을 추가적으로 지원하도록 하겠소.",
    "GrandMasterReport1_4_Intro3_Text": "그랜드 마스터 카이: 그레이 나이트는 제국 전역에서 89개의 임무를 수행중이고, 그렇기에 나는 우리의 자원을 분배하는 데 있어 주의를 기울여야만 한다는 점을 알아두도록 하게. 사령관, 자네는 엑타르가 선택한 자고, 그는 자네에게 조언을 아끼지 않을 걸세. 현재 챕터에서 가장 필요로 하는게 무엇인가?",
    "GrandMasterReport1_4_Choice2_Text": "[b:당신: 우리는 완벽한 상태의 타격 순양함을 위해 야전 수리에 필요한 서비터를 요청합니다.]",
    "GrandMasterReport1_4_Outro4_Text": "엑타르 형제: 그분은 당신의 보고를 심각하게 받아들이셨습니다. 지난번 거부당한 것에 비하면 승리나 다음없지요.",
    "GrandMasterReport2_1_Intro1_Text": "이단심문관 바키르: 그랜드 마스터, 지난번에 중요한 지식에 대해서 말씀드렸--",
    "GrandMasterReport2_1_Intro3_Text": "이단심문관 바키르: 그에 대해 설명하자면 CT2011-5 부분을 보십--",
    "GrandMasterReport2_1_Intro4_Text": "그랜드 마스터 카이: --그만... 당신의 산더미 같은 변명을 들어줄 인내심은 없소. 사령관! 자네도 이 잘못의 예외가 아닐세. 당장 설명을 해보게.",
    "GrandMasterReport2_1_Intro2_Text": "나 역시도 당신이 보낸 최신 보고서를 방금 읽었던 차요. \n너글에게 감염된 아엘다리 크래프트월드를 대책 없이 공격하는 것으로 시작해서는...\n...그걸로 하나, 둘. 셋...아니, 다섯 마리의 상위 악마적 존재를 현실에 불러오기까지 했고...\n...이젠 그놈들이 섹터 전역에서 재앙에 가까운 블룸 확산을 이끌고 있군 그래.\n대체 지금까지 무슨 짓을 하고 있었던 거요, 이단심문관?",
    "GrandMasterReport2_1_Choice0_MenuText": "앞으로의 일에 대해 집중한다.",
    "GrandMasterReport2_1_Choice0P2_Text": "이단심문관 바키르: 제가 탐색 임무를 이끌었고, 제가 형제들에게 아엘다리 연결체를 조사하는 동안 손을 대지 말라 명령했습니다. 제 책임이에요.",
    "GrandMasterReport2_1_Choice0_Text": "[b:당신: 그랜드 마스터, 여기서 많은 진전을 이뤘습니다. 이단심문관은 크래프트월드에서 블룸의 근원을 찾아냈고 , 이걸 막아낼 계획이 생겼습니다.]",
    "GrandMasterReport2_1_Choice0P1_Text": "그랜드 마스터 카이: 그래. 다섯 마리의 그레이터 데몬이 성계를 뒤집어놓고 있으니, 당연히 계획이 있어야겠지. 왜 놈들을 즉시 파괴하지 않았는지 설명해 주겠나?!",
    "GrandMasterReport2_1_Choice0P3_Text": "그랜드 마스터 카이: 거... 기대도 하지 않았던 겸손함이구만! 그런 능력이 있을 줄은 몰랐던 바요. 칭찬해 주리다, 이단심문관. ",
    "GrandMasterReport2_1_Choice1_Text": "[b:당신: 제가 모든 책임을 지겠습니다 그랜드 마스터, 이 탐험을 허가했고, 역병 신의 음모를 좌절 시킬 수 있을거라 생각했습니다. 이단심문관은 제 명령에 따랐을 뿐입니다.]",
    "GrandMasterReport2_1_Choice1_MenuText": "모든 책임을 진다.",
    "GrandMasterReport2_1_Choice1P2_Text": "엑타르 형제: 그랜드마스터. 제가 단언코 말씀드리겠습니다. 저희의 도덕률에 타협이란 없습니다!",
    "GrandMasterReport2_1_Choice2_MenuText": "이단심문관에게 책임을 돌린다.",
    "GrandMasterReport2_1_Choice2P1_Text": "이단심문관 바키르: 사령관, 어떻게 감히--! ",
    "GrandMasterReport2_1_Choice2_Text": "[b:당신: 이단심문관의 무모함은 결국 그녀가 오염된 외계 기술에 손을 대도록 만들었습니다. 그리고 그 행동은, 현재 우리가 처한 연쇄적 사건들을 발생시켰습니다.]",
    "GrandMasterReport2_1_Choice2P2_Text": "그랜드 마스터 카이: 조용히! 자네의 보고서가 자네의 책임을 말하고 있네, 이단심문관! 자네의 지위는 이 이단적인 행위들로 박탈당하게 될 거요!",
    "GrandMasterReport2_1_Choice2P3_Text": "이단심문관 바키르: 진실은 제 편입니다. 재판에 불러주신다면 하나하나 반박해드리죠.",
    "GrandMasterReport2_1_Choice2P4_Text": "그랜드 마스터 카이: 당신은 쉽사리 당황하는 사람이 아니지 않소? 만일 당신이 그레이나이트였다면, 난 당신이 자신의 부족한 회개심을 속죄하게 만들었을 것이오. 사령관. 난 자네에게 조금 동정심을 느끼네. 자네가 끌어안고 씨름해야 할... 이... 걸림돌 때문에 말일세.",
    "GrandMasterReport2_1_Outro1_Text": "이단심문관 바키르: 그랜드 마스터, 지금 가장 중요한 것은 이제 제가 블룸과 어떻게 싸워야 하는지 알아냈다는 것입니다.",
    "GrandMasterReport2_1_Outro2_Text": "그랜드 마스터 카이: 그래 보이는군! 이... 코덱스 톡시쿠스, 맞소? 이것을 만들기 위해 일종의 고대 외계 기술을 이용하겠다는 계획안을 나도 읽은 바 있소. 우리 챕터에게 있어 외계 유물의 사용은 익숙한 일이지만, 이건 지나치게 파격적이오.",
    "GrandMasterReport2_1_Outro3_Text": "이단심문관 바키르: 선례가 있어요. 제 연구를 완료했습니다.",
    "GrandMasterReport2_1_Outro4_Text": "그랜드 마스터 카이: 그 문제를 의심하지는 않겠소. 자네는 정말이지 가는 곳마다 깊은 인상을 남기시는군, 이단심문관. 실종되었던 우리 챕터의 군주에 대한 소식으로 의회 전체가 들썩이고 있는 만큼, 내게는 자네의 작전을 지원하는 것 말고는 다른 선택지가 없을 것 같소.",
    "GrandMasterReport2_1_Outro5_Text": "이단심문관 바키르: 아... 감사를 표합니다 그랜드 마--",
    "GrandMasterReport2_1_Outro7_Text": "이단심문관 바키르: 어떻게 그가 드라이고에 대한 걸 알게 된 걸까요? 보고서에는 그에 대해 적지 않았는데…",
    "GrandMasterReport2_1_Outro8_Text": "엑타르 형제: 물론 내가 말했습니다. 슈프림 그랜드 마스터의 등장은 전례가 없던 사건이기 때문이지요. ",
    "GrandMasterReport2_1_Outro9_Text": "이단심문관 바키르: 언질 정도는 줄 수 있었잖아요!",
    "GrandMasterReport2_1_Outro10_Text": "엑타르 형제: 난 챕터에 보고를 한거지 당신에게 보고한게 아닙니다!",
    "GrandMasterReport2_1_Outro11_Text": "도미누스 루네테: 중재: 이 대화는 비생산적입니다! 이 임무의 효율성을 위해서는 공개적인 협력이 필수적입니다. 우리의 일차적 책임은 사령관을 지원하는 것입니다.",
    "GrandMasterReport2_1_Outro12_Text": "엑타르 형제: 언제나처럼 자네 말이 맞네, 도미누스. 그리고 죄송합니다, 사령관님. 그랜드 마스터께 드라이고 경에 대한 것을 보고하기 전에 당신과 상의했어야 했습니다.",
    "GrandMasterReport2_1_Outro13_Text": "이단심문관 바키르: ...",
    "GrandMasterReport2_6_Choice1_MenuText": "이단심문관을 보내 조사한다.",
    "GrandMasterReport2_4_Choice2P3_Text": "도미누스 루네테: ....부정하겠습니다",
    "GrandMasterReport2_1_Choice1P1_Text": "그랜드 마스터 카이: 고인이 된 자네들의 전 사령관에게 그런 대답을 원했었지. 아그라베인은 강대한 군인이었지만, 정직함보다는 의무를 우선시하는 편이었네.",
    "GrandMasterReport2_1_Choice1P3_Text": "그랜드 마스터 카이: 정말인가 엑타르? 그렇다면 자네들이 이곳에서 공동으로 저지른 실패가 있으니, 잠시동안의 속죄를 받아들이겠다는 뜻으로 이해하겠네.",
    "GrandMasterReport2_7_Choice2_MenuText": "더 많은 기사를 요청한다.",
    "GrandMasterReport2_6_Choice2_MenuText": "소대를 보내 조사한다.",
    "GrandMasterReport3_1_Outro2_Text": "엑타르 형제: 테라의 옥좌여! 도미누스, 대체 무슨 짓을 저지르고 있는 건가?!",
    "GrandMasterReport2_9_Intro4_Text": "엑타르 형제: ...",
    "GrandMasterReport2_8_Choice2_MenuText": "더 많은 기사를 요청한다.",
    "GrandMasterReport2_7_Choice0_MenuText": "더 많은 순수의 인장을 요청한다(업그레이드).",
    "GrandMasterReport2_6_Choice0_MenuText": "더 많은 자원을 요청한다.",
    "GrandMasterReport2_2_Intro1_Text": "그랜드 마스터 카이: 사령관, 간단히 말해 두지. 나는 이 수확자들에게 맞서 싸우는 자네의 전략을 지지하네. 추가적인 지원을 제공하도록 하지. 자네가 이를 잘 사용할 수 있으리라고 믿네.",
    "GrandMasterReport2_9_Intro2_Text": "도미누스 루네테: 아스트로패스가 침묵했습니다.",
    "GrandMasterReport1_5_Intro1_Text": "그랜드 마스터 카이: 이단심문관, 변종들이 아스트로패스의 통신 능력을 과부하시키고 있어 자네의 느린 진행도에 대해서 논쟁할 시간도 없소. 이 카오스의 산물을 신속히 제거하도록 하시오. 그렇지 않으면 칙령함을 다른 곳으로 배치하도록 하겠소.",
    "GrandMasterReport2_1_Outro6_Text": "그랜드 마스터 카이: 하지만 당신의 무모함에 대한 징계로서, 그레이 나이트에 대한 당신의 전투 지휘 권한을 박탈하도록 하겠소. 향후의 전투 임무에 당신의 능력이 필요하다면 참여해도 되겠지만, 당신은 사령관의 지시를 철저하게 따라야만 할 거요.\n(통신 연결 종료)",
    "GrandMasterReport2_2_Intro3_Text": "이단심문관 바키르: 정말 그를 시험하고 있으니까요. 내가 멍청한 청중을 위해 글을 써야 하는건가요?!",
    "GrandMasterReport2_2_Intro4_Text": "엑타르 형제: 전 그랜드 마스터의 요청에 상당히 동의합니다.",
    "GrandMasterReport2_2_Intro5_Text": "이단심문관 바키르: 오, 정말인가요? 당신을 학자라고 생각한 적은 없는데요! 내 보고서의 어떤 부분이 그렇게 불만스러워서 내 눈을 피해 손을 대야만 한다고 생각한 거죠?",
    "GrandMasterReport2_2_Choice0_Text": "[b:당신: 만일 블룸의 향후 위협을 예지하는데에 전념할 프로그노스티카를 제공한다면 도움이 되겠습니까?]",
    "GrandMasterReport2_2_Choice0_MenuText": "바키르에게 프로그노스티카를 지원한다.",
    "GrandMasterReport2_2_Choice0P1_Text": "이단심문관 바키르: 절... 놀라게 하는군요, 사령관. 상위 예언가는 제 연구에 아주 유용할겁니다... 예 이걸로 충분합니다.",
    "GrandMasterReport2_2_Choice1_Text": "[b:당신: 저의 함선에서 이런 유치한 말다툼은 두고 볼 수 없습니다! 그랜드 마스터의 신뢰를 유지하고 블룸을 퇴치하는 데 필요한 지원을 얻으려면 우리가 힘을 합쳐야 합니다.]",
    "GrandMasterReport2_2_Choice1_MenuText": "둘 모두 혼낸다.",
    "GrandMasterReport2_2_Choice1P1_Text": "엑타르 형제: 전... 전 무례를 범하려던게 아닙니다 사령관. ",
    "GrandMasterReport2_2_Choice1P2_Text": "이단심문관 바키르: 맞아요. 그저 이 작전이 저의 관할 아래 있다는 것만 기억해 주시지요…",
    "GrandMasterReport2_2_Intro2_Text": "그랜드 마스터 카이: 하지만 한 가지 짚고 넘어가야 할 점이 있네. 이단심문관 바키르, 보고서의 세부 정보가 이상할 정도로 불투명해졌소이다. 현재 진행 상황을 확인하기 위해 엑타르 형제의 해설에 의존하고 있소. 이것은 당신이 어떤 식으로든 나를 시험하려 한다는 수상함이 느껴진다는 점이오. 다음 보고서에서 이 문제를 수정하는 것이 좋을거요.\n(통신 연결 종료)",
    "GrandMasterReport2_2_Intro6_Text": "엑타르 형제: 선임 형제로서, 제게는 타이탄의 명령에 따라 행동해야 할 책임이 있습니다. 만약 당신이 그렇게나 노골적으로 스스로의 명성을 지키려 하고 있지만 않았다면, 제가 개입해야 할 필요가 없었을 겁니다!",
    "GrandMasterReport2_2_Intro7_Text": "이단심문관 바키르: 억측이 심하시군요, 퓨리파이어. 우리는 다양한 경로로 퍼져나가는 이 전염병의 본질에 대해 제한적인 수준의 지식만을 가지고 있을 뿐입니다. 저도 노력은 하고 있습니다. 나는 카오스가 수 세기에 걸쳐 배양해 온 질병의 비밀을 혼자서, 그것도 가장 조잡한 도구를 동원해서 풀어야 한단 말입니다. 내 분석 결과를 단순화하는 데 허비할 시간이 없습니다! 사령관, 확실히 이해했나요?",
    "GrandMasterReport2_2_Choice1P3_Text": "엑타르 형제: ...그리고 그 지휘권은 그랜드 마스터의 재량하에 있습니다…",
    "GrandMasterReport2_2_Choice1P4_Text": "도미누스 루네테: 정리: 명확한 지휘 체계가 최고의 효율을 보입니다. 전장에서 사령관의 작전이 성공하는 것이 우리의 최우선 문제입니다! ",
    "GrandMasterReport2_2_Choice2_Text": "[b:당신: 엑타르 형제, 타이탄과 통신할 때 연합하는 모습을 보여야 합니다. 우리의 진정한 적은 블룸입니다.]",
    "GrandMasterReport2_2_Choice2_MenuText": "이단심문관의 편을 든다.",
    "GrandMasterReport2_2_Choice2P1_Text": "엑타르 형제: 전...물론 당신의 결정을 따르겠습니다, 사령관. ",
    "GrandMasterReport2_2_Choice2P2_Text": "이단심문관 바키르: 그렇다면 우리 모두 합의점에 도달한 셈이군요. 이 작전에 필요한 지원을 얻을 수 있도록 기회가 있을 때마다 그랜드 마스터를 밀어붙여야 합니다!",
    "GrandMasterReport2_2_Choice2P3_Text": "엑타르 형제: 그녀가 또다시 의도를 왜곡하고 있군요...",
    "GrandMasterReport2_3_Choice0_MenuText": "그랜드 마스터의 요청을 회피한다.",
    "GrandMasterReport2_3_Choice0_Text": "[b:당신: 그랜드 마스터, 우리는 우리가 할 수 있는 일을 할 것입니다. 하지만 챕터의 전통을 지키는 것이 이 역병과 싸우는 것보다 중요합니까?]",
    "GrandMasterReport2_2_Choice2P4_Text": "도미누스 루네테: 개입: 이 말다툼은 무의미합니다. 그랜드 마스터께서는 우리의 상황을 협동의 결과물이라고 판단하실 것입니다!",
    "GrandMasterReport2_2_Choice3_Text": "[b:당신: 엑타르 형제가 올바르게 행동했습니다. 이단심문관, 우리의 실패에 대해 솔직하게 인정하고 앞의 장애물에 집중해야 합니다.]",
    "GrandMasterReport2_2_Choice3_MenuText": "엑타르 형제의 편을 든다.",
    "GrandMasterReport2_2_Choice3P1_Text": "이단심문관 바키르: 돌려 말하지 말죠. '내' 실패를 말하는 것이겠죠...",
    "GrandMasterReport2_2_Choice3P2_Text": "엑타르 형제: 뭔가 문제가 있었습니까? 전 의례에 따랐고 사령관은 동의했...",
    "GrandMasterReport2_2_Choice3P3_Text": "이단심문관 바키르: 전 확실한 사실을 다뤘습니다! 당신의 제멋대로인 절차는 내 시간을 낭...",
    "GrandMasterReport2_2_Choice3P4_Text": "도미누스 루네테: 개입함: 이 말다툼은 무의미함. 우리의 상황에서 그랜드 마스터가 생각한 것은 함께 일을 완료하는 것이었을 것임!",
    "GrandMasterReport2_3_Intro1_Text": "그랜드 마스터 카이: 사령관, 나 역시도 이 블룸의 빠른 확산 속도를 걱정하고 있긴 하네만, 타이탄의 병기고에 대한 자네의 요구는 극적으로 증가했네! 그레이 나이트의 타격팀의 사령관은 전투에서 자제를 보여야 하거늘, 자네는 진정으로 자네의 위치에 요구되는 덕목을 지키고 있는가?",
    "GrandMasterReport2_3_Choice1_MenuText": "참회 의식을 약속한다.",
    "GrandMasterReport2_3_Choice1P1_Text": "그랜드 마스터 카이: 날 놀라게 하는군 사령관. 노련한 중대장이라 해도 임무에서 최고의 전사를 희생하길 원하지 않지. 내 결과물을 간절히 기다리고 있도록 하겠네.\n(통신 연결 종료)",
    "GrandMasterReport2_3_Choice2_MenuText": "필요하지 않은 장비는 타이탄에 돌려준다.",
    "GrandMasterReport2_3_Choice2P1_Text": "그랜드 마스터 카이: 타이탄에서 떨어진 곳에서도 우리 형제간의 원칙이 지켜진다니 기쁘군. 엑타르 형제, 조만간 자네에게서 적절한 시기에 연락을 받기를 기대하겠네.\n(통신 연결 종료)",
    "GrandMasterReport2_3_Outro1_Text": "이단심문관 바키르: 정말이지, 마침내 위협을 인식했지만, 그의 지원을 취소했군요... 대단히 합리적이군요.",
    "GrandMasterReport2_3_Outro2_Text": "도미누스 루네테: 동의: 결과를 위해서는 자원이 필요합니다. 기대만으로는 결과가 나올 수 없습니다. ",
    "GrandMasterReport2_3_Choice0P1_Text": "그랜드 마스터 카이: 지금 같은 직위에 오른 것은 처음일 테니, 이번만큼은 자네의 무례함을 용서하도록 하겠네. 우리 챕터의 전통은 우리 힘의 토대이네. 결과를 내기 위해 그것을 중요하게 생각하지 않을 생각이라면 최소한 다음번 대화 때까지는 이 수확자의 머리를 하나 꼭 가져와야 할 것일세!\n(통신 연결 종료)",
    "GrandMasterReport2_3_Choice1_Text": "[b:당신: 우리의 요청은 매우 중요하며, 최고참 형제들에게 제 맹세의 굳건함을 시험하게 하겠습니다. 그 결과가 당신께 만족스럽지 않으시다면, 원하는 대로 하십시오.]",
    "GrandMasterReport2_3_Choice2_Text": "[b:당신: 전 우리의 요구가 정말 크다고 생각하지만, 기사단의 맹세는 반드시 지켜져야 합니다. 엑타르 형제가 함선에 실린 모든 유물들을 다시 축성할 것이며, 유용히 쓰이지 않은 장비들은 타이탄으로 귀환시키도록 하겠습니다.]",
    "GrandMasterReport2_3_Outro3_Text": "엑타르 형제: 우리가 이 자리에서 맞서고 있는 역경은 은하계 전역에서 우리 형제들이 맞서고 있는 형언할 수 없는 공포와 다르지 않습니다. 황제 폐하께서 우리를 강대하게 하셨으니, 우리는 맨손으로 영웅적인 과업에 도전해야 하더라도 이를 미덕으로 여겨야 합니다. 이를 잊지 마십시오, 사령관님.",
    "GrandMasterReport2_3_Outro4_Text": "이단심문관 바키르: 카오스는 한 손을 뒤에 묶고 싸우지는 않는데 말이죠...",
    "GrandMasterReport2_4_Intro1_Text": "그랜드 마스터 카이: 사령관, 자네의 맹세를 시험하기로 했던 형제들에게서 자네의 부족함이 없다는 이야기를 들었네. 앞으로는 성급하게 자네의 원칙에 대해 의문을 가지지는 않겠네. 그러니 이제 할 이야기는...",
    "GrandMasterReport2_4_Intro2_Text": "그랜드 마스터 카이: 프로그노스티카가 전하길 자네가 수확자를 처치했다고 하더군, 사령관. 이 경험이 우리의 전통의 가치에 대해 자네에게 세겨주었을거라 생각하네. 그러니 이제 할 이야기는…",
    "GrandMasterReport2_4_Intro3_Text": "그랜드 마스터 카이: 프로그노스티카가 전하길 자네가 수확자에게 패배했다더군! 이 수치는 타이탄의 연대기에 기록되었네. 참회하도록 하고 기사로서의 명예를 앞으로 받아들이도록 하게. 그러니 이제 할 이야기는…",
    "GrandMasterReport2_4_Intro4_Text": "그랜드 마스터 카이: 프로그노스티카가 자네 섹터에서 역병 신의 활동이 전례없이 증가한 사실을 관측했네. 그들이 예견하지 못한 것이지.",
    "GrandMasterReport2_4_Intro5_Text": "이단심문관 바키르: 그렇다면 더 많은 지원군이 올 것이라고 이해해도 되겠습니까, 그랜드 마스터? 혹시 두번째 타격 순양...",
    "GrandMasterReport2_4_Intro6_Text": "그랜드 마스터 카이: --안타깝지만, 이단심문관. 이 사건이 힘의 공백을 만들어내었소. 다른 카오스 로드들이 그 자리를 차지하려고 날뛰고 있지. 그 때문에 우리 형제단들은 전방위적인 압박을 당하고 있다오... 그래서 묻건대, 챕터를 위해 자네들의 잉여 자원 일부를 지원해 줄 수 있겠나...?",
    "GrandMasterReport2_4_Choice0_MenuText": "우린 나눠줄 자원이 없다!",
    "GrandMasterReport2_4_Choice1_Text": "[b:당신: 블룸은 현재 통제 하에 있습니다... 더 큰 노력을 위해 일시적으로 일부 형제를 빌려드리겠습니다.]",
    "GrandMasterReport2_4_Choice1_MenuText": "그레이 나이트들을 보낸다.",
    "GrandMasterReport2_4_Choice1P1_Text": "이단심문관 바키르: 현명하지 못한 일이에요, 우리에게는 인원이--",
    "GrandMasterReport2_4_Choice1P2_Text": "그랜드 마스터 카이: --진정한 기사는 이타적이지, 사령관. 말과 행동으로서 그 의무를 이행하였으니, 챕터는 이 희생을 기억할 걸세.\n(통신 연결 종료)",
    "GrandMasterReport2_4_Choice2_Text": "[b:당신: 우리 테크 프리스트가 칙령함을 유지하는 일을 훌륭하게 해냈습니다. 필요하다면 일부 서비터를 나눠드릴 수 있다 생각합니다. ]",
    "GrandMasterReport2_4_Choice2_MenuText": "서비터를 보낸다.",
    "GrandMasterReport2_4_Choice2P1_Text": "도미누스 루네테: 경고: 블룸의 활동으로 이 섹터에서 진행될 재보급은 제한되어 있습니다...",
    "GrandMasterReport2_4_Choice2P4_Text": "그랜드 마스터 카이: 정확하네. 사령관 자네의 자발적인 기여는 기억해두겠네.\n(통신 연결 종료)",
    "GrandMasterReport2_4_Choice0_Text": "[b:당신: 그랜드 마스터, 칙령함이 완전한 힘을 발휘하지 못하는 동안 우리는 힘든 임무를 앞두고 있습니다. 타이탄에서 우리 테크 프리스트를 위해 조금의 보급품을 나눠주실 수는 없겠습니까?]",
    "GrandMasterReport2_4_Choice0P1_Text": "그랜드 마스터 카이: 우린 한 섹터를 지키기 위해 은하계 전체를 불태울 수는 없네, 사령관. 난 더 큰 그림을 봐야하지. 하지만 생각해보면 모든 타격함 중 칙령함이 타이탄에서 가장 오랫동안 재보급이 없었군. 일단 난 최소한의 지원만 가능하고, 병기고는 한동안 고갈될걸세.\n(통신 연결 종료)",
    "GrandMasterReport2_4_Choice2P2_Text": "그랜드 마스터 카이: 도미누스, 수 세기에 걸쳐 자네의 뛰어난 야전 수리 능력에 대한 찬사를 들어 왔네. 자네의... 덜 유능한... 동료들이 필요로 하는 지원을 거부할텐가?",
    "GrandMasterReport2_4_Choice3_MenuText": "마도서를 보낸다.",
    "GrandMasterReport2_4_Choice3P1_Text": "이단심문관 바키르: 이 마도서들은 제 소유물입니다, 당신에게는 이럴 권리가 없어요!",
    "GrandMasterReport2_4_Choice3P2_Text": "그랜드 마스터 카이: 무서워할 것 없네, 이단심문관. 섹터를 정화하면 보상해주도록 하지. 사령관, 자네의 자발적인 기여는 기억해두겠네.\n(통신 연결 종료)",
    "GrandMasterReport2_4_Outro1_Text": "이단심문관 바키르: 아직도 공허한 약속이 더 남았나요, 퓨리파이어?",
    "GrandMasterReport2_4_Outro2_Text": "엑타르 형제: ...",
    "GrandMasterReport2_5_Choice0_Text": "[b:당신: 그랜드 마스터, 저희 앞에 있는 임무의 크기는 엄청납니다! 저희는 타격함 하나와 소수의 기사뿐이니 어디에나 있을 수는 없습니다. ]",
    "GrandMasterReport2_5_Choice0_MenuText": "그랜드 마스터가 너무 많은걸 기대한다!",
    "GrandMasterReport2_5_Choice0P2_Text": "엑타르 형제: 속도를 높여야 합니다 사령관, 여기에는 우리의 명예보다 훨씬 더 많은 것이 걸려 있습니다!",
    "GrandMasterReport2_5_Choice1_Text": "[b:당신: 아닙니다, 그랜드 마스터. 저는 전장 작전을 지휘하고 있고 우리의 실패에 대해서는 철저히 제 책임입니다.]",
    "GrandMasterReport2_5_Choice1_MenuText": "느린 진행에 대한 책임을 진다.",
    "GrandMasterReport2_5_Choice1P2_Text": "엑타르 형제: 속도를 높여야 합니다 사령관, 여기에는 우리의 명예보다 훨씬 더 많은 것이 걸려 있습니다!",
    "GrandMasterReport2_5_Choice2_Text": "[b:당신: 당신의 의심이 옳습니다 그랜드 마스터. 이단심문관의 이상한 전술이 우리 작전을 방해했습니다.]",
    "GrandMasterReport2_5_Choice2_MenuText": "그랜드 마스터의 의견에 동의한다.",
    "GrandMasterReport2_5_Choice2P2_Text": "이단심문관 바키르: 장애물이라 미안하게 됐군요. 난 훨씬 가시 돋힌 하이브 월드의 관료들도 심문을 했습니다! 전 제 일을 하러 리브리스로 가죠 사령관.",
    "GrandMasterReport2_6_Choice3_MenuText": "복수를 위한 성전을 시작한다!",
    "GrandMasterReport2_7_Choice1_MenuText": "더 많은 무기를 요청한다.",
    "GrandMasterReport2_8_Choice0_MenuText": "챕터의 기준을 요청한다.",
    "GrandMasterReport2_4_Choice3_Text": "[b:당신: 이단심문관의 개인 소장품 중에 쓸만한 책을 몇가지 확인했습니다. 그걸 타이탄으로 보내겠습니다.]",
    "GrandMasterReport2_5_Intro1_Text": "그랜드 마스터 카이: 내 프로그노스티카들이 보고하기를, 자네가 아직 이 수확자들에 대해 진전을 이루지 못했다고 하더군. 예언에는 그녀의 이름이 언급되지 않았네만, 나로서는 이 이단심문관이 자네의 작전을 방해하고 있는 것이 아닌지 의심스럽군. 자네 생각은 어떤가, 사령관? ",
    "GrandMasterReport2_5_Choice0P1_Text": "그랜드 마스터 카이: 불평하지 말게, 사령관. 자네가 임명된 직위에 어울리지 않는 행동일세. 불가능한 과업을 받아들이고 극복하는 것이 우리의 재능이자 임무이니, 수확자들의 목을 가져오고 자네가 진정한 기사임을 증명하게!\n(통신 연결 종료)",
    "GrandMasterReport2_5_Choice1P1_Text": "그랜드 마스터 카이: 흐음... 자네의 솔직함은 존중하지만 엑타르 형제가 자네를 사령관으로 임명한 것이 옳은지 의문이 들고 있네. 수확자의 머리를 가져와 자네가 아그라베인의 유산에 걸맞는 자인지 증명하게!\n(통신 연결 종료)",
    "GrandMasterReport2_5_Choice2P1_Text": "그랜드 마스터 카이: 나 역시 자네의 곤경에 공감하고 있음을 믿어 주게. 하지만 이 전역에서의 현장 작전은 자네의 지휘하에 있다네. 우리 기사단은 창설 이래로 오르도와 협력해 왔고, 작금의 문제는 자네 스스로가 지휘권을 가질 자격이 있음을 증명하기 위해서는 받아들여야만 할 장애물임을 알아 두게.\n(통신 연결 종료)",
    "GrandMasterReport2_6_Intro1_Text": "그랜드 마스터 카이: 사령관, 좋지 않은 소식을 가져왔네. 이 모르부스 이론의 증거를 찾던 이단심문소 측 연구 원정대 전체가 사이킥 점액에 감염되고 말았네. 감염은 함선 전체에 빠르게 퍼져나갔고, 우리 형제단이 도착했을 때에는 모든 사람들을 정화할 수 밖에 없었네. ",
    "GrandMasterReport2_6_Intro2_Text": "엑타르 형제: 이단심문소가 사이킥 공격을 당한 겁니까? 그랜드 마스터, 그건 저희도 예상치 못한--",
    "GrandMasterReport2_6_Intro3_Text": "그랜드 마스터 카이: --피해는 억제했으니 진정하게, 엑타르. 나는 이것이 직접적인 공격이 아니라 침입에 대한 방어 작용이 아닌가 예상하고 있네. 다만 그 위험성에 대한 경계로, 사이킥 교란에 대비한 방어가 재축성되었다는 확신이 들 때까지 자네 섹터에 프로그노스티카 사용을 제한할 생각이네. 사령관은 어떻게 생각하는가?",
    "GrandMasterReport2_6_Choice0P2_Text": "이단심문관 바키르: 노골적인... 오만함이요?!",
    "GrandMasterReport2_6_Choice0_Text": "[b:당신: 실례지만 그랜드 마스터... 이것이 저희가 블룸의 위협을 지속적으로 강조한 이유입니다! 이 공격에 대한 복수를 하려면 당신의 지원이 필요합니다!]",
    "GrandMasterReport2_6_Choice0P1_Text": "그랜드 마스터 카이: 알겠네, 사령관. 겸손은 내가 자주 소흘히 하는 미덕이지. 내 편견을 만들어 낸 건 이단심문관의 노골적인 오만함이었지만--",
    "GrandMasterReport2_6_Choice0P3_Text": "그랜드 마스터 카이: 자네의 모든 예측이 정확하다는 것이 이제 분명해졌네.",
    "GrandMasterReport2_6_Choice1P1_Text": "이단심문관 바키르: 칙령함에서 조사하는 데 시간을 보내는 것이 더 나을 거라--",
    "GrandMasterReport2_6_Choice1P3_Text": "이단심문관 바키르: 이건 당신의 전투 형제들에게 더 알맞은 임무겠지만, 제 의무를 저버리지 않겠습니다.",
    "GrandMasterReport2_6_Choice3_Text": "[b:당신: 이건 모욕입니다! 역병 신의 추종자들에게 이단심문소를 공격한다는 것이 어떤 의미인지 보여드리겠습니다!]",
    "GrandMasterReport2_6_Choice3P1_Text": "그랜드 마스터 카이: 좋네. 이것이야 말로 타이탄의 아들이 보여야 할 행동이지! 자네가 이 어둠 속에 불타는 칼날일세. 적을 찾아서 감염을 제거해 우리의 분노를 두려워하게 만들게!",
    "GrandMasterReport2_6_Outro2_Text": "엑타르 형제: 완벽한 장비를 갖춘 타격 팀은 엄청난 도움이 될겁니다...",
    "GrandMasterReport2_6_Outro3_Text": "이단심문관 바키르: 마침내 우리가 필요했던 지원을 받는군요. 이게 너무 늦지 않았길 빌어보죠.",
    "GrandMasterReport2_7_Intro1_Text": "그랜드 마스터 카이: 자네의 성전은 훌륭하게 수행되고 있네 사령관! 우리는 블룸 오염에 대한 보호를 강화했고 자네 섹터에 할당된 프로그노스티카 성가대를 복구할 걸세.",
    "GrandMasterReport2_7_Intro3_Text": "그랜드 마스터 카이: 좋지 않은 소식일세. 내 소드베어러들이 자네 섹터로 향하던 도중 뚫을 수 없는 워프 스톰 지대를 만나 철수할 수 밖에 없었네. 역병의 군주가 이 모르부스를 보호하기 위해 적극적으로 개입한 것이 아닌 가 걱정일세.",
    "GrandMasterReport2_7_Intro4_Text": "이단심문관 바키르: 그럼... 지원을 보내는 건 중단하는 겁니까?",
    "GrandMasterReport2_7_Choice0_Text": "[b:당신: 그랜드 마스터, 우리의 무기는 강력하지만 다가오는 위협에 대비할 수 있는 원재료가 부족합니다. 더 많은 순수의 인장을 제공해주실 수 있겠습니까?]",
    "GrandMasterReport2_7_Choice1_Text": "[b:당신: 그랜드 마스터, 우리는 점점 더 강력하고 흉포해지는 악마들과 상대하고 있습니다. 전투에서 도움이 될 유물이 있습니까?]",
    "GrandMasterReport2_7_Choice0P1_Text": "그랜드 마스터 카이: 그게 다인가? 좋네. 내 첩보선을 통해 자네의 무장과 갑옷에 축성을 해줄 강력한 인장을 보내 주겠네. 그게 자네에게 도달하길 황제께 기도하겠네.\n(통신 연결 종료)",
    "GrandMasterReport2_7_Choice2_Text": "[b:당신: 그랜드 마스터, 현장에서의 손실이 상당합니다. 타이탄의 지원군이 있어야 합니다. 그렇지 않으면 블룸에게 패배할 것입니다.]",
    "GrandMasterReport2_7_Choice2P2_Text": "그랜드 마스터 카이: 저 폭풍을 뚫고 형제단 전체를 보내는 것은 너무나도 위험한 일일세...(한숨) 하지만 자네의 요구를 이해하네. 소드 베어러 가운데서 자원자를 뽑아 자네에게 맡기도록 하지.\n그들이 자네에게 도달하길 황제께 기도하겠네.\n(통신 연결 종료)",
    "GrandMasterReport2_7_Outro1_Text": "이단심문관 바키르: 이제서야 우리가 처한 상황을 심각하게 받아들이는군요.\n처음부터 두번째 타격 팀이 있었다면 할 수 있었던 일을 생각해보세요 엑타르.",
    "GrandMasterReport2_8_Choice0_Text": "[b:당신: 우리 형제들은 이번 임무를 통해 많은 것을 배웠지만 앞으로 다가올 시련에 대비하기 위해 우리가 할 수 있는 모든 것을 해야 합니다. 그들의 명상에 지침이 되는 챕터 기준을 제공해줄 수 있겠습니까?]",
    "GrandMasterReport2_8_Choice0P1_Text": "그랜드 마스터 카이: 그건 분명 간단한 요청이지만 내게는 심각한 요청이기도 하지. 타이탄의 기사에게 영광을!\n(통신 연결 종료)",
    "GrandMasterReport2_8_Choice1_Text": "[b:당신: 블룸이 만연한 상황에서 감염된 행성 하나라도 통제 불능 상태가 되도록 내버려 둘 수는 없습니다...황제의 자비를 베풀 수 밖에 없을 것 같습니다. ]",
    "GrandMasterReport2_8_Choice1_MenuText": "익스터미나투스 군수품을 요청한다.",
    "GrandMasterReport2_8_Choice2_Text": "[b:당신: 그랜드 마스터, 현장에서의 손실이 상당합니다. 타이탄의 지원군이 있어야 합니다. 그렇지 않으면 블룸에게 패배할 것입니다.]",
    "GrandMasterReport2_8_Choice2P2_Text": "그랜드 마스터 카이: 저 폭풍을 뚫고 형제단 전체를 보내는 것은 너무나도 위험한 일이네만, 그래도 소드 베어러들의 고참 간부 일부를 자네에게 맡기겠네. 유감스럽게도 첩보선에 탈 수 있는 건 소수 뿐이네.\n(통신 연결 종료)",
    "GrandMasterReport2_8_Outro1_Text": "이단심문관 바키르: 하아. 또 다른 배불뚝이 관료들이 발목을 잡는군요! 최소한 카이는 우리가 직면한 위기를 이해하는 것 같지만…",
    "GrandMasterReport2_8_Outro2_Text": "엑타르 형제: 이 회의는 희소식입니다!",
    "GrandMasterReport2_8_Outro3_Text": "이단심문관 바키르: 왜 이렇게 낙관적인 것이지요, 엑타르? 내 말을 기억해두세요. 우리가 성공할 때 쯤이면 당신네 회의는 우리를 지킬지 말지 논쟁하고 있을거에요!",
    "GrandMasterReport2_9_Intro3_Text": "이단심문관 바키르: 내가 경고했지요, 엑타르... 너무 늦었어요.",
    "GrandMasterReport2_6_Choice1_Text": "[b:당신: 공격에 대한 데이터를 전송해주실 수 있겠습니까? 이단심문관이 동료들에 대한 복수를 하고 싶어할 것이라고 확신합니다.]",
    "GrandMasterReport2_6_Choice1P2_Text": "그랜드 마스터 카이: --훌륭한 생각일세! 우리 모두 결국은 악마 사냥꾼이 아니던가, 이단심문관?\n자네의 아스트로패스들에게 좌표를 보내줄 테니, 그곳에서 찾아낸 것들을 즉시 제거하도록 하게.",
    "GrandMasterReport2_6_Choice2P1_Text": "그랜드 마스터 카이: 행동하는 자로군! 그래, 우리의 형제들이 더이상 이단으로 고통 받아서는 안되겠지.\n자네의 아스트로패스들에게 좌표를 보내줄 테니, 그곳에서 찾아낸 것들을 즉시 제거하도록 하게!",
    "GrandMasterReport2_6_Outro1_Text": "그랜드 마스터 카이: 내 말을 기록해두게. 이 모욕에 대해 즉각적으로 행동에 나서겠네. 내 형제단 \"소드베어러\"의 타격 팀을 자네에게 합류 시키겠네. 우리는 함께 섹터를 정화하고 이 신성한 일을 마칠 것이네!\n(통신 연결 종료)",
    "GrandMasterReport2_7_Intro2_Text": "그랜드 마스터 카이: 나는 실망했네, 사령관. 자네는 복수의 성전이라는 고귀한 말을 했었건만, 기사에게 실패란 용납할 수 없는 결과일세! 유감스럽게도 우리는 블룸 오염에 대한 방호를 축성하는 것을 끝내지 못했다네. 자네의 프로그노스티카 성가대는 한동안 사용할 수 없을 걸세.",
    "GrandMasterReport2_7_Intro5_Text": "그랜드 마스터 카이: 아닐세 이단심문관. 자네들이 필요로 하는건 상당하고 한가지 방법이 남아있지. 상당한 어려움이 있었지만 상당한 가격과 호의를 통해 작은 첩보선을 빌렸네. 이 함선은 많은걸 실어나를 수는 없지만 아이 오브 테러까지 통과할 수 있는 함선이니 자네에게 도달할걸세. 임무에 가장 필요한게 무엇인가? 보내주기 위해 최선을 다해주겠네.",
    "GrandMasterReport2_7_Choice1P1_Text": "그랜드 마스터 카이: 물론일세. 첩보선을 이용해 보내줄 강력한 무장과 갑옷을 선택하지.\n그게 자네에게 도달하길 황제께 기도하겠네.\n(통신 연결 종료)",
    "GrandMasterReport2_6_Choice2_Text": "[b:당신: 공격에 대한 데이터를 전송해주실 수 있겠습니까? 이 이단의 근원을 조사하고 제거하기 위해 가장 노련한 형제들로 구성된 소대를 보내겠습니다.]",
    "GrandMasterReport2_7_Choice2P1_Text": "그랜드 마스터 카이: 얼마 전 자네는 어려운 상황에 처한 형제단들을 돕기 위해 자네가 가진 최고의 분대원들을 내게 보내주었지. 그렇기에 나는 이 요청을 거부하지 않을 걸세. 하지만, 저 폭풍을 뚫고 형제단 전체를 보내는 것은 너무나도 위험한 일일세. 소드 베어러들의 고참 간부 일부를 자네에게 맡기겠네.\n그들이 자네에게 도달하길 황제께 기도하겠네.\n(통신 연결 종료)",
    "GrandMasterReport2_7_Outro2_Text": "엑타르 형제: 일어나지 않은 일은 생각해봐야 의미가 없습니다. 우리는 우리가 가진 패로 해결을 봐야 합니다... 끝까지 말이죠.",
    "GrandMasterReport2_8_Intro1_Text": "그랜드 마스터 카이: 사령관, 지난번 회의 이후로 자네의 섹터를 둘러싼 워프 폭풍이 더욱 악화되었네. 우리의 아스트로패스들은 이제 자네의 신호를 찾는 것조차 힘들어하고 있네. 이 심각한 상황을 해결하기 위해 그랜드 마스터의 회의를 소집했다네. 워프를 안전하게 통과하기 위한 조사를 위해 다수의 타격 순양함을 보내는 것에 대한 승인을 얻을 수 있다면 좋겠군.\n그동안 첩보선을 사용하여 내가 보내줄 수 있는 작은 지원을 해줄 수 있을 것 같네. 가장 필요한 도움이 무엇인가?",
    "GrandMasterReport2_8_Choice1P1_Text": "그랜드 마스터 카이: 일반적인 상황에서 익스터미나투스는 가볍게 내려져서는 안 될 결정이네만... 자네가 있는 섹터의 운명은, 벼랑 끝에 내몰려 있는 걸로 보이네. 첩보선에 적재 가능한 사이클론 탄두를 보내주도록 하지.\n(통신 연결 종료)",
    "GrandMasterReport2_8_Choice2P1_Text": "그랜드 마스터 카이: 얼마 전 자네는 어려운 상황에 처한 형제단들을 돕기 위해 자네가 가진 최고의 분대원들을 내게 보내주었지. 그렇기에 나는 이 요청을 거부하지 않을 걸세. 하지만, 저 폭풍을 뚫고 형제단 전체를 보내는 것은 너무나도 위험한 일일세. 소드 베어러들의 고참 간부 일부를 자네에게 맡기겠네. 하지만 유감스럽게도 첩보선에 탈 수 있는 건 소수 뿐이네.\n(통신 연결 종료)",
    "GrandMasterReport2_10_Intro1_Text": "엑타르 형제: 사령관, 워프 폭풍이 이 섹터의 경계를 따라 지속적으로 확장되고 있습니다. 우리는 그랜드 마스터 카이로부터 어떤 통신도 받지 못했으나, 다행히도 타이탄의 지원은 우리에게 닿을 수 있는 것 같습니다.",
    "GrandMasterReport3_1_Choice0_MenuText": "당신의 부대가 저지른 실패를 숨긴다.",
    "GrandMasterReport3_1_Choice0P1_Text": "그랜드 마스터 카이: 나는-(잡음)-안심할 수 없네, 사령관! 나는-(잡음)-자네가 내게 진실을 숨기고 있다고 느끼고 있네!",
    "GrandMasterReport3_1_Choice1_Text": "[b:당신: 데몬 프린스가 코덱스 톡시쿠스를 파괴한 후, 우리는 블룸과 싸우기 위해 그에게서 정보를 추출해야 했습니다... 그는 보호 주문으로 안전하게 묶여 있습니다.]",
    "GrandMasterReport3_1_Choice1_MenuText": "카덱스를 잡은 것을 설명한다.",
    "GrandMasterReport3_1_Choice1P2_Text": "엑타르 형제: 유감스럽게도, 그랜드 마스터. 우린 몇가지 차질이 생겼습니다. 우리가 악마에게서 오염된 정보를 획득한 탓에 드라이고 경을 함정으로 인도했다는...\n(통신 연결 종료)",
    "GrandMasterReport3_1_Choice2_Text": "[b:당신: 매우 나쁜 소식이 있습니다. 블룸의 근원적인 힘을 다루기 위해 우리는 슈프림 그랜드 마스터를 함정에 빠뜨렸습니다...]",
    "GrandMasterReport3_1_Choice2_MenuText": "드라이고가 처한 곤경을 설명한다.",
    "GrandMasterReport3_1_Outro4_Text": "엑타르 형제: 그랜드 마스터에게 반드시 알려야 합니다! 우리 챕터 로드가 어떤 곤경에 처했는지 모를 겁니다!",
    "GrandMasterReport3_1_Outro5_Text": "도미누스 루네테: 거부: 타이탄은 의미있는 도움을 제공하기에는 너무 멉니다. 대조점: 그들의 간섭은 우리 임무의 상태를 위태롭게 할 수 있습니다. 근거: 이 섹터는 워프 스톰에 둘러싸여 있어 통신 방해는 예상치 못한 일도 아닙니다.",
    "GrandMasterReport3_1_Outro6_Text": "이단심문관 바키르: 이번만큼은 테크 프리스트와 제 의견이 같군요.",
    "GrandMasterReport3_1_Outro8_Text": "이단심문관 바키르: 그럼 말다툼은 끝났나요? 전 아직 할 일이 많아요...",
    "GrandMasterReportFlowering1_Text": "그랜드 마스터 카이: 녹틸러스 크라운이 자네 섹터의 블룸의 존재를 증폭시키고 카오스의 관문을 열었네. 슬프지만, 그레이 나이트는 패배할 수 있을지언정 패배를 습관으로 만들어서도 안 되네.",
    "GrandMasterReportFlowering3_Text": "그랜드 마스터 카이: 자네 측의 블룸이 세개의 카오스 관문을 통해 공명하고 있다는걸 알아냈네! 난 자네에게 이 임무를 지휘를 하게 두는게 현명한 일인지 의문스럽네... 자네는 명예가 없나? 의무를 다하고 전선을 유지하게!",
    "GrandMasterReport3_1_Choice0_Text": "[b:당신: 이 전역의 긴급한 상황은 파격적인 해법을 필요로 했습니다. 하지만 안심하십시오. 우리는 어떤 대가를 치르더라도 반드시 승리할 것입니다.]",
    "GrandMasterReport3_1_Choice0P2_Text": "엑타르 형제: 그렇지 않습니다, 각하. 지휘 중인 젊은 사령관을 제대로 지도하지 못한 제 책임입니다. 그가 설명하려는 것은 우리가 악마에게서 오염된 정보를 획득한 탓에 드라이고 경을 함정으로 인도했다는...\n(통신 연결 종료)",
    "GrandMasterReport3_1_Choice1P1_Text": "그랜드 마스터 카이: 이건 (잡음) 예외적인 조치로군... 우리는 악마를 파괴하기 위해 존재하지, (잡음) 놈들을 우리의 애완동물로 만들기 위해 존재하는 게 아닐세. (잡음) 우리 형제들이 마지못해 그런 일을 한 경우조차 *아주* 드물지... 무엇을 알아냈는지 말해주겠나?",
    "GrandMasterReport3_1_Outro1_Text": "도미누스 루네테: 개입: 사령관, 제가 실시간 아스트로패틱 연결을 종료했습니다. 그랜드 마스터는 당신의 말을 듣지 못할 것입니다.",
    "GrandMasterReport3_1_Outro3_Text": "도미누스 루네테: 계산: 슈프림 그랜드 마스터가 처한 위기는 임무 매개변수에 상당한 영향을 미쳤습니다. 타이탄 의회는 72.1% 확률로 악의의 칙령함의 임무를 중단시킬 것이며, 그렇게 될 경우 우리의 임무 실패 확률은 100%로 증가할 것입니다.",
    "GrandMasterReport3_1_Outro7_Text": "엑타르 형제: 당신은 이제 여기서 어떤 권한도 없습니다, 이단심문관! 하지만, 사령관님... 저는... 저도 도미누스의 평가에 동의합니다. 드라이고 경을 돕기 위해 개입할 최소한의 기회를 가지기 위해서는 이 의식을 최대한 빨리 완료해야 합니다... 이 블룸을 끝장내기 위해서는 더더욱 그렇습니다. ",
    "GrandMasterReportFlowering2_Text": "그랜드 마스터 카이: 이 블룸의 확산 속도가 엄청나군! 그랜드 마스터 바우르만드는 '황제께서는 실패를 용인해 우리가 배울 수 있게 하지만 계속되는 패배는 무지한 자들이 배우려는 의지가 없음을 의미한다.'고 말했네. 난 더 이상의 무지는 용납할 수 없네.",
    "GrandMasterReport2_9_Intro1_Text": "그랜드 마스터 카이: 사령관, 의회가 모든 수단을 검토하고 있네. 우리는 다수의 형제단에게 대규모 정화 작전을 요청했으며, 오르도 말레우스와의 공조를 위해 세그멘툼 전역의 타격대를 불러모으고 있지. 워프 폭풍이 지속적으로 통신과 부대의 이동을 방해하고 있다네. 악의의 칙령함은 다음 단계를 위해 현장에서 대기--...\n(통신 연결 종료)",
    "GrandMasterReportExterminatus2_Text": "그랜드 마스터 카이: 또다시 익스터미나투스를 선언했더군. 내가 이를 간단히 사용해서는 안 된다고 말하지 않았던가?나 역시 자네가 마주한 이 블룸이 위험하다는 것은 알고 있네만, 우리는 인류를 위해서 싸우는 것이지 그 종말을 앞당기기 위해서 싸우는 게 아닐세. 정녕 그 행동이 정당했는지를 재차 확인하길 바랄 따름일세.",
    "GrandMasterReport3_1_Intro1_Text": "그랜드 마스터 카이: 사령관, 타이탄의 프로그노스티카들이 내게 중대한 예언을 전하라고 경고했네. 데몬 프린스가 악의의 칙령함을 내부에서부터...(잡음)...이단심문관은 비명과 웃음소리로 뒤덮인 의식에 사로잡힐 것이니...(잡음) ...어둠을 가르는 검은 피어나는 블룸의 끔찍한 가시에 영원토록 사로잡히게 되리라...(잡음) 사령관, 이것은 절대 가볍게 보아서는 안 될 환영일세!! 나는--(잡음)--이 망할 폭풍을--(잡음)--뚫기 위해--(잡음)--아스트로패스들을 희생시켜야 했네! \n지원이라면--(잡음)--보내주겠네, 하지만 답변이 필요하네!",
    "GrandMasterReportFlowering4_Text": "그랜드 마스터 카이: 타이탄의 성가대가 자네가 있는 섹터에 다가올 대재앙을 예언했네! 현실을 붕괴시켜 너글의 정원으로 만들어버리고 끝없는 역병을 수천 년간 퍼뜨릴, \"모르부스\"에 대해 떠들어대더군. 모든 수단을 동원해 이 블룸을 억제해야 한다는 것을 굳이 말하지 않아도 알고 있으리라 생각하네! 변명은 필요 없네!",
    "GrandMasterReportExterminatus1_Text": "그랜드 마스터 카이: 자네의 익스터미나투스 명령부터 시작하지. 때때로 우리는 다른 이들이 상상조차 하지 못한 일을 생각해야 하네. 그게 오르도 말레우스에게 주어진 짐이자 의무일세. 이를 실패라고 생각하지 말게나. 하지만 자네가 내린 결정의 대가가 값비싸다는 것을, 그렇기에 그 결정은 가볍게 내려져서는 안 된다는 것을 명심하게.",
    "GrandMasterReportExterminatus3_Text": "그랜드 마스터 카이: 시작하기 전에 확실히 말해 두도록 하지. 익스터미나투스를 자네의 무기고에 있는 도구 중 하나일 뿐이라고 취급하지 말게. 이단심문관 크립트만의 교범에 익스터미나투스를 이용한 성계 단위의 방화대를 만드는 전술이 언급되어 있으며, 그게 효과적이라는 것도 증명되었기는 하네만, 그의 유산을 계승하는 건 권하지 않겠네. 그의 전술이 만들어낸 희생이 이단심문소가 감당할 수 있는 것보다 더 많았다는 것을 명심하도록 하게나. 많은 이들이 자네의 행동을 주목하고 있는 만큼, 자네가 더 주의하지 않는다면 나는 자네를 보호해줄 수 없다네.",
    "GrandMasterReportExterminatus4_Text": "그랜드 마스터 카이: 시작하기 전에 말해두겠네. 자네는 이 섹터를 지나가면서 보이는 모든 것을 불태울 생각처럼 보이는군. 황제 폐하께서 통치하시는 것은 제국이지, 황무지가 아니라는 것을 잊지 말게! 내 지난 경고가 충분하지 않은 것으로 밝혀졌으니, 내 마지막 경고를 해 두지. 블룸에 대항하는 자네의 임무는 너무나도 중대한 만큼, 자네의 병력을 타이탄으로 복귀시켜 정식 재판에 회부시킬 수는 없네. 하지만 이단심문소가 이미 자체적인 조사를 시작했으며, 그들이 조사 결과에 따라 어떤 행동을 하건 간에 내게는 간섭할 권한이 없음을 알아두게나."
}
