{
    "MUTATION_NAME_PlagueBearer_Armour": "장갑",
    "MUTATION_NAME_PlagueBearer_Drain": "흡수",
    "MUTATION_NAME_PlagueBearer_Damage": "근접 피해량",
    "MUTATION_NAME_PlagueBearer_HP": "체력",
    "MUTATION_NAME_PlagueBearer_Resurrection": "부활",
    "MUTATION_DESC_PlagueBearer_Resistance": "+50% 저항력",
    "MUTATION_DESC_PlagueBearer_Armour": "+2 장갑",
    "MUTATION_DESC_PlagueBearer_Drain": "근접: 흡수",
    "MUTATION_DESC_PlagueBearer_Damage": "근접: +2 피해",
    "MUTATION_DESC_PlagueBearer_HP": "+4 체력",
    "MUTATION_NAME_PlagueRidden_Armour": "장갑",
    "MUTATION_DESC_PlagueBearer_Resurrection": "자동 (부활, 100%)",
    "MUTATION_ALL": "돌연변이: 전체",
    "MUTATION_UNAVAILABLE": "비활성화",
    "MUTATION_DESC_PlagueRidden_Resistance": "+100% 저항력",
    "MUTATION_DESC_PlagueRidden_Armour": "+2 장갑",
    "MUTATION_DESC_PlagueRidden_Drain": "공격: 흡수",
    "MUTATION_DESC_PlagueRidden_Damage": "+2 피해",
    "MUTATION_DESC_PlagueRidden_HP": "+6 체력",
    "MUTATION_NAME_Poxwalker_Resistance": "저항력",
    "MUTATION_NAME_Poxwalker_Armour": "장갑",
    "MUTATION_NAME_Poxwalker_Drain": "흡수",
    "MUTATION_NAME_Poxwalker_MeleeDamage": "근접 피해량",
    "MUTATION_NAME_Poxwalker_HP": "체력",
    "MUTATION_NAME_Poxwalker_Movement": "이동력",
    "MUTATION_DESC_Poxwalker_Armour": "+2 장갑",
    "MUTATION_DESC_Poxwalker_Drain": "근접: 흡수",
    "MUTATION_DESC_Poxwalker_MeleeDamage": "근접: +1 피해",
    "MUTATION_DESC_Poxwalker_HP": "+2 체력",
    "MUTATION_DESC_Poxwalker_Movement": "+1 이동력",
    "MUTATION_NAME_BlightLordTerminator_Resistance": "저항력",
    "MUTATION_NAME_BlightLordTerminator_Armour": "장갑",
    "MUTATION_NAME_BlightLordTerminator_Drain": "흡수",
    "MUTATION_NAME_BlightLordTerminator_Damage": "피해량",
    "MUTATION_NAME_BlightLordTerminator_HP": "체력",
    "MUTATION_NAME_BlightLordTerminator_BlightGrenade": "질병 수류탄",
    "MUTATION_DESC_BlightLordTerminator_Resistance": "+50% 저항력",
    "MUTATION_DESC_BlightLordTerminator_Drain": "공격: 흡수",
    "MUTATION_DESC_BlightLordTerminator_Damage": "+1 피해",
    "MUTATION_DESC_BlightLordTerminator_HP": "+4 체력",
    "MUTATION_DESC_BlightLordTerminator_BlightGrenade": "수류탄: +1 범위",
    "MUTATION_NAME_BlightLordChampion_Resistance": "저항력",
    "MUTATION_NAME_BlightLordChampion_Armour": "장갑",
    "MUTATION_NAME_BlightLordChampion_Drain": "흡수",
    "MUTATION_NAME_BlightLordChampion_Damage": "피해량",
    "MUTATION_NAME_BlightLordChampion_HP": "체력",
    "MUTATION_NAME_BlightLordChampion_CritDefense": "치명 방어",
    "MUTATION_DESC_BlightLordChampion_Armour": "+3 장갑",
    "MUTATION_DESC_PlagueRidden_Resurrection": "자동 (부활, 100%)",
    "MUTATION_DESC_BlightLordChampion_Drain": "공격: 흡수",
    "MUTATION_DESC_BlightLordChampion_Damage": "+2 피해",
    "MUTATION_DESC_BlightLordChampion_HP": "+8 체력",
    "MUTATION_DESC_BlightLordChampion_CritDefense": "-25% 피치명률",
    "MUTATION_NAME_HelBrute_Resistance": "저항력",
    "MUTATION_NAME_HelBrute_Armour": "장갑",
    "MUTATION_NAME_HelBrute_Drain": "흡수",
    "MUTATION_NAME_HelBrute_Damage": "피해량",
    "MUTATION_NAME_HelBrute_HP": "체력",
    "MUTATION_DESC_HelBrute_Resistance": "+100% 저항력",
    "MUTATION_DESC_HelBrute_Damage": "+2 피해",
    "MUTATION_DESC_HelBrute_HP": "+8 체력",
    "MUTATION_DESC_HelBrute_CritDefense": "-25% 피치명률",
    "MUTATION_NAME_PlagueChampion_Resistance": "저항력",
    "MUTATION_NAME_PlagueChampion_Armour": "장갑",
    "MUTATION_NAME_PlagueChampion_Drain": "흡수",
    "MUTATION_NAME_PlagueChampion_Damage": "피해량",
    "MUTATION_NAME_PlagueChampion_HP": "체력",
    "MUTATION_NAME_PlagueChampion_Orders": "명령",
    "MUTATION_DESC_PlagueChampion_Resistance": "+100% 저항력",
    "MUTATION_DESC_PlagueChampion_Armour": "+3 장갑",
    "MUTATION_DESC_PlagueChampion_Damage": "+2 피해",
    "MUTATION_DESC_PlagueChampion_HP": "+6 체력",
    "MUTATION_DESC_PlagueChampion_Orders": "명령: +1 범위",
    "MUTATION_NAME_PlagueMarine_Belcher_Resistance": "저항력",
    "MUTATION_NAME_PlagueMarine_Belcher_Armour": "장갑",
    "MUTATION_NAME_PlagueMarine_Belcher_Drain": "흡수",
    "MUTATION_NAME_PlagueMarine_Belcher_Damage": "피해량",
    "MUTATION_NAME_PlagueMarine_Belcher_HP": "체력",
    "MUTATION_NAME_PlagueMarine_Belcher_DisgustinglyResilient": "역겨운 회복력",
    "MUTATION_NAME_PlagueMarine_Boltgun_Resistance": "저항력",
    "MUTATION_NAME_PlagueMarine_Boltgun_Armour": "장갑",
    "MUTATION_NAME_PlagueMarine_Boltgun_Drain": "흡수",
    "MUTATION_NAME_PlagueMarine_Boltgun_Damage": "피해량",
    "MUTATION_NAME_PlagueMarine_Boltgun_HP": "체력",
    "MUTATION_DESC_PlagueMarine_Belcher_Resistance": "+50% 저항력",
    "MUTATION_DESC_PlagueMarine_Belcher_Armour": "+2 장갑",
    "MUTATION_DESC_PlagueMarine_Belcher_Drain": "공격: 흡수",
    "MUTATION_DESC_PlagueMarine_Belcher_Damage": "+1 피해",
    "MUTATION_DESC_PlagueMarine_Belcher_HP": "+4 체력",
    "MUTATION_DESC_PlagueMarine_Belcher_DisgustinglyResilient": "역겨운 회복력: +2 회복",
    "MUTATION_DESC_PlagueMarine_Boltgun_Resistance": "+50% 저항력",
    "MUTATION_DESC_PlagueMarine_Boltgun_Armour": "+2 장갑",
    "MUTATION_DESC_PlagueMarine_Boltgun_Drain": "공격: 흡수",
    "MUTATION_DESC_PlagueMarine_Boltgun_Damage": "+1 피해",
    "MUTATION_DESC_PlagueMarine_Boltgun_HP": "+4 체력",
    "MUTATION_NAME_Cultist_Autogun_Resistance": "저항력",
    "MUTATION_NAME_Cultist_Autogun_Armour": "장갑",
    "MUTATION_NAME_Cultist_Autogun_Drain": "흡수",
    "MUTATION_NAME_Cultist_Autogun_Damage": "피해량",
    "MUTATION_NAME_Cultist_Autogun_HP": "체력",
    "MUTATION_NAME_Cultist_Autogun_Range": "사거리",
    "MUTATION_DESC_Cultist_Autogun_Resistance": "+50% 저항력",
    "MUTATION_DESC_Cultist_Autogun_Armour": "+2 장갑",
    "MUTATION_DESC_Cultist_Autogun_HP": "+2 체력",
    "MUTATION_DESC_Cultist_Autogun_Range": "오토건: +4 사거리",
    "MUTATION_NAME_Cultist_HeavyStubber_Resistance": "저항력",
    "MUTATION_NAME_Cultist_HeavyStubber_Armour": "장갑",
    "MUTATION_NAME_Cultist_HeavyStubber_Drain": "흡수",
    "MUTATION_NAME_Cultist_HeavyStubber_Damage": "피해량",
    "MUTATION_NAME_Cultist_HeavyStubber_HP": "체력",
    "MUTATION_NAME_Cultist_HeavyStubber_Range": "사거리",
    "MUTATION_DESC_Cultist_HeavyStubber_Resistance": "+50% 저항력",
    "MUTATION_DESC_Cultist_HeavyStubber_Armour": "+2 장갑",
    "MUTATION_DESC_Cultist_HeavyStubber_Damage": "중 기관총: +1 피해",
    "MUTATION_DESC_Cultist_HeavyStubber_HP": "+2 체력",
    "MUTATION_DESC_Cultist_HeavyStubber_Range": "중 기관총: +4 사거리",
    "MUTATION_NAME_Cultist_Grenader_Resistance": "저항력",
    "MUTATION_NAME_Cultist_Grenader_Armour": "장갑",
    "MUTATION_NAME_Cultist_Grenader_Drain": "흡수",
    "MUTATION_NAME_Cultist_Grenader_Damage": "피해량",
    "MUTATION_NAME_Cultist_Grenader_HP": "체력",
    "MUTATION_NAME_Cultist_Grenader_Area": "사거리",
    "MUTATION_DESC_Cultist_Grenader_Resistance": "+50% 저항력",
    "MUTATION_DESC_Cultist_Grenader_Armour": "+2 장갑",
    "MUTATION_DESC_Cultist_Grenader_Drain": "수류탄: 흡수",
    "MUTATION_DESC_Cultist_Grenader_HP": "+2 체력",
    "MUTATION_DESC_Cultist_Grenader_Area": "수류탄: +1 범위",
    "MUTATION_NAME_ApostatePreacher_Resistance": "저항력",
    "MUTATION_NAME_ApostatePreacher_Armour": "장갑",
    "MUTATION_NAME_ApostatePreacher_Drain": "흡수",
    "MUTATION_NAME_ApostatePreacher_Damage": "피해량",
    "MUTATION_NAME_ApostatePreacher_HP": "체력",
    "MUTATION_NAME_ApostatePreacher_SwollenFlesh": "부풀어 오른 살점",
    "MUTATION_DESC_ApostatePreacher_Resistance": "+50 저항력",
    "MUTATION_DESC_ApostatePreacher_Armour": "+2 장갑",
    "MUTATION_DESC_ApostatePreacher_Damage": "+1 피해",
    "MUTATION_DESC_ApostatePreacher_HP": "+2 체력",
    "MUTATION_DESC_ApostatePreacher_SwollenFlesh": "부풀어 오른 살점: +2 장갑",
    "MUTATION_NAME_MyphiticBlightHauler_Resistance": "저항력",
    "MUTATION_NAME_MyphiticBlightHauler_Armour": "장갑",
    "MUTATION_NAME_MyphiticBlightHauler_Drain": "흡수",
    "MUTATION_NAME_MyphiticBlightHauler_Damage": "피해량",
    "MUTATION_NAME_MyphiticBlightHauler_HP": "체력",
    "MUTATION_NAME_MyphiticBlightHauler_CritDefense": "치명타 방어",
    "MUTATION_DESC_MyphiticBlightHauler_Resistance": "+50% 저항력",
    "MUTATION_DESC_MyphiticBlightHauler_Armour": "+4 장갑",
    "MUTATION_DESC_MyphiticBlightHauler_Damage": "+2 피해",
    "MUTATION_NAME_ChaosSpawn_Resistance": "저항력",
    "MUTATION_NAME_ChaosSpawn_Armour": "장갑",
    "MUTATION_NAME_ChaosSpawn_Drain": "흡수",
    "MUTATION_NAME_ChaosSpawn_Damage": "피해량",
    "MUTATION_NAME_ChaosSpawn_HP": "체력",
    "MUTATION_NAME_ChaosSpawn_FoulRegeneration": "더러운 재생력",
    "MUTATION_DESC_ChaosSpawn_Resistance": "+100% 저항력",
    "MUTATION_DESC_ChaosSpawn_Armour": "+4 장갑",
    "MUTATION_DESC_ChaosSpawn_Drain": "공격: 흡수",
    "MUTATION_DESC_ChaosSpawn_Damage": "+2 피해",
    "MUTATION_DESC_ChaosSpawn_HP": "+9 체력",
    "MUTATION_NAME_FoetidBloatDrone_Resistance": "저항력",
    "MUTATION_NAME_FoetidBloatDrone_Armour": "장갑",
    "MUTATION_NAME_FoetidBloatDrone_Drain": "흡수",
    "MUTATION_NAME_FoetidBloatDrone_Damage": "피해량",
    "MUTATION_NAME_FoetidBloatDrone_HP": "체력",
    "MUTATION_NAME_FoetidBloatDrone_Area": "사거리",
    "MUTATION_DESC_FoetidBloatDrone_Resistance": "+50% 저항력",
    "MUTATION_DESC_FoetidBloatDrone_Armour": "+4 장갑",
    "MUTATION_DESC_FoetidBloatDrone_Drain": "공격: 흡수",
    "MUTATION_DESC_FoetidBloatDrone_Damage": "+2 피해",
    "MUTATION_DESC_FoetidBloatDrone_HP": "+4 체력",
    "MUTATION_DESC_FoetidBloatDrone_Area": "블라이트 발사기: +1 사거리",
    "MUTATION_NAME_BloatedPoxwalker_DieOnMutate": "불안정",
    "MUTATION_NAME_Munificus_BileSpray_1": "담즙 뿌리개 1",
    "MUTATION_DESC_Munificus_BileSpray_1": "돌연변이: 담즙 뿌리개 1",
    "MUTATION_NAME_Munificus_BileSpray_2": "담즙 뿌리개 2",
    "MUTATION_DESC_Munificus_BileSpray_2": "돌연변이: 담즙 뿌리개 2",
    "MUTATION_NAME_Munificus_BileSpray_3": "담즙 뿌리개 3",
    "MUTATION_NAME_Munificus_DiseasedTalonsAbility_Left_1": "병든 발톱 1 (왼쪽)",
    "MUTATION_DESC_Munificus_DiseasedTalonsAbility_Left_1": "돌연변이: 병든 발톱 1 (왼쪽)",
    "MUTATION_NAME_Munificus_DiseasedTalonsAbility_Left_2": "병든 발톱 2 (왼쪽)",
    "MUTATION_DESC_Munificus_DiseasedTalonsAbility_Left_2": "돌연변이: 병든 발톱 2 (왼쪽)",
    "MUTATION_NAME_Munificus_DiseasedTalonsAbility_Left_3": "병든 발톱 3 (왼쪽)",
    "MUTATION_NAME_Munificus_DiseasedTalonsAbility_Right_1": "병든 발톱 1 (오른쪽)",
    "MUTATION_DESC_Munificus_DiseasedTalonsAbility_Right_1": "돌연변이: 병든 발톱 1 (오른쪽)",
    "MUTATION_NAME_Munificus_DiseasedTalonsAbility_Right_2": "병든 발톱 2 (오른쪽)",
    "MUTATION_DESC_Munificus_DiseasedTalonsAbility_Right_2": "돌연변이: 병든 발톱 2 (오른쪽)",
    "MUTATION_DESC_Munificus_DiseasedTalonsAbility_Right_3": "돌연변이: 병든 발톱 3 (오른쪽)",
    "MUTATION_NAME_Munificus_NeedleSprayAbility_Left_1": "바늘 뿌리개 1 (왼쪽)",
    "MUTATION_NAME_Munificus_NeedleSprayAbility_Left_2": "바늘 뿌리개 2 (왼쪽)",
    "MUTATION_NAME_Munificus_NeedleSprayAbility_Left_3": "바늘 뿌리개 3 (왼쪽)",
    "MUTATION_DESC_Munificus_NeedleSprayAbility_Left_3": "돌연변이: 바늘 뿌리개 3 (왼쪽)",
    "MUTATION_NAME_Munificus_NeedleSprayAbility_Right_1": "바늘 뿌리개 1 (오른쪽)",
    "MUTATION_DESC_Munificus_NeedleSprayAbility_Right_1": "돌연변이: 바늘 뿌리개 1 (오른쪽)",
    "MUTATION_NAME_Munificus_NeedleSprayAbility_Right_2": "바늘 뿌리개 2 (오른쪽)",
    "MUTATION_NAME_Munificus_NeedleSprayAbility_Right_3": "바늘 뿌리개 3 (오른쪽)",
    "MUTATION_DESC_Munificus_NeedleSprayAbility_Right_3": "돌연변이: 바늘 뿌리개 3 (오른쪽)",
    "MUTATION_NAME_Munificus_MucalBlast_Left_1": "가래 폭발 1 (왼쪽)",
    "MUTATION_DESC_Munificus_MucalBlast_Left_1": "돌연변이: 가래 폭발 1 (왼쪽)",
    "MUTATION_NAME_Munificus_MucalBlast_Left_2": "가래 폭발 2 (왼쪽)",
    "MUTATION_NAME_Munificus_MucalBlast_Left_3": "가래 폭발 3 (왼쪽)",
    "MUTATION_DESC_Munificus_MucalBlast_Left_3": "돌연변이: 가래 폭발 3 (왼쪽)",
    "MUTATION_NAME_Munificus_MucalBlast_Right_1": "가래 폭발 1 (오른쪽)",
    "MUTATION_DESC_Munificus_MucalBlast_Right_1": "돌연변이: 가래 폭발 1 (오른쪽)",
    "MUTATION_NAME_Munificus_MucalBlast_Right_2": "가래 폭발 2 (오른쪽)",
    "MUTATION_NAME_Munificus_MucalBlast_Right_3": "가래 폭발 3 (오른쪽)",
    "MUTATION_DESC_Munificus_MucalBlast_Right_3": "돌연변이: 가래 폭발 3 (오른쪽)",
    "MUTATION_NAME_Munificus_ProjectilePus_Left_1": "고름 발사기 1 (왼쪽)",
    "MUTATION_NAME_Munificus_ProjectilePus_Left_2": "고름 발사기 2 (왼쪽)",
    "MUTATION_DESC_Munificus_ProjectilePus_Left_2": "돌연변이: 고름 발사기 2 (왼쪽)",
    "MUTATION_NAME_Munificus_ProjectilePus_Left_3": "고름 발사기 3 (왼쪽)",
    "MUTATION_DESC_Munificus_ProjectilePus_Left_3": "돌연변이: 고름 발사기 3 (왼쪽)",
    "MUTATION_NAME_Munificus_ProjectilePus_Right_1": "고름 발사기 1 (오른쪽)",
    "MUTATION_DESC_Munificus_ProjectilePus_Right_1": "돌연변이: 고름 발사기 1 (오른쪽)",
    "MUTATION_DESC_Munificus_ProjectilePus_Right_2": "돌연변이: 고름 발사기 2 (오른쪽)",
    "MUTATION_NAME_Munificus_ProjectilePus_Right_3": "고름 발사기 3 (오른쪽)",
    "MUTATION_DESC_Munificus_ProjectilePus_Right_3": "돌연변이: 고름 발사기 3 (오른쪽)",
    "MUTATION_NAME_Munificus_FleshyAbundanceAbility_Left_1": "후려치기 1 (왼쪽)",
    "MUTATION_DESC_Munificus_FleshyAbundanceAbility_Left_1": "돌연변이: 후려치기 1 (왼쪽)",
    "MUTATION_DESC_Munificus_FleshyAbundanceAbility_Left_2": "돌연변이: 후려치기 2 (왼쪽)",
    "MUTATION_NAME_Munificus_FleshyAbundanceAbility_Left_3": "후려치기 3 (왼쪽)",
    "MUTATION_DESC_Munificus_FleshyAbundanceAbility_Left_3": "돌연변이: 후려치기 3 (왼쪽)",
    "MUTATION_NAME_Munificus_FleshyAbundanceAbility_Right_1": "후려치기 1 (오른쪽)",
    "MUTATION_NAME_Munificus_FleshyAbundanceAbility_Right_3": "후려치기 3 (오른쪽)",
    "MUTATION_DESC_Munificus_FleshyAbundanceAbility_Right_3": "돌연변이: 후려치기 3 (오른쪽)",
    "MUTATION_NAME_Munificus_TailSnap_1": "꼬리 치기 1",
    "MUTATION_DESC_Munificus_TailSnap_1": "돌연변이: 꼬리 치기 1",
    "MUTATION_NAME_Munificus_TailSnap_2": "꼬리 치기 2",
    "MUTATION_DESC_Munificus_TailSnap_2": "돌연변이: 꼬리 치기 2",
    "MUTATION_NAME_Munificus_TailSnap_3": "꼬리 치기 3",
    "MUTATION_DESC_Munificus_TailSnap_3": "돌연변이: 꼬리 치기 3",
    "MUTATION_DESC_Munificus_SuppuratingHeart_1": "돌연변이: 곪은 심장 1",
    "MUTATION_NAME_Munificus_SuppuratingHeart_2": "곪은 심장 2",
    "MUTATION_DESC_Munificus_SuppuratingHeart_2": "돌연변이: 곪은 심장 2",
    "MUTATION_NAME_Munificus_SuppuratingHeart_3": "곪은 심장 3",
    "MUTATION_DESC_Munificus_SuppuratingHeart_3": "돌연변이: 곪은 심장 3",
    "MUTATION_NAME_Munificus_SuppuratingLungs_1": "곪은 폐 1",
    "MUTATION_NAME_Munificus_SuppuratingLungs_2": "곪은 폐 2",
    "MUTATION_DESC_Munificus_SuppuratingLungs_2": "돌연변이: 곪은 폐 2",
    "MUTATION_NAME_Munificus_SuppuratingLungs_3": "곪은 폐 3",
    "MUTATION_DESC_Munificus_SuppuratingLungs_3": "돌연변이: 곪은 폐 3",
    "MUTATION_NAME_Munificus_SuppuratingHeart": "곪은 심장",
    "MUTATION_NAME_Munificus_SuppuratingLungs": "곪은 폐",
    "MUTATION_NAME_Munificus_TailSnap": "꼬리 치기",
    "MUTATION_NAME_Munificus_FleshyAbundance": "풍성한 살",
    "MUTATION_NAME_Munificus_BileSpray": "담즙 뿌리개",
    "MUTATION_NAME_Munificus_DiseasedTalons": "병든 발톱",
    "MUTATION_NAME_Munificus_NeedleSpray": "바늘 뿌리개",
    "MUTATION_NAME_Munificus_MucalBlast": "가래 폭발",
    "MUTATION_DESC_Left_Level": "왼쪽: 레벨 {0}",
    "MUTATION_DESC_Right_Level": "오른쪽: 레벨 {0}",
    "MUTATION_DESC_Left_Inactive": "왼쪽: 움직이지 않음",
    "MUTATION_DESC_Right_Inactive": "오른쪽: 움직이지 않음",
    "MUTATION_DESC_Inactive": "움직이지 않음",
    "MUTATION_DESC_Level": "레벨 {0}",
    "MUTATION_NAME_PlagueBearer_Resistance": "저항력",
    "MUTATION_NAME_PlagueRidden_Resistance": "저항력",
    "MUTATION_NAME_PlagueRidden_Drain": "흡수",
    "MUTATION_NAME_PlagueRidden_Damage": "피해량",
    "MUTATION_NAME_PlagueRidden_HP": "체력",
    "MUTATION_NAME_PlagueRidden_Resurrection": "부활",
    "MUTATION_DESC_Poxwalker_Resistance": "+50% 저항력",
    "MUTATION_DESC_BlightLordTerminator_Armour": "+3 장갑",
    "MUTATION_DESC_BlightLordChampion_Resistance": "+100% 저항력",
    "MUTATION_NAME_HelBrute_CritDefense": "치명타 방어",
    "MUTATION_DESC_HelBrute_Armour": "+4 장갑",
    "MUTATION_DESC_HelBrute_Drain": "공격: 흡수",
    "MUTATION_DESC_PlagueChampion_Drain": "공격: 흡수",
    "MUTATION_NAME_PlagueMarine_Boltgun_DisgustinglyResilient": "역겨운 회복력",
    "MUTATION_DESC_PlagueMarine_Boltgun_DisgustinglyResilient": "역겨운 회복력: +2 회복",
    "MUTATION_DESC_Cultist_Autogun_Drain": "오토건: 흡수",
    "MUTATION_DESC_Cultist_Autogun_Damage": "오토건: +1 피해",
    "MUTATION_DESC_Cultist_HeavyStubber_Drain": "중 기관총: 흡수",
    "MUTATION_DESC_Cultist_Grenader_Damage": "수류탄: +2 피해",
    "MUTATION_DESC_ApostatePreacher_Drain": "공격: 흡수",
    "MUTATION_DESC_MyphiticBlightHauler_Drain": "공격: 흡수",
    "MUTATION_DESC_MyphiticBlightHauler_HP": "+2 체력",
    "MUTATION_DESC_MyphiticBlightHauler_CritDefense": "-25% 피치명률",
    "MUTATION_DESC_ChaosSpawn_FoulRegeneration": "더러운 재생력: +50% 신체 부위 재생",
    "MUTATION_DESC_BloatedPoxwalker_DieOnMutate": "폭발",
    "MUTATION_DESC_Munificus_BileSpray_3": "돌연변이: 담즙 뿌리개 3",
    "MUTATION_DESC_Munificus_DiseasedTalonsAbility_Left_3": "돌연변이: 병든 발톱 3 (왼쪽)",
    "MUTATION_NAME_Munificus_DiseasedTalonsAbility_Right_3": "병든 발톱 3 (오른쪽)",
    "MUTATION_DESC_Munificus_NeedleSprayAbility_Left_1": "돌연변이: 바늘 뿌리개 1 (왼쪽)",
    "MUTATION_DESC_Munificus_NeedleSprayAbility_Left_2": "돌연변이: 바늘 뿌리개 2 (왼쪽)",
    "MUTATION_DESC_Munificus_NeedleSprayAbility_Right_2": "돌연변이: 바늘 뿌리개 2 (오른쪽)",
    "MUTATION_DESC_Munificus_MucalBlast_Left_2": "돌연변이: 가래 폭발 2 (왼쪽)",
    "MUTATION_DESC_Munificus_MucalBlast_Right_2": "돌연변이: 가래 폭발 2 (오른쪽)",
    "MUTATION_DESC_Munificus_ProjectilePus_Left_1": "돌연변이: 고름 발사기 1 (왼쪽)",
    "MUTATION_NAME_Munificus_ProjectilePus_Right_2": "고름 발사기 2 (오른쪽)",
    "MUTATION_NAME_Munificus_FleshyAbundanceAbility_Left_2": "후려치기 2 (왼쪽)",
    "MUTATION_DESC_Munificus_FleshyAbundanceAbility_Right_1": "돌연변이: 후려치기 1 (오른쪽)",
    "MUTATION_NAME_Munificus_FleshyAbundanceAbility_Right_2": "후려치기 2 (오른쪽)",
    "MUTATION_DESC_Munificus_FleshyAbundanceAbility_Right_2": "돌연변이: 후려치기 2 (오른쪽)",
    "MUTATION_NAME_Munificus_SuppuratingHeart_1": "곪은 심장 1",
    "MUTATION_DESC_Munificus_SuppuratingLungs_1": "돌연변이: 곪은 폐 1",
    "MUTATION_NAME_Munificus_ProjectilePus": "고름 발사기"
}
