{
    "BypassOpportunity_Choice1_MenuText": "워프로 가속",
    "BypassOpportunity_Choice2_MenuText": "사격 개시.",
    "BypassOpportunity_Choice1_Script01_Text": "도미누스 루네테: 숙고중: 폭풍의 변화 진로 계산 중…",
    "BypassOpportunity_Intro2_Text": "엑타르 형제: 사령관 우린 워프에서 나가 교전을 준비해야 하오!",
    "BypassOpportunity_Choice0_MenuText": "도주를 시도한다.",
    "BypassOpportunity_Choice0_Script01_Text": "이단심문관 바키르: 도주는 패배가 아닙니다 사령관. 무의미한 아수라장이 아닌 우리가 이겨야할 전쟁입니다. ",
    "BypassOpportunity_Intro1_Text": "도미누스 루네테: 경고: 너글 함선이 워프에서 우리를 미행 중, 칙령함을 가로막기 위해 가속 시작.",
    "BypassOpportunity_Choice1B_Script02_Text": "도미누스 루네테: 사령관님! 워프 드라이브가 직격당했습니다. 현실 세계로 긴급 복귀합니다. 충격에 대비하십시오!\n\n(워프 드라이브 {warp_drive_level}) 폭풍에 제 때 도착할 수 없었고, 워프 드라이브에 직격당한 것 때문에 당신은 원치 않는 전투에 직면하게 되었습니다.",
    "BypassOpportunity_Intro3_Text": "도미누스 루네테: 대안: 약간의 항로 변경과 최고 가속을 조합하면 저들의 추격에 혼란을 줄 수 있고 시간 소모를 절충할 수 있을겁니다.",
    "BypassOpportunity_Choice1A_Script02_Text": "도미누스 루네테: 사령관, 폭풍을 가로지른 결과 안정된 것으로 보입니다. 센서에 의하면 적 함선은 칙령함을 놓쳤습니다.",
    "BypassOpportunity_Choice1B_Script03_Text": "{battle_interaction:BypassOpportunity_Choice1B_Interaction}",
    "BypassOpportunity_Choice2_Script01_Text": "도미누스 루네테: 현실세계로 복귀중. 교전을 위해 무기 시스템 준비!",
    "BypassOpportunity_Choice2_Script02_Text": "{battle_interaction:BypassOpportunity_Choice2_Interaction}",
    "BypassOpportunity_Choice2_Script02A_Text": "(함포 레벨 {weapon_level}) 칙령함의 강력한 함포가 공격을 당하기 전에 적 함을 파괴했다.",
    "BypassOpportunity_Choice1B_Script03A_Text": "(함포 레벨 {weapon_level}) 칙령함은 교전 브리핑 후 적함을 파괴했다.",
    "BypassOpportunity_Choice2_Script02B_Text": "(함포 레벨 {weapon_level}) 칙령함은 교전 브리핑 후 적함을 파괴했다.",
    "BypassOpportunity_Choice0_MenuTextB": "[b:당신: 도주를 시도한다.]",
    "BypassOpportunity_Choice1_MenuTextB": "[b:당신: 워프로 가속한다]",
    "BypassOpportunity_Choice2_MenuTextB": "[b:당신: 사격 개시.]",
    "HidingInTheWarp_Choice0_MenuText": "놔준다.",
    "HidingInTheWarp_Intro1_Text": "도미누스 루네테: 비상: 데스 가드 타격함이 랜스 함포 사거리 내에 감지됩니다! 심각한 피해를 입은 것으로 보입니다.",
    "HidingInTheWarp_Intro2_Text": "엑타르 형제: 겁쟁이들이 벌써 워프로 도주하려 하는군, 반역자 함선을 어서 추격해서 제거해야하네!",
    "WarpGrapple_Choice2_MenuText": "침입자를 격퇴한다!",
    "HidingInTheWarp_Choice2_Script02_Text": "{battle_interaction:HidingInTheWarp_Choice2_Interaction}",
    "HidingInTheWarp_Choice0_Script01_Text": "이단심문관 바키르: 영악한 방법이군요 사령관.",
    "HidingInTheWarp_Choice2_Script01_Text": "도미누스 루네테: 전방 함포 사격!",
    "HidingInTheWarp_Choice2_Script02A_Text": "(함포 레벨 {weapon_level}) 칙령함의 무기는 적을 도주하기 전에 파괴했다.",
    "HidingInTheWarp_Choice1_MenuTextB": "[b:당신: 워프로 뒤쫓는다.]",
    "HidingInTheWarp_Choice2_MenuTextB": "[b:당신: 지금 교전하되, 워프는 피한다.]",
    "HidingInTheWarp_Choice0_MenuTextB": "[b:당신: 놔준다.]",
    "WarpGrapple_Choice1_MenuText": "워프에 있는 상태로 함선을 사격한다.",
    "WarpGrapple_Choice0_MenuTextB": "[b:당신: 워프 드라이브를 폭파한다.]",
    "WarpGrapple_Choice1_MenuTextB": "[b:당신: 워프에 있는 상태로 함선을 사격한다.]",
    "HidingInTheWarp_Choice1_Script02B_Text": "(향상된 겔러필드) 칙령함의 겔러 필드는 전투 중 파괴 되고, 피해를 입은 함선을 파괴하는 동안 악마들이 승선에 기사들과 교전을 했습니다.",
    "WarpGrapple_Choice0_Script01_Text": "엑타르 형제: 충격에 대비하라!",
    "WarpGrapple_Intro7_Text": "도미누스 루네테: 확인했습니다…",
    "WarpGrapple_Choice1B_Script02_Text": "{battle_interaction:WarpGrapple_Choice1B_Interaction}",
    "BurstingPustules_Intro1_Text": "도미누스 루네테: 비상: 데스 가드 역병 함선이 감지됩니다!",
    "WarpGrapple_Intro2_Text": "엑타르 형제: 저들이 강습을 시도합니다! 당장 워프에서 빠져나가야합니다!",
    "WarpGrapple_Intro4_Text": "엑타르 형제: 똑똑하군, 이 상황에서 그들의 운명은 우리가 결정하게 되겠군. 무슨 방법이 있지?",
    "WarpGrapple_Intro6_Text": "엑타르 형제: 사격하는 것 보다 워프 드라이브에 피해를 주는게 덜 위험하다고?",
    "CloudOfFlies_Choice0_MenuText": "도주를 시도한다.",
    "CloudOfFlies_Choice3_MenuText": "사격 개시.",
    "BurstingPustules_Intro2_Text": "엑타르 형제: 사령관, 상대가 빠르게 접근하고 있네!",
    "CloudOfFlies_Choice2_MenuText": "타격팀을 보낸다.",
    "BurstingPustules_Choice3_MenuTextB": "[b:당신: 타격팀을 보낸다.]",
    "BurstingPustules_Choice1_Script01_Text": "이단심문관 바키르: 할 수 있는걸 하도록 하죠!",
    "BurstingPustules_Intro5B_Text": "엑타르 형제: 사령관, 타격팀을 보내서 내부에 있는 함선을 공격해야 합니다! ",
    "BurstingPustules_Choice3_Script01_Text": "엑타르 형제: 형제들이여 공격하라!",
    "CloudOfFlies_Choice3_Script01_Text": "엑타르 형제: 형제들이여 공격하라!",
    "BurstingPustules_Choice2_MenuTextB": "[b:당신: 거리를 두고 사격한다.]",
    "BurstingPustules_Choice2_MenuText": "거리를 두고 사격한다.",
    "BurstingPustules_Choice1_MenuText": "이단심문관의 도움을 받는다.",
    "BurstingPustules_Choice1_MenuTextB": "[b:당신: 이단심문관의 도움을 받는다.]",
    "CloudOfFlies_Intro2_Text": "이단심문관 바키르: 역병 파리떼군요! 너글의 불쾌한 방어수단 중 하나죠.",
    "CloudOfFlies_Intro3_Text": "도미누스 루네테: 확인됨: 조준 시스템이 방해받아, 안정적인 조준이 불가능합니다.",
    "CloudOfFlies_Choice1_MenuText": "루네테에게 파리떼를 사격하라 한다.",
    "BurstingPustules_Choice2_Script02_Text": "{battle_interaction:BurstingPustules_Choice2_Interaction}",
    "CloudOfFlies_Choice1_Script01_Text": "도미누스 루네테: 워프 드라이브 가동중입니다.",
    "CloudOfFlies_Choice2_Script01_Text": "도미누스 루네테: 조준 시스템을 관제하겠습니다.",
    "FleshyHulk_Choice0_MenuTextB": "[b:당신: 도주를 시도한다.]",
    "FleshyHulk_Choice0_MenuText": "도주를 시도한다.",
    "CloudOfFlies_Choice3_MenuTextB": "[b:당신: 사격 개시.]",
    "FleshyHulk_Choice2_MenuText": "타격팀을 보낸다.",
    "CloudOfFlies_Choice2_MenuTextB": "[b:당신: 타격팀을 보낸다.]",
    "FleshyHulk_Choice1_MenuText": "익스터미나투스 어뢰를 발사한다.",
    "FleshyHulk_Choice1_MenuTextB": "[b:당신: 익스터미나투스 어뢰를 발사한다.]",
    "CloudOfFlies_Choice1_MenuTextB": "[b:당신: 루네테에게 파리떼를 사격하라 한다.]",
    "FleshyHulk_Choice3_MenuText": "함포를 과충전한다.",
    "FleshyHulk_Choice3_MenuTextB": "[b:당신: 함포를 과충전한다.]",
    "FleshyHulk_Choice4_Script02A_Text": "(함포 레벨 {weapon_level}) 함포 과충전으로, 칙령함의 강력한 무기가 순양함을 쉽게 격파했다.",
    "CloudOfFlies_Choice3_Script02_Text": "타격팀은 적 함선의 방어 시스템을 무력화 하는데 성공했지만 큰 피해를 입었습니다.",
    "CloudOfFlies_Choice4_Script02_Text": "{battle_interaction:CloudOfFlies_Choice4_Interaction}",
    "FleshyHulk_Intro1_Text": "도미누스 루네테: 상태: 수많은 함선이 공격진로로 접근중!",
    "FleshyHulk_Intro2_Text": "엑타르 형제: 역겨운 역병 오물 덩어리 같으니, 사격 개시!",
    "FleshyHulk_Intro3_Text": "도미누스 루네테: 비상: 현재 투사체는 효과적이지 않은걸로 보입니다.",
    "FleshyHulk_Intro5_Text": "도미누스 루네테: 대안: 함포를 과충전시키면 선체 관통 가능. 피해 위험도 큽니다.",
    "FleshyHulk_Intro7_Text": "도미누스 루네테: 계산중: 이단심문관의 의견은 실현 가능하나, 안전 의례가 최우선시 되어야 합니다.",
    "FleshyHulk_Intro8_Text": "엑타르 형제: 절대 안되네, 익스터미나투스의 사용이 허가된 상황이 아닐세!",
    "FleshyHulk_Choice1_Script01_Text": "도미누스 루네테: 네, 이 상대와 꼭 교전할 필요는 없습니다.",
    "FleshyHulk_Choice2_Script01_Text": "이단심문관 바키르: 확실하게 하죠 사령관. 어서 합시다!",
    "FleshyHulk_Choice3_Script01_Text": "엑타르 형제: 기사들의 맹세의 방패를 들었습니다. 준비는 끝났습니다.",
    "FleshyHulk_Choice4_Script01_Text": "엑타르 형제: 사격하게!",
    "EnemyRam_Choice2_MenuText": "사격 개시.",
    "TentacleShip_Choice1_MenuTextB": "[b:당신: 사격 개시.]",
    "EnemyRam_Choice2_MenuTextB": "[b:당신: 사격 개시.]",
    "TentacleShip_Choice0_MenuText": "씨앗을 사용해 촉수를 유인한다.",
    "TentacleShip_Choice0_MenuTextB": "[b:당신: 씨앗을 사용해 촉수를 유인한다.]",
    "TentacleShip_Choice2_MenuTextB": "[b:당신: 가속해서 당장 벗어난다!]",
    "TentacleShip_Choice2_MenuText": "가속해서 당장 벗어난다!",
    "TentacleShip_Choice1_Script01_Text": "이단심문관 바키르: 지시대로 하죠.",
    "TentacleShip_Choice3_Script01_Text": "도미누스 루네테: 가속 시작, 충격에 대비하십시오!",
    "EnemyRam_Choice2_Script02_Text": "{battle_interaction:EnemyRam_Choice2_Interaction}",
    "EnemyRam_Choice1_MenuTextB": "[b:당신: 워프 드라이브를 과부화시켜 탈출한다.]",
    "TentacleShip_Choice2_Script02_Text": "{battle_interaction:TentacleShip_Choice2_Interaction}",
    "AssaultOnTheAugurium_Choice3_MenuText": "사격 개시.",
    "AssaultOnTheAugurium_Choice1_MenuText": "라이브러리안을 배치해 소음을 잠재운다.",
    "AssaultOnTheAugurium_Choice0_Script01_Text": "엑타르 형제: 이 반역자들을 파괴해야 합니다!",
    "EnemyBoarders_Choice3_Script02_Text": "{battle_interaction:EnemyBoarders_Choice3_Interaction}",
    "AssaultOnTheLibris_Choice0_MenuText": "도주를 시도한다.",
    "AssaultOnTheAugurium_Choice3_MenuTextB": "[b:당신: 사격 개시.]",
    "AssaultOnTheLibris_Choice3_MenuTextB": "[b:당신: 사격 개시!]",
    "AssaultOnTheLibris_Choice3_MenuText": "사격 개시!",
    "AssaultOnTheAugurium_Choice3_Script01_Text": "엑타르 형제: 사격 개시!",
    "AssaultOnTheAugurium_Choice1_MenuTextB": "[b:당신: 라이브러리안을 배치해 소음을 잠재운다.]",
    "AssaultOnTheAugurium_Choice2_MenuTextB": "[b:당신: 확성기를 쏜다.]",
    "AssaultOnTheLibris_Choice3_Script01_Text": "엑타르 형제: 적과 교전 중이네!",
    "AssaultOnTheLibris_Choice2_Script01_Text": "도미누스 루네테: 가속 개시!",
    "AssaultOnTheLibris_Choice2_MenuText": "회피 기동!",
    "AssaultOnTheLibris_Choice2_MenuTextB": "[b:당신: 회피 기동!]",
    "AssaultOnTheAugurium_Choice3_Script02_Text": "{battle_interaction:AssaultOnTheAugurium_Choice3_Interaction}",
    "VirulenceAugmentorA_Choice0_MenuText": "도주를 시도한다.",
    "VirulenceAugmentorA_Choice3_MenuTextB": "[b:당신: 사격 개시!]",
    "VirulenceAugmentorB_Choice1_MenuText": "가속해서 대상에게 충각을 가한다.",
    "VirulenceAugmentorB_Choice3_MenuText": "사격 개시!",
    "VirulenceAugmentorA_Choice3_MenuText": "사격 개시!",
    "VirulenceAugmentorA_Choice2_MenuTextB": "[b:당신: 함선을 무력화를 시도해본다.]",
    "VirulenceAugmentorB_Choice2_MenuText": "함선을 무력화를 시도해본다.",
    "VirulenceAugmentorB_Choice1_Script01_Text": "도미누스 루네테: 최대 가속 개시합니다!",
    "VirulenceAugmentorA_Choice1_MenuTextB": "[b:당신: 배에 강습한다.]",
    "VirulenceAugmentorA_Choice1_MenuText": "함선에 강습한다.",
    "DelayingTactics_Choice0_MenuTextB": "[b:당신: 도주를 시도한다.]",
    "DelayingTactics_Choice0_MenuText": "도주를 시도한다.",
    "DelayingTactics_Choice2_MenuTextB": "[b:당신: 사격 개시!]",
    "VirulenceAugmentorB_Choice3_MenuTextB": "[b:당신: 사격 개시!]",
    "VirulenceAugmentorB_Choice1_MenuTextB": "[b:당신: 가속해서 대상에게 충각을 가한다.]",
    "DelayingTactics_Choice2_MenuText": "사격 개시!",
    "VirulenceAugmentorB_Choice2_MenuTextB": "[b:당신: 함선을 무력화를 시도해본다.]",
    "DelayingTactics_Choice1_MenuTextB": "[b:당신: 적 함에 강습.]",
    "DelayingTactics_Choice1_MenuText": "적 함에 강습.",
    "VirulenceAugmentorB_Choice3_Script02A_Text": "(함포 레벨 {weapon_level}) 역병함이 화물을 뿌리기 전에 파괴하는데 했습니다.\n",
    "BypassOpportunity_Choice1B_Script03B_Text": "(함포 레벨 {weapon_level}) 칙령함의 약한 함포는 적 함선의 장갑을 관통하는데 어려움이 있다. 당신은 결국 이기지만 심각한 피해를 입는다.",
    "BypassOpportunity_Choice2_Script02C_Text": "(함포 레벨 {weapon_level}) 칙령함의 약한 함포는 적 함선의 장갑을 관통하는데 어려움이 있다. 당신은 결국 이기지만 심각한 피해를 입는다.",
    "BurstingPustules_Choice0_MenuTextB": "[b:당신: 도주를 시도한다.]",
    "CloudOfFlies_Choice0_MenuTextB": "[b:당신: 도주를 시도한다.]",
    "AssaultOnTheAugurium_Choice0_MenuTextB": "[b:당신: 도주를 시도한다.]",
    "AssaultOnTheLibris_Choice0_MenuTextB": "[b:당신: 도주를 시도한다.]",
    "VirulenceAugmentorA_Choice0_MenuTextB": "[b:당신: 도주를 시도한다.]",
    "VirulenceAugmentorB_Choice0_MenuTextB": "[b:당신: 도주를 시도한다.]",
    "AssaultOnTheAugurium_Choice0_MenuText": "도주를 시도한다.",
    "VirulenceAugmentorB_Choice0_MenuText": "도주를 시도한다.",
    "BurstingPustules_Choice0_MenuText": "도주를 시도한다.",
    "WarpGrapple_Choice0_MenuText": "워프 드라이브를 폭파한다.",
    "WarpGrapple_Choice2_MenuTextB": "[b:당신: 침입자를 격퇴한다!]",
    "TentacleShip_Choice1_MenuText": "사격 개시.",
    "HidingInTheWarp_Choice1_MenuText": "워프로 뒤쫓는다.",
    "HidingInTheWarp_Choice2_MenuText": "지금 교전하되, 워프는 피한다.",
    "HidingInTheWarp_Choice1_Script01_Text": "엑타르 형제: 사격 개시, 저들을 추격하라!",
    "HidingInTheWarp_Choice2_Script02B_Text": "(함포 레벨 {weapon_level}) 적 함선은 반격에 회피 기동을 한다. 브리핑 변경 후 워프로 도주했다.",
    "WarpGrapple_Choice1_Script01_Text": "엑타르 형제: 위험은 감수해야겠지, 도미누스, 사격 개시!",
    "BurstingPustules_Choice3_MenuText": "타격팀을 보낸다.",
    "FleshyHulk_Choice2_MenuTextB": "[b:당신: 타격팀을 보낸다.]",
    "HidingInTheWarp_Intro3_Text": "도미누스 루네테: 워프 내에서 포격전은 지나치게 위험합니다!",
    "HidingInTheWarp_Choice1_Script02A_Text": "(향상된 겔러필드) 칙령함의 강력한 겔러 필드는 예측할 수 없는 위험으로부터 보호해줬고, 피해를 입은 함선을 파괴할 수 있었다.",
    "VirulenceAugmentorB_Choice3_Script01_Text": "엑타르 형제: 사격 개시",
    "VirulenceAugmentorA_Choice2_MenuText": "함선을 무력화를 시도해본다.",
    "BurstingPustules_Choice2_Script01_Text": "엑타르 형제: 사격 개시!",
    "CloudOfFlies_Choice4_Script01_Text": "엑타르 형제: 사격 개시!",
    "EnemyRam_Choice2_Script01_Text": "엑타르 형제: 사격 개시!",
    "WarpGrapple_Intro3_Text": "도미누스 루네테: 거부: 역병함선의 접근은 끔찍한 충돌을 일으킬 것입니다! 우리 함포도 쓸 수 없습니다!",
    "WarpGrapple_Intro5_Text": "도미누스 루네테: 계산중: 부분적으로 우리의 워프 드라이브를 폭파한다면 저들을 떨쳐낼 수 있겠지만, 감수하게 될 피해: 알 수 없음.",
    "BurstingPustules_Choice0_Script01_Text": "엑타르 형제: 그랜드 마스터가 이 소식을 들으면 불쾌해 하시겠군.",
    "CloudOfFlies_Intro1_Text": "도미누스 루네테: 데스 가드 역병함 감지됩니다! 이상 부분이 감지되는데…",
    "TentacleShip_Intro1_Text": "도미누스 루네테: 비상: 적 함선에 근거리 촉수 돌연변이가 감지됩니다! 접촉까지 3...2...1...\n충돌! 우리 보이드 실드가 완전 무력화됐습니다!\n경고: 촉수 무기가 아포세카리온을 노립니다! 치명적인 침입이 임박했습니다!",
    "TentacleShip_Intro2_Text": "엑타르 형제: 황제시여! 당장 움직여야하네 사령관!",
    "TentacleShip_Intro3_Text": "이단심문관 바키르: 저 촉수는 블룸에서 발생한 돌연변이... 제안하긴 싫지만 씨앗 일부를 밖에 뿌리면 사이킥 공명에 의해 주의를 분산시킬 수 있을거에요.",
    "EnemyRam_Choice1_MenuText": "워프 드라이브를 과부화시켜 탈출한다.",
    "AssaultOnTheAugurium_Choice2_MenuText": "확성기를 쏜다.",
    "BurstingPustules_Choice2_Script02A_Text": "(함포 레벨 {weapon_level}) 칙령함은 적이 근접전을 하기 전에 빠르게 적을 처리했다.",
    "AssaultOnTheLibris_Choice1_MenuText": "리브리스의 보이드 실드를 과충전시킨다.",
    "CloudOfFlies_Choice4_Script02A_Text": "(함포 레벨 {weapon_level}) 칙령함의 함포는 제 할일을 해서 순양함을 압도적인 화력으로 파괴했습니다.",
    "FleshyHulk_Intro4_Text": "엑타르 형제: 사령관, 해결책은 알고 있을거라 생각하네, 우리 형제들의 타격 소대가 이 위협을 빠르게 처리 할걸세!",
    "FleshyHulk_Intro6_Text": "이단심문관 바키르: 함선이 빠르게 움직이고 있지 않으니 익스터미나투스 어뢰를 진로에 쏜다면 이 오물을 쉽게 처리할 수 있을거에요.",
    "FleshyHulk_Choice4_Script02_Text": "{battle_interaction:FleshyHulk_Choice4_Interaction}",
    "VirulenceAugmentorB_Choice3_Script02_Text": "{battle_interaction:VirulenceAugmentorB_Choice3_Interaction}",
    "AssaultOnTheLibris_Choice1_MenuTextB": "[b:당신: 리브리스의 보이드 실드를 과충전시킨다.]",
    "AssaultOnTheAugurium_Choice2_Script02_Text": "{battle_interaction:AssaultOnTheAugurium_Choice2_Interaction}",
    "WarpGrapple_Choice1A_Script02_Text": "(강화된 겔러 필드) 겔러필드는 굳게 유지되고 피해를 입기 전에 접근한 함선을 파괴했습니다.",
    "EnemyRam_Choice2_Script02A_Text": "(함포 레벨 {weapon_level}) 함선이 칙령함에 다가오기도 전에 파괴했습니다.",
    "EnemyRam_Intro2_Text": "엑타르 형제: 충격에 대비하라! 사령관 지시가 필요합니다!",
    "AssaultOnTheAugurium_Choice2_Script01_Text": "이단심문관 바키르: 좋습니다, 즉시 파괴하세요!",
    "EnemyBoarders_Choice3_MenuTextB": "[b:당신: 엑타르를 병기고로 보낸다.]",
    "EnemyBoarders_Choice3_Script01_Text": "엑타르 형제: 좋습니다! 우리는 망치다 형제여!",
    "EnemyBoarders_Choice3_MenuText": "엑타르를 병기고로 보낸다.",
    "AssaultOnTheLibris_Choice2_Script02_Text": "{battle_interaction:AssaultOnTheLibris_Choice2_Interaction}",
    "AssaultOnTheLibris_Choice3_Script02_Text": "{battle_interaction:AssaultOnTheLibris_Choice3_Interaction}",
    "DelayingTactics_Choice3_MenuTextB": "[b:당신: 즉시 행성으로 향하라!]",
    "DelayingTactics_Choice3_MenuText": "즉시 행성으로 향하라!",
    "DelayingTactics_Intro1_Text": "도미누스 루네테: 비상: 적 함선이 특이한 경로로 이동중!",
    "DelayingTactics_Intro2_Text": "엑타르 형제: 회피 기동? 데스 가드의 주요 전술이 아닐텐데…",
    "VirulenceAugmentorB_Choice2_Script01_Text": "이단심문관 바키르: 최대한 씨앗은 파괴하지 마세요!",
    "VirulenceAugmentorB_Choice2_Script02_Text": "{battle_interaction:VirulenceAugmentorB_Choice2_Interaction}",
    "WarpGrapple_Intro0_Text": "칙령함이 워프에서 여행 중 센서에 등장한 것 보다 더 빠르게 너글의 역병 함선이 나타났습니다:",
    "WarpGrapple_Intro1_Text": "도미누스 루네테: 비상: 적 함선이 갈고리를 선체에 부착했습니다! 여러 강습함이 이쪽으로 발사된 것이 감지됩니다…",
    "WarpGrapple_Choice0_Script02_Text": "폭발로 적 역병 함선이 떨어트려 워프에서 탈출 할 수 있었고 워프 드라이브에 손상과 루네테의 부상을 남겼습니다. 이제 추적할 수 없습니다.",
    "WarpGrapple_Choice1B_Script02A_Text": "(함포 레벨 {weapon_level})함포가 역효과를 일으켜 겔러필드가 잠시 붕괴되었지만 그 전에 데스 가드 순양함이 먼저 치명적인 손상을 입었습니다.",
    "WarpGrapple_Choice1B_Script02B_Text": "(함포 레벨 {weapon_level}) 겔러필드가 붕괴되어 칙령함은 강렬한 폭발과 함포의 반격을 견뎌야했습니다. 운좋게도 접근한 순양함의 장갑이 이쪽보다 약해 폭발과 함께 쪼개져버렸습니다.",
    "WarpGrapple_Choice2_Script01_Text": "엑타르 형제: 최후까지 싸워야한다면 그렇게 하겠습니다!",
    "WarpGrapple_Choice2_Script02_Text": "칙령함에 강습한 데스 가드들에 대항해 기사들은 용감하게 싸웠고 칙령함이 심각한 피해를 입는걸 막아낸 뒤 역병함을 파괴하기 위해 움직였습니다. 하지만 타격팀 전원이 부상을 입고 말았습니다.",
    "BurstingPustules_Intro3_Text": "도미누스 루네테: 경고: 오염된 농포들이 선체 표면에 위치, 근접전은 큰 위협을 초래합니다!",
    "BurstingPustules_Intro4_Text": "이단심문관 바키르: 제가 움직이겠습니다. 제가 사이킥 만트라로 저 고름을 헤집어서 폭발시킬 수 있어요... 상당히 힘을 소모하긴 하겠지만요.",
    "BurstingPustules_Intro5A_Text": "엑타르 형제: 호의는 감사합니다 이단심문관. 하지만 거리를 두고 싸울 수 있습니다! ",
    "BurstingPustules_Choice1_Script02A_Text": "바키르는 안전한 거리에서 고름을 폭파시켰고 칙령함은 적 함선이 파괴될 때까지 최소한의 피해만 입었습니다.",
    "BurstingPustules_Choice3_Script02_Text": "타격팀은 성공적으로 순양함을 무력화 시켰고 칙령함이 심각한 피해를 입을 교전 없이 이길 수 있었습니다.",
    "CloudOfFlies_Intro4_Text": "엑타르 형제: 사령관 타격 소대를 편성해준다면 빠르게 처리하고 오겠습니다!",
    "CloudOfFlies_Intro5_Text": "도미누스 루네테: 대안: 제가 직접 무기 시스템을 관제해 포탄을 착탄 전 폭발시키겠습니다. 방어용 생체 무리를 방해할 수 있을 것입니다.",
    "BurstingPustules_Choice1_Script02B_Text": "(블룸 제거)바키르의 능력을 버텨낸 고름은 칙령함의 선체에 유독한 구름을 토해냈습니다. 그레이 나이트는 면역이지만 다른 탑승자들은 그렇지 않았습니다.",
    "BurstingPustules_Choice2_Script02B_Text": "(함포 레벨 {weapon_level}) 적 순양함은 칙령함에 어떻게든 근접했지만 선체를 부식시키고 서비터를 오염시키기 전 격퇴할 수 있었습니다.",
    "CloudOfFlies_Choice2_Script02_Text": "루네테는 포탄을 순양함 주변에서 폭발하도록 재설정했고 방어용 벌레들을 소각시켰습니다. 하지만 역병 함선을 파괴하기 전 부상을 입고 말았습니다.",
    "CloudOfFlies_Choice4_Script02B_Text": "(함포 레벨 {weapon_level}) 몇발의 포탄을 교환 한 후 역병 함선은 워프로 도주했습니다.",
    "FleshyHulk_Choice2_Script02_Text": "익스터미나투스 어뢰가 적 순양함을 간단히 파괴했지만 긴급 장전 절차가 사고를 일으켰습니다. 카이는 당신이 대충 처리한 작전을 그레이 나이트에 어울리지 않는다고 생각합니다.",
    "FleshyHulk_Choice3_Script02_Text": "강습팀이 탈출 전 주반응로를 파괴할 수 있었습니다.",
    "FleshyHulk_Choice4_Script02B_Text": "(함포 레벨 {weapon_level}) 살덩이 장갑이 포격을 버티긴 했지만 칙령함의 무기 시스템이 그것을 관통해 순양함을 파괴할 수 있도록 해줬습니다.",
    "FleshyHulk_Choice4_Script02C_Text": "(함포 레벨 {weapon_level}) 함포를 과충전을 했음에도 살덩이를 관통하는데 애를 먹었고, 칙령함은 적 순양함을 파괴하기까지 상당한 포격을 당해야 했습니다.",
    "TentacleShip_Choice2_Script01_Text": "도미누스 루네테: 목표 사격!",
    "EnemyRam_Intro1_Text": "도미누스 루네테: 비상: 적 충각 임박!",
    "EnemyRam_Choice0_MenuText": "충돌하면 강습한다!",
    "EnemyRam_Choice0_Script01_Text": "엑타르 형제: 지시에 따릅니다 사령관!",
    "EnemyBoarders_Intro2_Text": "엑타르 형제: 절 보내주십시오 사령관, 제가 한수 가르쳐주겠습니다!",
    "EnemyBoarders_Intro3_Text": "도미누스 루네테: 분석: 적 함선의 방어는 최소 수준입니다. 반격을 조언드립니다.",
    "EnemyBoarders_Intro4_If_Text": "이단심문관 바키르: 제가 병기고에 갈 수 있습니다. 엑타르와 기사를 적 함선 공격으로 보내세요!",
    "EnemyBoarders_Choice0_MenuText": "침입자를 무시하고 후퇴.",
    "EnemyBoarders_Choice1_MenuText": "바키르를 병기고 보호에 보낸다.",
    "EnemyBoarders_Choice2_MenuText": "적 함선에 강습한다.",
    "EnemyBoarders_Choice0_Script01_Text": "엑타르 형제: 이건 비겁한 짓입니다 사령관!",
    "EnemyBoarders_Choice1_Script01_Text": "이단심문관 바키르: 자비를 보이지 않도록 하죠.",
    "EnemyBoarders_Choice0_MenuTextB": "[b:당신: 침입자를 무시하고 후퇴.]",
    "EnemyBoarders_Choice1_MenuTextB": "[b:당신: 바키르를 병기고 보호에 보낸다.]",
    "EnemyBoarders_Choice2_MenuTextB": "[b:당신: 적 함선에 강습한다.]",
    "AssaultOnTheAugurium_Intro1_Text": "도미누스 루네테: 비상: 작은 투사체를 적 함선이 발사 중!",
    "AssaultOnTheAugurium_Intro2_Text": "엑타르 형제: 어뢰인가?",
    "AssaultOnTheAugurium_Intro4_Text": "엑타르 형제: 뭘 방송하는거지?",
    "AssaultOnTheAugurium_Intro3_Text": "도미누스 루네테: 부정: 분석용 위성 배치... 음성 방송이 감지됩니다.",
    "AssaultOnTheAugurium_Intro5_Text": "이단심문관 바키르: 사령관 이건 분명 어두운 속삭임이에요! 선원들에게 헬멧을 쓰게해서–",
    "AssaultOnTheAugurium_Intro6_Text": "도미누스 루네테: –갱신: 다수의 선원 구역에 답변 없음!",
    "AssaultOnTheAugurium_Choice1_Script01_Text": "엑타르 형제: 라이브러리움의 기사들이 저들을 침묵시킬겁니다!",
    "AssaultOnTheAugurium_Intro7_Text": "엑타르 형제: 이건 교란입니다. 적 함선이 공격을 위해 움직이고 있습니다!",
    "AssaultOnTheAugurium_Choice1_Script02_Text": "라이브러리안이 함선 주변에 고요의 구역을 만들어 선원들을 어둠의 속삭임으로부터 지켜냈고 적 함선을 쉽게 처리할 수 있었습니다. 하지만 예언의 전당에 카오스의 징후가 나타나 워프에너지 역류가 일어났습니다.",
    "TentacleShip_Choice1_Script02_Text": "이단심문관의 방법은 성공적입니다. 촉수는 블룸 씨앗을 쫓아갔고 칙령함이 다른 피해를 입기 전에 역병 함선을 파괴할 수 있었습니다.",
    "TentacleShip_Choice2_Script02A_Text": "(함포 레벨 {weapon_level}) 촉수와 역병 함선을 최대한 빨리 파괴했지만 아포세카리온의 피해는 피할 수 없었습니다.",
    "TentacleShip_Choice2_Script02B_Text": "(함포 레벨 {weapon_level})칙령함의 약한 함포는 적을 파괴하는게 늦었고 함선은 심각한 피해를 입었습니다.",
    "TentacleShip_Choice3_Script02_Text": "함선이 적에게 벗어나기 위해 빠져나가는 순간 촉수는 선체를 찢어버리고 함선은 심각한 피해를 입었습니다.",
    "EnemyRam_Choice0_Script02_Text": "충각은 칙령함에 심각한 피해를 입혔지만, 기사들은 적 선원들을 빠르게 처리할 수 있었습니다.",
    "EnemyRam_Choice1_Script01_Text": "도미누스 루네테: 모든 출력을 보조 워프 드라이브로 전환함!",
    "EnemyRam_Choice1_Script02_Text": "충각을 피하는게 성공했고 이를 통한 위치의 유리함으로 적 함선을 처리할 수 있었습니다.",
    "EnemyRam_Choice2_Script02B_Text": "(함포 레벨 {weapon_level}) 제시간에 적 순양함을 파괴할 수 없었습니다. 적 함선은 칙령함에 꽂혔고 적함을 파괴하기 전 함선과 선원들에게 큰 피해를 줬습니다.",
    "EnemyRam_Choice0_MenuTextB": "[b:당신: 가속해서 벗어난다.]",
    "EnemyBoarders_Intro1_Text": "도미누스 루네테: 경고: 적 데스 가드가 칙령함에 강습함! 보고에 따르면 병기고로 모이는 중!",
    "EnemyBoarders_Choice0_Script02_Text": "적 함선에서 벗어나는 동안 침입자들은 병기고를 습격했습니다. 그들은 안에 갖혀서 손쉽게 처리했지만 몇몇 장비들이 모독당하고 오염됐습니다. 그랜드 마스터 카이는 당신의 행동을 듣고 화가 났습니다.",
    "EnemyBoarders_Choice1_Script02A_Text": "(황제의 문자) 바키르는 데스 가드 인원들을 혼란시켰고, 그동안 기사들은 그 혼란을 이용해 적 함선을 손쉽게 무력화 시켰습니다.",
    "EnemyBoarders_Choice1_Script02B_Text": "(성역) 바키르가 병기고에 성역을 만들어 침입자를 막는 동안 기사들은 역병 함선을 무력화 시켰습니다.",
    "EnemyBoarders_Choice1_Script02C_Text": "강습팀이 역병 함선을 빠르게 무력화 시켰지만 병기고를 포위한 데스 가드들에 의해 바키르가 심각한 부상을 입고 도망쳐야했습니다. 몇몇 장비들이 모독당하고 오염됐습니다.",
    "EnemyBoarders_Choice2_Script01_Text": "엑타르 형제: 기사들의 맹세의 방패를 들었습니다. 준비는 끝났습니다.",
    "EnemyBoarders_Choice2_Script02_Text": "강습팀이 역병 함선을 빠르게 무력화 시켰지만 그 사이 칙령함에 강습한 침입자들이 전 병기고를 습격했습니다. 몇몇 장비들이 모독당하고 오염됐습니다.",
    "EnemyBoarders_Choice3_Script02A_Text": "엑타르가 성공적으로 침입자들을 몰아냈지만 그 사이 부상을 입었습니다. 그동안 칙령함의 함포가 적 순양함을 처리했습니다.",
    "EnemyBoarders_Choice3_Script2B_Text": "엑타르가 성공적으로 침입자들을 몰아냈지만 그 사이 부상을 입었습니다. 그동안 칙령함의 함포가 포격을 주고 받으며 적 순양함을 처리했습니다.",
    "EnemyBoarders_Choice3_Script2C_Text": "엑타르가 성공적으로 침입자들을 몰아냈지만 그 사이 부상을 입었습니다. 하지만 적의 방어 시스템 교란으로 인해 칙령함은 큰 피해를 입었습니다.",
    "AssaultOnTheAugurium_Choice2_Script02A_Text": "(함포 레벨 {weapon_level}) 적 순양함을 손쉽게 처리하면서 동시에 지속적인 피해를 주기 전 확성기를 파괴했습니다.",
    "AssaultOnTheAugurium_Choice2_Script2B_Text": "(함포 레벨 {weapon_level})적 순양함을 처리하는 동안 확성기에 대한 부정확한 조준으로 처리하는 데에는 시간이 지연됐습니다.",
    "AssaultOnTheAugurium_Choice3_Script02A_Text": "(함포 레벨 {weapon_level}) 함선은 빨리 파괴했습니다. 그러나 확성기의 어두운 속삭임은 선원 일부를 오염시켰고 전투 후 처리해야했습니다.",
    "AssaultOnTheAugurium_Choice3_Script02B_Text": "(함포 레벨 {weapon_level}) 적 순양함을 깎아내는 동안 확성기의 어두운 속삭임은 선원 일부를 오염시켰고 전투 후 처리해야했습니다.",
    "AssaultOnTheLibris_Intro1_Text": "도미누스 루네테: 경고: 적 함선이 리브리스 말레우스에 집중 사격 중.",
    "AssaultOnTheLibris_Intro2_Text": "이단심문관 바키르: 내 연구를 파괴하려는거에요!",
    "AssaultOnTheLibris_Intro3_Text": "도미누스 루네테: 비상: 보이드 실드 90%까지 저하! 추가적인 충격이 리브리스로 강습 예상!",
    "AssaultOnTheLibris_Choice0_Script01_Text": "엑타르 형제: 사령관 이건 저희 방식이 아닙니다!",
    "AssaultOnTheLibris_Choice0_Script02_Text": "후퇴하는 동안 적이 날린 마지막 한발이 선체의 취약한 부분에 명중했습니다.",
    "AssaultOnTheLibris_Choice1_Script01_Text": "도미누스 루네테: 보이드 실드에 출력 전송.",
    "AssaultOnTheLibris_Choice1_Script02A_Text": "(보이드 실드 1) 과충전한 보이드 실드가 리브리스를 지키는 사이 함포는 적 함선을 파괴했습니다.",
    "AssaultOnTheLibris_Choice1_Script02B_Text": "(보이드 실드 1) 약한 보이드 실드는 지속적인 사격에 붕괴되고, 적 함선을 파괴하는 동안 리브리스는 심한 피해를 입었습니다.",
    "AssaultOnTheLibris_Choice2_Script02A_Text": "(함포 레벨 {weapon_level}) 전투 중 방어적인 움직임을 하면서도 강력한 함포로 데스 가드 순양함을 손쉽게 처리할 수 있었습니다.",
    "AssaultOnTheLibris_Choice2_Script02B_Text": "(함포 레벨 {weapon_level}) 전투 중 방어적인 움직임으로 리브리스는 지킬 수 있었지만 칙령함의 선체는 심한 피해를 입었습니다.",
    "AssaultOnTheLibris_Choice3_Script02A_Text": "(함포 레벨 {weapon_level}) 강력한 함포로 적 함선이 리브리스를 타격하기 전에 처리할 수 있었습니다.",
    "AssaultOnTheLibris_Choice3_Script2B_Text": "(함포 레벨 {weapon_level}) 긴 포격전 이후 적 함선은 파괴되었지만 리브리스는 심한 피해를 입었습니다.",
    "VirulenceAugmentorA_Intro2_Text": "엑타르 형제: 대기에 무언가를 뿌리는 것으로 보입니다만…",
    "VirulenceAugmentorA_Intro3_Text": "이단심문관 바키르: 저건 블룸 씨앗의 조각입니다! 저 함선을 무력화 시킨다면 제 연구를 위한 조각들을 확보할 수 있을거에요.",
    "VirulenceAugmentorA_Intro4_Text": "엑타르 형제: 저라면 기습을 할 수 있을 때 거리를 두고 처리를 하겠습니다. 어떻게하시겠습니까 사령관?",
    "VirulenceAugmentorA_Choice0_Script01_Text": "엑타르 형제: 놔둔다구요? 그게 확실합니까 사령관? 이건 우리 적입니다!",
    "VirulenceAugmentorA_Choice1_Script01_Text": "이단심문관 바키르: 우리 형제들이 바로 출발할게요!",
    "VirulenceAugmentorA_Choice1_Script02_Text": "타격팀의 기사들이 함선에 강습해 데스 가드 인원들과 교전을 했습니다. 함선을 파괴하고 창고의 블룸 씨앗을 회수하는데 성공했지만 몇몇 오염된 수화물이 함선 대기에 뿌려지는걸 막지는 못했습니다.",
    "VirulenceAugmentorA_Choice2_Script01_Text": "이단심문관 바키르: 조심스럽게 사격하세요 사령관!",
    "VirulenceAugmentorA_Choice2_Script02_Text": "{battle_interaction:VirulenceAugmentorA_Choice2_Interaction}",
    "VirulenceAugmentorA_Choice2_Script02A_Text": "(함포 레벨 {weapon_level}) 칙령함의 함포는 역병 함선을 손쉽게 무력화했습니다. 기사들은 남은 씨앗을 회수하고 함선에 남은 건 파괴했습니다.",
    "VirulenceAugmentorA_Choice2_Script02B_Text": "(함포 레벨 {weapon_level}) 역병 함선의 장갑은 예상보다 더 단단했습니다. 역병 함선을 무력화 했지만 몇몇 오염된 수화물이 함선 대기에 뿌려지는걸 막지는 못했습니다. 기사들은 남은 씨앗을 회수하고 함선에 남은 건 파괴했습니다.",
    "VirulenceAugmentorA_Choice3_Script01_Text": "엑타르 형제: 공중에서 태워버려라!",
    "VirulenceAugmentorA_Choice3_Script02_Text": "{battle_interaction:VirulenceAugmentorA_Choice3_Interaction}",
    "VirulenceAugmentorA_Choice3_Script02A_Text": "(함포 레벨 {weapon_level}) 역병 함선이 반응하기 전에 타격해 완전히 파괴했습니다.",
    "VirulenceAugmentorB_Intro1_Text": "도미누스 루네테: 비상: 장거리 센서가 데스 가드 함대 활동을 감지! 확인 중…",
    "VirulenceAugmentorB_Intro2_Text": "엑타르 형제: 저기다! 저것들... 유독한 독극물을 행성 궤도에서 뿌리는 건가?",
    "VirulenceAugmentorB_Intro3_Text": "이단심문관 바키르: 특이한 전략이지만 블룸을 뿌리는 건 확실해요... ",
    "VirulenceAugmentorB_Intro4_Text": "도미누스 루네테: 분석: 뿌리지 않은 씨앗은 적의 잔해에서 수확할 수 있음.",
    "VirulenceAugmentorB_Choice0_Script01_Text": "엑타르 형제: 황제시겨! 그랜드 마스터 카이가 이 겁쟁이 같은 행동에 뭐라 하겠습니까!",
    "VirulenceAugmentorB_Choice2_Script02B_Text": "(함포 레벨 {weapon_level})역병 함선의 장갑은 예상보다 더 단단했고 모든 씨앗을 행성에 뿌린 뒤 도주했습니다.",
    "VirulenceAugmentorB_Choice1_Script02B_Text": "(워프 드라이브 {warp_drive_level}) 역병 함선은 중요 구획에 직접 타격을 받는 건 피했습니다. 워프로 도주하기 전 모든 것을 다 풀어놨습니다.",
    "VirulenceAugmentorB_Choice2_Script02A_Text": "(함포 레벨 {weapon_level}) 칙령함의 함포는 역병 함선이 유독한 화물을 뿌리기 전에 쉽게 무력화했습니다. 기사들은 남은 씨앗을 회수하고 함선에 남은 건 파괴했습니다.",
    "VirulenceAugmentorB_Choice3_Script02B_Text": "(함포 레벨 {weapon_level}) 빠르게 타격했지만 역병 함선은 반격을 했습니다. 함선은 파괴되기 전에 씨앗을 모조리 풀어놨습니다.",
    "DelayingTactics_Intro3_Text": "이단심문관 바키르: 행성의 통신 내용은 말도 안되는 소리로 넘쳐나고 있어요…",
    "DelayingTactics_Intro4_Text": "엑타르 형제: 교란입니다! 이 아래에는 무언가 불순한 일이 벌어지고 있을테니 당장 가야합니다!",
    "DelayingTactics_Choice0_Script01_Text": "엑타르 형제: 네? 혹시 무언가 잘못된 명령 아닙니까?!",
    "DelayingTactics_Choice1_Script01_Text": "엑타르 형제: 예! 우린 망치입니다!",
    "VirulenceAugmentorA_Intro1_Text": "도미누스 루네테: 상태: 역병 함선 근방 행성 궤도에 발견됐으나 칙령함은 발견되지 않음.",
    "VirulenceAugmentorA_Choice3_Script02B_Text": "(함포 레벨 {weapon_level}) 빠른 타격으로 역병 함선을 방해하는데는 성공했으나 강력한 장갑으로 상대하기 어려웠고 파괴하는 동안 선체에 타격을 많이 받았습니다.",
    "VirulenceAugmentorB_Intro5_Text": "엑타르 형제: 최고 속도로 충각을 가하는 건 위험하겠지만 공격하던 적을 몰아내고 씨앗을 어느정도 가져갈 수 있을 것 같습니다.",
    "VirulenceAugmentorB_Choice1_Script02A_Text": "(워프 드라이브 {warp_drive_level}) 역병 함선을 성공적으로 충각했습니다. 약간의 피해를 입긴 했지만 대기 상의 모든 블룸 씨앗을 안전하게 회수할 수 있었습니다.",
    "DelayingTactics_Choice1_Script02_Text": "강습팀이 적의 운항 제어능력을 파괴하고 방송 조작기를 방해했습니다. 하지만 심각한 피해를 입었습니다.",
    "DelayingTactics_Choice2_Script01_Text": "도미누스 루네테: 알림: 모든 무기 시스템과 함포가동.",
    "DelayingTactics_Choice2_Script02_Text": "{battle_interaction:DelayingTactics_Choice2_Interaction}",
    "DelayingTactics_Choice2_Script02A_Text": "(함포 레벨{weapon_level})칙령함의 강력한 무기는 순양함을 무력화 시키고 지상에 배치된 것들을 쓸어버렸습니다.\n",
    "DelayingTactics_Choice2_Script02B_Text": "(함포 레벨 {weapon_level}) 순양함은 상당한 저항을 했습니다. 마침내 파괴하는데는 성공했지만 악의적인 사이킥 에너지를 퍼트려 블룸의 진전을 막지 못했습니다.",
    "DelayingTactics_Choice3_Script01_Text": "엑타르 형제: 텔레포터리움 가동하겠습니다!",
    "DelayingTactics_Choice3_Script02_Text": "행성에 강하하는 사이 순양함은 치명적인 공격을 몇번 날린 뒤 워프로 도주했습니다."
}
