{
    "STATUS_EFFECT_NAME_Hobbled": "둔화됨",
    "STATUS_EFFECT_DESC_Bleed": "이 상태 이상에 걸린 대상은 턴당 [g:{damagePerTurn}]의 피해를 입습니다.",
    "STATUS_EFFECT_DESC_Crazed": "상태 이상에 걸린 대상은 자신의 아군을 무작위로 공격할 것입니다.",
    "STATUS_EFFECT_DESC_Defend": "방어 태세의 유닛은 전방에서 가해지는 공격으로부터 스스로를 보호합니다",
    "STATUS_EFFECT_DESC_Immobilized": "이 상태 이상에 걸린 대상은 [b:이동]할 수 없습니다.",
    "STATUS_EFFECT_DESC_Weakened": "상태 이상에 걸린 대상의 [b:근접 공격] 피해량이 [r:-{weakened}] 감소합니다.",
    "STATUS_EFFECT_DESC_Regenerate": "[b:{effectName}]은 턴이 시작될 때 [g:+{healthPerTurn}]만큼의 체력을 회복합니다.",
    "STATUS_EFFECT_NAME_Flame": "불탐",
    "STATUS_EFFECT_DESC_Flame": "이 상태 이상에 걸린 대상은 턴당 [g:{damagePerTurn}]의 피해를 입습니다.",
    "STATUS_EFFECT_NAME_Bleed": "출혈",
    "INSTANT_EFFECT_NAME_Purify": "정화",
    "INSTANT_EFFECT_DESC_Purify": "[b:정화]의 영향을 받은 기사들은 자신에게 걸린 모든 상태 이상을 즉시 제거합니다.",
    "INSTANT_EFFECT_DESC_KnockbackEffect": "영향을 받은 대상은 [b:밀어내기]의 근원으로부터 [g:{param1}] 거리만큼 강하게 밀려납니다.",
    "INSTANT_EFFECT_NAME_KnockbackEffect": "밀어내기",
    "INSTANT_EFFECT_NAME_Purge": "축출",
    "INSTANT_EFFECT_NAME_StunDamage": "기절",
    "INSTANT_EFFECT_DESC_StunDamage": "대상에게 [g:+{param1}]의 [b:기절]을 겁니다.",
    "INSTANT_EFFECT_NAME_ArmourBreak": "장갑 파괴",
    "INSTANT_EFFECT_DESC_ArmourBreak": "[b:장갑 파괴]는 대상의 [b:장갑]을 영구적으로 [g:{param1}]만큼 감소시킵니다.",
    "INSTANT_EFFECT_NAME_Banish": "추방",
    "INSTANT_EFFECT_DESC_Banish": "모든 [b:악마] 대상을 즉시 파괴합니다.",
    "INSTANT_EFFECT_NAME_Reload": "재장전",
    "INSTANT_EFFECT_DESC_Reload": "재장전 설명",
    "INSTANT_EFFECT_NAME_MaxHealthDamage": "최대 체력",
    "INSTANT_EFFECT_DESC_MaxHealthDamage": "최대 체력 피해 설명",
    "INSTANT_EFFECT_DESC_Purge": "이 상태 이상에 걸린 대상은 자신에게 적용된 모든 [b:변이]를 잃습니다.",
    "INSTANT_EFFECT_NAME_Heal": "치료",
    "INSTANT_EFFECT_DESC_Heal": "[b:치료]의 대상은 즉시 [g:{param1}]의 체력을 회복합니다.",
    "INSTANT_EFFECT_NAME_MutateEffect": "변이",
    "INSTANT_EFFECT_DESC_MutateEffect": "대상은 무작위 [b:변이]를 획득합니다.",
    "INSTANT_EFFECT_DESC_GainAllWillpowerFrom": "기사가 가진 모든 의지력을 대상 기사에게 전달합니다.",
    "INSTANT_EFFECT_NAME_GainAllWillpowerFrom": "의지력 전달",
    "INSTANT_EFFECT_DESC_Drained": "이 상태 이상에 걸린 대상은 [r:-{param1}]의 의지력을 잃습니다.",
    "STATUS_EFFECT_NAME_Blinded": "실명",
    "STATUS_EFFECT_NAME_Crazed": "광란",
    "STATUS_EFFECT_NAME_Disrupted": "교란당함",
    "STATUS_EFFECT_NAME_Disarms_Death_Explosion": "무력화됨",
    "STATUS_EFFECT_DESC_Disarms_Death_Explosion": "더 이상 헬브루트는 죽을 때 폭발하지 않습니다.",
    "STATUS_EFFECT_DESC_Hobbled": "상태 이상에 걸린 대상의 [b:이동력]이 [r:{movement}]만큼 감소합니다.",
    "STATUS_EFFECT_DESC_Disrupted": "이 상태 이상에 걸린 대상은 [b:자동] 능력을 발동할 수 없게 됩니다.",
    "STATUS_EFFECT_NAME_HunkerDown": "수그리기",
    "STATUS_EFFECT_DESC_HunkerDown": "이 유닛은 [g:+{armour}]의 [b:장갑]을 얻습니다.",
    "STATUS_EFFECT_NAME_Immobilized": "이동 불가",
    "STATUS_EFFECT_NAME_Panic": "공황",
    "STATUS_EFFECT_DESC_Panic": "상태 이상에 걸린 대상은 전투에서 벗어나려고 할 것입니다.",
    "STATUS_EFFECT_NAME_Plague": "역병",
    "STATUS_EFFECT_DESC_Plague": "상태 이상에 걸린 대상은 턴마다 [g:{damagePerTurn}]의 피해를 입습니다.",
    "STATUS_EFFECT_NAME_Weakened": "약화됨",
    "STATUS_EFFECT_DESC_Blinded": "상태 이상에 걸린 대상의 [b:원거리 공격] 피해량이 [r:-{damageBonus}] 감소합니다.",
    "STATUS_EFFECT_NAME_Silenced": "침묵",
    "STATUS_EFFECT_DESC_Silenced": "상태 이상에 걸린 대상은 [b:사이킥] 능력을 사용할 수 없습니다.",
    "STATUS_EFFECT_NAME_Regenerate": "재생",
    "STATUS_EFFECT_DESC_WarpSpeed": "이 기사의 [b:근접 공격] 치명타 피해가 [g:+{critDamage}], [b:이동력]이 [g:+{movement}]증가합니다.",
    "STATUS_EFFECT_DESC_Vulnerable": "상태 이상에 걸린 대상은 공격으로부터 [g:+{damageTaken}]의 추가 피해를 입습니다.",
    "INSTANT_EFFECT_NAME_Drained": "흡수",
    "STATUS_EFFECT_NAME_Defend": "방어",
    "STATUS_EFFECT_NAME_DefendPosition": "위치 사수",
    "STATUS_EFFECT_DESC_DefendPosition": "아군을 보호합니다.",
    "STATUS_EFFECT_NAME_Enraged": "격노",
    "STATUS_EFFECT_DESC_Enraged": "이 상태 이상에 걸린 대상은 상태 이상을 건 대상을 [b:근접 공격]하려 할 것입니다.",
    "STATUS_EFFECT_NAME_GodMode": "신 모드",
    "STATUS_EFFECT_DESC_GodMode": "신 모드 적용 중",
    "STATUS_EFFECT_NAME_EmperorsAegis": "황제의 이지스",
    "STATUS_EFFECT_DESC_EmperorsAegis": "이 기사의 [b:장갑]이 [g:+{armour}] 증가합니다.",
    "STATUS_EFFECT_NAME_VileEffluence_BonusArmour": "역겨운 분출물",
    "STATUS_EFFECT_DESC_VileEffluence_BonusArmour": "+1 [b:장갑]",
    "STATUS_EFFECT_NAME_VileEffluence_BonusMeleeDamage": "역겨운 분출물",
    "STATUS_EFFECT_NAME_VileEffluence_BonusRangedDamage": "역겨운 분출물",
    "STATUS_EFFECT_DESC_VileEffluence_BonusRangedDamage": "+2 원거리 피해",
    "STATUS_EFFECT_DESC_VileEffluence_BonusMeleeDamage": "+2 근접 피해",
    "STATUS_EFFECT_NAME_IronArm": "강철 팔",
    "STATUS_EFFECT_NAME_WarpSpeed": "워프의 속도",
    "STATUS_EFFECT_DESC_IronArm": "이 기사의 [b:근접 공격]이 [g:+{stun}]의 [b:기절]을 부여합니다.",
    "STATUS_EFFECT_NAME_Endurance": "인내",
    "STATUS_EFFECT_DESC_Endurance": "이 기사의 [b:저항력]이 [g:+{resistance}%] 증가합니다.",
    "STATUS_EFFECT_NAME_Vulnerable": "취약",
    "STATUS_EFFECT_NAME_PestilentialFortitude": "역병의 선물",
    "STATUS_EFFECT_DESC_PestilentialFortitude": "폭스워커의 최대 체력이 [g:+{health}] 증가합니다.",
    "STATUS_EFFECT_NAME_Hardened": "단련됨",
    "STATUS_EFFECT_NAME_DisableGroan": "비탄 무력화",
    "STATUS_EFFECT_DESC_Hardened": "이 유닛이 [g:-{critDefense}%] 치명타 피격률, [g:+{resistance}%] [b:저항력]을 얻으며 [b:기절]하지 않습니다.",
    "STATUS_EFFECT_NAME_VileEffluence_Hardened": "역겨운 분출물",
    "STATUS_EFFECT_NAME_SwollenFlesh": "부어오른 살갗",
    "STATUS_EFFECT_DESC_SwollenFlesh": "이 유닛의 [b:장갑]이 [g:+{armour}] 증가합니다.",
    "STATUS_EFFECT_NAME_Defend_BlightlordChampion": "방어",
    "STATUS_EFFECT_DESC_Shrouded": "공격 대상으로 지정할 수 없음 (범위 공격에 피해를 입습니다)",
    "STATUS_EFFECT_NAME_Shrouded": "가려짐",
    "STATUS_EFFECT_NAME_Dominated": "지배됨",
    "STATUS_EFFECT_DESC_Dominated": "상태 이상에 걸린 대상은 자신의 아군을 공격할 것입니다.",
    "STATUS_EFFECT_NAME_Stunned": "기절함",
    "STATUS_EFFECT_NAME_CriticallyWounded": "치명적인 상처",
    "STATUS_EFFECT_DESC_CriticallyWounded": "치명상을 입은 기사는 3턴이 지나거나 [b:치료]를 받지 않으면 행동할 수 없습니다. 이후 최대 체력의 50%를 회복합니다.",
    "STATUS_EFFECT_NAME_Pinned": "제압당함",
    "STATUS_EFFECT_DESC_Pinned": "상태 이상에 걸린 대상은 자신의 턴에 [r:{apPenalty}]의 [b:AP]를 잃습니다.",
    "STATUS_EFFECT_NAME_PutrescentFog_StatusEffect": "부패의 안개",
    "STATUS_EFFECT_NAME_CriticallyInjured": "치명적인 부상",
    "STATUS_EFFECT_DESC_CriticallyInjured": "치명적인 부상을 입은 기사는 최대 체력의 50%를 잃습니다.",
    "STATUS_EFFECT_NAME_Disable": "무력화: 근접",
    "STATUS_EFFECT_DESC_Disable": "상태 이상에 걸린 대상은 [b:근접 무기]를 사용할 수 없습니다.",
    "STATUS_EFFECT_NAME_CursedBondStatus": "저주받은 유대",
    "STATUS_EFFECT_NAME_HeedTheChallenge": "도전 수용",
    "STATUS_EFFECT_DESC_HeedTheChallenge": "도전 수용",
    "STATUS_EFFECT_NAME_EffigyOfDeathStatus": "죽음의 우상",
    "STATUS_EFFECT_DESC_EffigyOfDeathStatus": "죽음의 우상",
    "STATUS_EFFECT_NAME_DoomStatus": "파멸",
    "STATUS_EFFECT_DESC_DoomStatus": "[r:{duration}]턴 내로 이 기사의 체력은 0이 됩니다.",
    "STATUS_EFFECT_NAME_EffigyOfDespairStatus": "절망의 우상",
    "STATUS_EFFECT_DESC_EffigyOfDespairStatus": "절망의 우상",
    "STATUS_EFFECT_NAME_EffigyOfInfirmityStatus": "쇠약의 우상",
    "STATUS_EFFECT_DESC_EffigyOfInfirmityStatus": "쇠약의 우상",
    "STATUS_EFFECT_NAME_EffigyOfInfirmityAuraStatus": "쇠약의 오라",
    "STATUS_EFFECT_DESC_EffigyOfInfirmityAuraStatus": "모든 기사들의 치료 능력 치료량이 [r:1]으로 감소합니다.",
    "STATUS_EFFECT_NAME_EffigyOfSufferingAuraStatus": "고통의 오라",
    "STATUS_EFFECT_DESC_EffigyOfDespairAuraStatus": "모든 기사들이 사용한 의지력에 따라 [g:{damage}]의 피해를 입습니다.",
    "STATUS_EFFECT_NAME_EffigyOfDespairAuraStatus": "절망의 오라",
    "STATUS_EFFECT_NAME_EffigyOfDeathAuraBoon": "죽음의 오라",
    "STATUS_EFFECT_DESC_EffigyOfDeathAuraBoon": "말라시안이 [g:+{armour}]의 [b:장갑]을 얻습니다.",
    "STATUS_EFFECT_DESC_EffigyOfSufferingAuraBoon": "말라시안이 [g:+{armour}]의 [b:장갑]을 얻습니다.",
    "STATUS_EFFECT_DESC_EffigyOfDespairAuraBoon": "말라시안이 [g:+{armour}]의 [b:장갑]을 얻습니다.",
    "STATUS_EFFECT_NAME_EffigyOfSufferingAuraBoon": "고통의 오라",
    "STATUS_EFFECT_NAME_EffigyOfDespairAuraBoon": "절망의 오라",
    "STATUS_EFFECT_NAME_EffigyOfInfirmityAuraBoon": "쇠약의 오라",
    "STATUS_EFFECT_EVENT_EffigyOfInfirmityAuraStatus": "모든 기사들의 치료 능력 치료량이 [r:0]으로 감소합니다",
    "STATUS_EFFECT_EVENT_EffigyOfSufferingAuraStatus": "모든 기사들이 매 턴마다 [r:{damagePerTurn}]의 피해를 입습니다",
    "STATUS_EFFECT_EVENT_EffigyOfDeathAuraBoon": "이 우상이 활성화되어 있는 동안 말라시안은 [g:+{armour}]의 [b:장갑]을 얻습니다.",
    "STATUS_EFFECT_EVENT_EffigyOfInfirmityAuraBoon": "이 우상이 활성화되어 있는 동안 말라시안은 [g:+{armour}]의 [b:장갑]을 얻습니다.",
    "STATUS_EFFECT_EVENT_EffigyOfDespairAuraBoon": "이 우상이 활성화되어 있는 동안 말라시안은 [g:+{armour}]의 [b:장갑]을 얻습니다.",
    "STATUS_EFFECT_NAME_MorgellusBodyPartRegen": "반응로 파괴됨",
    "STATUS_EFFECT_DESC_MorgellusBodyPartRegen": "반응로 파괴됨",
    "STATUS_EFFECT_DESC_PestilentialWeaponaryAuraStatus": "공격이 무작위 상태이상을 유발합니다",
    "STATUS_EFFECT_NAME_Disable_Ranged": "무력화: 원거리",
    "STATUS_EFFECT_DESC_Disable_Ranged": "상태 이상에 걸린 대상은 [b:원거리 무기]를 사용할 수 없습니다.",
    "STATUS_EFFECT_NAME_Rattled": "필멸자 증오",
    "STATUS_EFFECT_DESC_Rattled": "모타리온이 칼도르 드라이고에게 시선을 고정합니다",
    "STATUS_EFFECT_NAME_UnstoppableConflagrationStatus": "막을 수 없는 불길",
    "STATUS_EFFECT_DESC_UnstoppableConflagrationStatus": "이 기사의 모든 공격 피해량이 [g:+{damage}] 증가합니다.",
    "STATUS_EFFECT_NAME_WordsOfPowerStatus": "힘의 진언",
    "STATUS_EFFECT_DESC_RefrainOfConvergenceStatus": "[b:저항력]이 [g:+{resistance}%] 증가합니다.",
    "STATUS_EFFECT_NAME_PestilentialWeaponaryAuraStatus": "역병의 무기들",
    "STATUS_EFFECT_NAME_RefrainOfConvergenceStatus": "규합의 합창",
    "STATUS_EFFECT_NAME_IntonementForGuidanceStatus": "유도의 영창",
    "STATUS_EFFECT_NAME_PunishTheWitchAuraStatus": "마녀 징벌",
    "STATUS_EFFECT_NAME_BladesOfRust": "녹슨 칼날",
    "STATUS_EFFECT_NAME_AssaultOrderStatus": "돌격 명령",
    "STATUS_EFFECT_DESC_BladesOfRust": "[b:근접 공격]이 [b:장갑 관통]을 얻습니다.",
    "STATUS_EFFECT_NAME_TheUnbreakingHost": "파괴할 수 없는 숙주",
    "STATUS_EFFECT_DESC_TheUnbreakingHost": "치명타 취약성 [g:-{critDefense}%].",
    "STATUS_EFFECT_NAME_PunishTheWitchWarpSurgeStatus": "마녀 징벌",
    "STATUS_EFFECT_DESC_PunishTheWitchWarpSurgeStatus": "사이킥 능력을 사용하면 [r:{damagePerAbility}]의 피해를 입습니다.",
    "STATUS_EFFECT_NAME_DrainingBlades": "흡수의 칼날",
    "STATUS_EFFECT_DESC_DrainingBlades": "[b:근접 공격]이 흡수 상태 이상을 겁니다.",
    "STATUS_EFFECT_NAME_TaintedBlades": "부패한 칼날",
    "STATUS_EFFECT_DESC_WithoutRelief": "치료량이 [r:0]으로 감소합니다.",
    "STATUS_EFFECT_NAME_WeaponVirus": "무기 바이러스",
    "STATUS_EFFECT_DESC_WeaponVirus": "[b:원거리 공격]이 무력화되었습니다.",
    "STATUS_EFFECT_NAME_PsychicFeedback": "사이킥 역류",
    "STATUS_EFFECT_DESC_InexorableBlight": "저항력이 [r:0%]으로 감소합니다.",
    "STATUS_EFFECT_NAME_TheBloomProtects": "블룸의 보호",
    "STATUS_EFFECT_DESC_TheBloomProtects": "[b:장갑]이 [g:+{armour}] 증가합니다.",
    "STATUS_EFFECT_NAME_GrandfathersBlessing": "할아버지의 축복",
    "STATUS_EFFECT_DESC_GrandfathersBlessing": "[b:장갑]이 [g:+{armour}] 증가합니다.",
    "STATUS_EFFECT_NAME_ThePowerOfMutation": "변이의 힘",
    "STATUS_EFFECT_NAME_AegisShieldStatus": "이지스 실드",
    "STATUS_EFFECT_DESC_AegisShieldStatus": "이 기사의 [b:장갑]이 [g:+{armour}] 증가합니다.",
    "STATUS_EFFECT_NAME_ArcaneWeapons": "아케인 무기",
    "STATUS_EFFECT_DESC_ArcaneWeapons": "이 기사의 다음 원거리 공격 피해량이 [g:+{damage}] 증가합니다.",
    "STATUS_EFFECT_NAME_Fortress": "요새",
    "STATUS_EFFECT_DESC_Sanctuary": "이 기사의 [b:장갑]이 [g:+{armour}] 증가합니다.",
    "STATUS_EFFECT_DESC_DefensiveAura": "이 기사의 [b:장갑]이 [g:+{armour}] 증가합니다.",
    "STATUS_EFFECT_NAME_Sanctuary": "성역",
    "STATUS_EFFECT_NAME_DefensiveAura": "성역",
    "STATUS_EFFECT_NAME_StrengthOfSpirt": "영혼의 힘",
    "STATUS_EFFECT_NAME_TideOfShadows": "그림자의 파도",
    "STATUS_EFFECT_DESC_TideOfShadows": "이 기사의 [b:저항력]이 [g:+{resistance}%] 증가합니다.",
    "STATUS_EFFECT_NAME_ProtectedByTheBloom_Poxus": "폭서스에 의해 보호받음",
    "STATUS_EFFECT_DESC_ProtectedByTheBloom_Poxus": "[b:폭서스의 뿌리]가 모타리온을 보호합니다",
    "STATUS_EFFECT_NAME_SearingBlades": "이글거리는 칼날",
    "STATUS_EFFECT_NAME_ProtectedByTheBloom_Necrosus": "네크로서스에 의해 보호받음",
    "STATUS_EFFECT_DESC_ProtectedByTheBloom_Necrosus": "[b:네크로서스의 뿌리]가 모타리온을 보호합니다",
    "STATUS_EFFECT_NAME_ProtectedByTheBloom_Dolorus": "돌로러스에 의해 보호받음",
    "STATUS_EFFECT_DESC_ProtectedByTheBloom_Dolorus": "[b:돌로러스의 뿌리]가 모타리온을 보호합니다",
    "STATUS_EFFECT_NAME_ProtectedByTheBloom_Tentarus": "텐타러스에 의해 보호받음",
    "STATUS_EFFECT_NAME_PsychicChanneling": "사이킥 정신집중",
    "STATUS_EFFECT_NAME_BonusDamage": "[g:{1}] 피해",
    "STATUS_EFFECT_DESC_BonusDamage": "대상에게 [g:+{0}] 피해를 입힙니다.",
    "STATUS_EFFECT_NAME_BonusStunPercent": "기절 보너스 {0}%",
    "STATUS_EFFECT_NAME_BonusStunAmount": "[g:+{1}] 기절",
    "STATUS_EFFECT_DESC_BonusStunAmount": "대상에게 [g:+{0}]의 기절을 겁니다.",
    "STATUS_EFFECT_NAME_BonusStunAmountAll": "모든 부위에 [g:{1}] 기절",
    "STATUS_EFFECT_DESC_BonusStunAmountAll": "대상의 모든 신체 부위에 [g:+{0}]의 [b:기절]을 겁니다.",
    "STATUS_EFFECT_NAME_Execution": "처형",
    "STATUS_EFFECT_DESC_Execution": "이 적은 파괴됩니다. 모든 기사들이 [g:+1] 행동력을 얻습니다.",
    "STATUS_EFFECT_NAME_ArmourPierce": "장갑 관통",
    "STATUS_EFFECT_NAME_DisablePlagueShield": "무력화: 역병 방패(<sprite name=SPT_InfinityGreen>)",
    "STATUS_EFFECT_DESC_DisablePlagueShield": "대상은 더 이상 [b:방어]를 사용할 수 없습니다.",
    "STATUS_EFFECT_NAME_DisableMeleeWeapon": "무력화: [b:근접 무기 (<sprite name=SPT_InfinityGreen>)]",
    "STATUS_EFFECT_NAME_DisableRangedWeapon": "무력화: 원거리 무기(<sprite name=SPT_InfinityGreen>)",
    "STATUS_EFFECT_DESC_DisableRangedWeapon": "대상은 더 이상 [b:원거리 공격]을 사용할 수 없습니다.",
    "STATUS_EFFECT_NAME_DisableLeftClaw": "무력화: 왼쪽 발톱(<sprite name=SPT_InfinityGreen>)",
    "STATUS_EFFECT_NAME_DisableRightClaw": "무력화: 오른쪽 발톱(<sprite name=SPT_InfinityGreen>)",
    "STATUS_EFFECT_DESC_DisableRightClaw": "대상은 더 이상 [b:오른쪽 발톱]을 사용할 수 없습니다.",
    "STATUS_EFFECT_NAME_DisableReactorWires": "[r:-51%] 기절 회복력",
    "STATUS_EFFECT_DESC_DisableReactorWires": "대상의 [b:기절] 회복력이 [r:50%] 감소합니다.",
    "STATUS_EFFECT_DESC_Disable_VoxStave": "대상은 더 이상 [b:무기 주술, 부어오른 살갗]과 [b:부정한 성사]를 사용할 수 없습니다.",
    "STATUS_EFFECT_NAME_DisableCrabClaw": "무력화: 집게발(<sprite name=SPT_InfinityGreen>)",
    "STATUS_EFFECT_NAME_DisableMorgellusClaw": "발톱 무력화",
    "STATUS_EFFECT_DESC_DisableMorgellusClaw": "발톱 무력화",
    "STATUS_EFFECT_DESC_Disable_FleshyAbundance": "무력화: 후려치기 (<sprite name=SPT_InfinityGreen>)",
    "STATUS_EFFECT_DESC_Disable_FleshyAbundance_Title": "대상은 더 이상 [b:강타]를 이용한 공격을 할 수 없습니다.",
    "STATUS_EFFECT_DESC_Disable_PusSac_Title": "대상은 더 이상 [b:고름 발사]를 이용한 공격을 할 수 없습니다.",
    "STATUS_EFFECT_DESC_Disable_DiseasedTalon": "무력화: 병든 발톱 (<sprite name=SPT_InfinityGreen>)",
    "STATUS_EFFECT_DESC_Disable_MucusLauncher": "무력화: 점액 발사기 (<sprite name=SPT_InfinityGreen>)",
    "STATUS_EFFECT_DESC_Disable_MucusLauncher_Title": "대상은 더 이상 [b:점액 발사기]를 이용한 공격을 할 수 없습니다.",
    "STATUS_EFFECT_DESC_Disable_Needler": "무력화: 니들러 (<sprite name=SPT_InfinityGreen>)",
    "STATUS_EFFECT_DESC_Disable_MunificusTail": "무력화: 꼬리 (<sprite name=SPT_InfinityGreen>)",
    "STATUS_EFFECT_DESC_Disable_MunificusTail_Title": "대상은 더 이상 [b:꼬리]를 이용한 공격을 할 수 없습니다.",
    "STATUS_EFFECT_DESC_Disable_BellyMouth": "무력화: 죽음의 우상(<sprite name=SPT_InfinityGreen>)",
    "STATUS_EFFECT_DESC_Disable_Munificus_LeftArm": "무력화: 쇠약의 우상 (<sprite name=SPT_InfinityGreen>)",
    "STATUS_EFFECT_DESC_Disable_Munificus_LeftArm_Title": "대상은 더 이상 [b:쇠약의 우상]을 사용할 수 없습니다.",
    "STATUS_EFFECT_DESC_Disable_Munificus_RightArm": "무력화: 절망의 우상 (<sprite name=SPT_InfinityGreen>)",
    "STATUS_EFFECT_NAME_DisableMutation": "변이 무력화",
    "STATUS_EFFECT_DESC_DisableMutation": "변이 무력화",
    "STATUS_EFFECT_NAME_Disable_CloudOfFlies": "파리떼 구름 무력화",
    "STATUS_EFFECT_DESC_Disable_CloudOfFlies": "파리떼 구름 무력화",
    "STATUS_EFFECT_NAME_Disable_StreamOfCorruption": "무력화: 부패의 격류 (<sprite name=SPT_InfinityGreen>)",
    "STATUS_EFFECT_DESC_DisableNurglesGift": "대상은 더 이상 [b:너글의 선물]을 사용할 수 없습니다.",
    "STATUS_EFFECT_NAME_DisableNurglesGift": "무력화: 너글의 선물 (<sprite name=SPT_InfinityGreen>)",
    "STATUS_EFFECT_NAME_Disable_PestilentialExplosion": "무력화: 역병 폭발 (<sprite name=SPT_InfinityGreen>)",
    "STATUS_EFFECT_NAME_Disable_FoulRegeneration": "부정한 재생력 무력화",
    "STATUS_EFFECT_DESC_Disable_FoulRegeneration": "대상은 더 이상 부정한 재생력을 사용할 수 없습니다",
    "STATUS_EFFECT_NAME_Disable_DeathLeap": "무력화: 죽음의 도약 (<sprite name=SPT_InfinityGreen>)",
    "STATUS_EFFECT_DESC_Disable_DeathLeap": "대상은 더 이상 [b:죽음의 도약]을 사용할 수 없습니다.",
    "STATUS_EFFECT_DESC_Disable_ParalyticReprisal": "대상은 더 이상 [b:마비성 반격]을 사용할 수 없습니다.",
    "STATUS_EFFECT_NAME_Disable_HeavyBlightLauncher": "무력화: [b:원거리 무기] ([g:1 턴])",
    "STATUS_EFFECT_DESC_Disable_HeavyBlightLauncher": "대상은 [g:1]턴 동안 [b:원거리 공격]을 사용할 수 없습니다.",
    "STATUS_EFFECT_DESC_Disable_MalignTeleportation": "대상은 [g:1]턴 동안 [b:악성 순간이동]을 사용할 수 없습니다.",
    "STATUS_EFFECT_NAME_Disable_Kadex_CloudOfFlies": "무력화: 파리떼 구름 (<sprite name=SPT_InfinityGreen>)",
    "STATUS_EFFECT_NAME_Disable_EmpoweredLeap": "무력화: 강화된 도약 (<sprite name=SPT_InfinityGreen>)",
    "STATUS_EFFECT_NAME_Disable_CursedBond": "무력화: 저주받은 유대(<sprite name=SPT_InfinityGreen>)",
    "STATUS_EFFECT_DESC_Disable_CursedBond": "대상은 더 이상 [b:저주받은 유대]를 사용할 수 없습니다.",
    "STATUS_EFFECT_NAME_Disable_FoulReflection": "무력화: 부정한 환상 ([g:1 턴])",
    "STATUS_EFFECT_NAME_Disable_GoForthMyChildren": "무력화: 전진하라, 나의 조카들아 (<sprite name=SPT_InfinityGreen>)",
    "STATUS_EFFECT_DESC_Disable_GoForthMyChildren": "대상은 더 이상 [b:전진하라, 나의 조카들아]를 사용할 수 없습니다.",
    "STATUS_EFFECT_NAME_Disable_ComeHomeMyChildren": "무력화: 집으로 돌아와라, 나의 조카들아 ([g:2 턴])",
    "STATUS_EFFECT_NAME_Disable_NurglingSpew": "무력화: 너글링 구토 (<sprite name=SPT_InfinityGreen>)",
    "STATUS_EFFECT_DESC_Disable_NurglingSpew": "대상은 더 이상 [b:너글링 구토]를 사용할 수 없습니다.",
    "STATUS_EFFECT_NAME_Disable_LaserDestructor": "무력화: 원거리 무기 ([g:1 턴])",
    "STATUS_EFFECT_NAME_Disable_ThunderStrikeGauntlet": "무력화: 근접 무기 ([g:2 턴])",
    "STATUS_EFFECT_DESC_Disable_ThunderStrikeGauntlet": "대상은 [g:2]턴 동안 [b:근접 공격]을 사용할 수 없습니다.",
    "STATUS_EFFECT_DESC_NoEffect": "이 목표 부위에 장갑이 있을 경우, 치명타는 어떤 효과도 부여하지 않습니다.",
    "STATUS_EFFECT_NAME_Cruciatus_Kneel": "무릎꿇음",
    "STATUS_EFFECT_NAME_Disable_RotCleaver": "롯 클리버 무력화",
    "STATUS_EFFECT_DESC_Disable_RotCleaver": "롯 클리버 무력화",
    "STATUS_EFFECT_NAME_Disable_RotCannon": "부패 캐논 무력화",
    "STATUS_EFFECT_NAME_Disable_CrushAndHurl": "무력화: 기사 내던지기",
    "STATUS_EFFECT_NAME_DIsable_Morgellus_ThrowObject": "무력화: 대들보 내던지기",
    "STATUS_EFFECT_DESC_DIsable_Morgellus_ThrowObject": "대상은 더 이상 [b:대들보 내던지기]를 사용할 수 없습니다",
    "STATUS_EFFECT_DESC_Disable_RotCannon": "대상은 더 이상 롯 캐논을 사용할 수 없습니다.",
    "STATUS_EFFECT_NAME_Disable_ReapersBounty": "무력화: 수확자의 현상금",
    "STATUS_EFFECT_DESC_Disable_ReapersBounty": "대상은 1턴 동안 수확자의 현상금의 효과를 받을 수 없습니다.",
    "STATUS_EFFECT_NAME_Disable_ReapersCall": "무력화: 수확자의 부름",
    "STATUS_EFFECT_NAME_Disable_CorrosiveDarkness": "무력화: 부식성 암흑",
    "STATUS_EFFECT_DESC_Disable_CorrosiveDarkness": "대상은 더 이상 [b:부식성 암흑]을 사용할 수 없습니다.",
    "STATUS_EFFECT_NAME_Disable_EffigyOfDeath": "죽음의 우상 무력화",
    "STATUS_EFFECT_DESC_Disable_EffigyOfDeath": "죽음의 우상 무력화",
    "STATUS_EFFECT_NAME_Disable_EffigyOfDespair": "절망의 우상 무력화",
    "STATUS_EFFECT_DESC_Disable_EffigyOfDespair": "절망의 우상 무력화",
    "STATUS_EFFECT_DESC_Disable_EffigyOfInfirmity": "쇠약의 우상 무력화",
    "STATUS_EFFECT_NAME_Disable_SuppuratingHeart": "무력화: 곪은 심장(<sprite name=SPT_InfinityGreen>)",
    "STATUS_EFFECT_DESC_Disable_SuppuratingHeart": "대상의 치명타 취약성을 영구적으로 증가시킵니다.",
    "STATUS_EFFECT_DESC_Disable_SuppuratingLungs": "대상의 기절 위력을 영구적으로 감소시킵니다.",
    "STATUS_EFFECT_DESC_Disable_PhosphexBombs": "대상은 더 이상 [b:포스펙스 폭탄]을 사용할 수 없습니다.",
    "STATUS_EFFECT_NAME_Disable_LanternStrike": "무력화: 등불 일격 (<sprite name=SPT_InfinityGreen>)",
    "STATUS_EFFECT_DESC_Disable_LanternStrike": "대상은 더 이상 [b:등불 일격]을 사용할 수 없습니다.",
    "STATUS_EFFECT_DESC_WeakenedBloomRegeneration": "[b:블룸의 뿌리]는 평상시의 [r:50%] 속도로 재생합니다.",
    "STATUS_EFFECT_DESC_Disable_EntropicShield": "대상은 더 이상 치명타에 면역이 되지 않습니다.",
    "STATUS_EFFECT_LOC_Display": "[b:{effectName}] ([g:{afflictChance}%], [g:{afflictDuration}] 턴)",
    "STATUS_EFFECT_LOC_Display_NoChance_WithFilter": "[b:{bodyType}] 대상에게 [b:{effectName}] ([g:{afflictDuration}] 턴)",
    "STATUS_EFFECT_LOC_Afflict": "상태 이상 [b:{effectName}] ([g:{afflictChance}%], [g:{afflictDuration}] 턴)",
    "STATUS_EFFECT_LOC_Display_Permanent": "[b:{effectName}] ([g:{afflictChance}%], <sprite name=SPT_InfinityGreen> 턴)",
    "STATUS_EFFECT_LOC_Display_NoChance_Permanent": "[b:{effectName}] (<sprite name=SPT_InfinityGreen> 턴)",
    "STATUS_EFFECT_LOC_Display_Permanent_WithFilter": "[b:{bodyType}] 대상에게 [b:{effectName}] ([g:{afflictChance}%], <sprite name=SPT_InfinityGreen> 턴)",
    "STATUS_EFFECT_LOC_Afflict_Permanent": "상태 이상 [b:{effectName}] ([g:{afflictChance}%], <sprite name=SPT_InfinityGreen> 턴)",
    "STATUS_EFFECT_LOC_Afflict_Permanent_WithFilter": "[b:{bodyType}]대상에게 상태 이상 [b:{effectName}] ([g:{afflictChance}%], <sprite name=SPT_InfinityGreen> 턴)",
    "STATUS_EFFECT_DESC_DisableGroan": "비탄을 사용할 수 없습니다",
    "STATUS_EFFECT_DESC_VileEffluence_Hardened": "이 유닛이 [g:-{critDefense}%] 치명타 피격률, [g:+{resistance}%] [b:저항력]을 얻으며 [b:기절]하지 않습니다.",
    "STATUS_EFFECT_DESC_Defend_BlightlordChampion": "이 유닛의 [b:장갑]이 [g:+{armour}] 증가합니다.",
    "STATUS_EFFECT_DESC_Stunned": "대상이 즉시 무력화됩니다. 대상을 향한 다음 공격은 자동으로 치명타로 적중합니다. 다음 공격이 [b:근접 공격]이고, 유효한 목표 부위가 있을 경우 대상을 [b:처형]할 수 있습니다.",
    "STATUS_EFFECT_DESC_PutrescentFog_StatusEffect": "이 안개지역 내에 있는 아군의 [b:원거리 공격] 피해량이 [g:-{damageReduction}]만큼 감소합니다(공격시/피격시 모두 적용).",
    "STATUS_EFFECT_DESC_CursedBondStatus": "상태 이상에 걸린 기사는 카덱스가 피해를 입을 때 [r:{otherDamage}]의 피해를 입습니다.",
    "STATUS_EFFECT_NAME_EffigyOfDeathAuraStatus": "죽음의 오라",
    "STATUS_EFFECT_DESC_EffigyOfDeathAuraStatus": "모든 기사들은 HP가 [r:0]이 되면 사망합니다.",
    "STATUS_EFFECT_DESC_EffigyOfSufferingAuraStatus": "모든 기사들이 매 턴마다 [g:{damagePerTurn}]의 피해를 입습니다.",
    "STATUS_EFFECT_DESC_EffigyOfInfirmityAuraBoon": "말라시안이 [g:+{armour}]의 [b:장갑]을 얻습니다.",
    "STATUS_EFFECT_EVENT_EffigyOfDeathAuraStatus": "모든 기사들은 HP가 [r:0]이 되면 사망합니다",
    "STATUS_EFFECT_EVENT_EffigyOfDespairAuraStatus": "모든 기사들이 사용한 의지력에 따라 [g:{damage}]의 피해를 입습니다",
    "STATUS_EFFECT_EVENT_EffigyOfSufferingAuraBoon": "이 우상이 활성화되어 있는 동안 말라시안은 [g:+{armour}]의 [b:장갑]을 얻습니다.",
    "STATUS_EFFECT_DESC_PunishTheWitchAuraStatus": "선봉대의 모든 기사들이 사용한 [b:의지력]에 따라 [g:{otherDamage}]의 피해를 입습니다.",
    "STATUS_EFFECT_DESC_WordsOfPowerStatus": "치명타 피해량이 [g:+{critDamage}] 증가합니다.",
    "STATUS_EFFECT_DESC_IntonementForGuidanceStatus": "[b:원거리 공격] 치명타율이 [g:+{critChance}%] 증가합니다.",
    "STATUS_EFFECT_DESC_AssaultOrderStatus": "이 유닛은 [g:+{damage}]의 [b:근접 공격]피해량과 [g:+{movement}]의 [b:이동력]를 얻습니다.",
    "STATUS_EFFECT_DESC_TaintedBlades": "[b:근접 공격]이 이동 불가 상태 이상을 겁니다.",
    "STATUS_EFFECT_DESC_PsychicFeedback": "능력들이 [r:+{extraWPCost}]의 의지력을 추가로 소모합니다.",
    "STATUS_EFFECT_DESC_ThePowerOfMutation": "변이가 두 배로 증가합니다.",
    "STATUS_EFFECT_DESC_Fortress": "이 기사의 [b:장갑]이 [g:+{armour}] 증가합니다.",
    "STATUS_EFFECT_DESC_StrengthOfSpirt": "이 기사의 치명타율이 [g:+{critChance}%] 증가합니다.",
    "STATUS_EFFECT_NAME_ProtectedByTheBloom_Mortus": "모르터스에 의해 보호받음",
    "STATUS_EFFECT_DESC_ProtectedByTheBloom_Mortus": "[b:모르터스의 뿌리]가 모타리온을 보호합니다",
    "STATUS_EFFECT_DESC_ProtectedByTheBloom_Tentarus": "[b:텐타러스의 뿌리]가 모타리온을 보호합니다",
    "STATUS_EFFECT_DESC_PsychicChanneling": "바키르는 정신을 집중하는 동안에는 행동할 수 없으며, 밀어내지지 않습니다.",
    "STATUS_EFFECT_DESC_ArmourPierce": "이 공격은 모든 [b:장갑]을 무시하고 대상에게 직접 피해를 입힙니다.",
    "STATUS_EFFECT_DESC_DisableMeleeWeapon": "대상은 더 이상 [b:근접 공격]을 사용할 수 없습니다.",
    "STATUS_EFFECT_DESC_DisableLeftClaw": "대상은 더 이상 [b:왼쪽 발톱]을 사용할 수 없습니다.",
    "STATUS_EFFECT_NAME_Disable_VoxStave": "무력화: [b:복스 스태프 (<sprite name=SPT_InfinityGreen>)]",
    "STATUS_EFFECT_DESC_DisableCrabClaw": "대상은 더 이상 [b:죽음의 소용돌이]와 [b:죽음의 손아귀]를 사용할 수 없습니다.",
    "STATUS_EFFECT_DESC_Disable_MunificusHead_Title": "대상은 더 이상 [b:담즙 분사]를 사용할 수 없습니다.",
    "STATUS_EFFECT_DESC_Disable_MunificusHead": "무력화: 담즙 분사 (<sprite name=SPT_InfinityGreen>)",
    "STATUS_EFFECT_DESC_Disable_PusSac": "무력화: 고름 발사 (<sprite name=SPT_InfinityGreen>)",
    "STATUS_EFFECT_DESC_Disable_DiseasedTalon_Title": "대상은 더 이상 [b:병든 발톱]을 이용한 공격을 할 수 없습니다.",
    "STATUS_EFFECT_DESC_Disable_Needler_Title": "대상은 더 이상 [b:니들러]를 이용한 공격을 할 수 없습니다.",
    "STATUS_EFFECT_DESC_Disable_BellyMouth_Title": "대상은 더 이상 [b:죽음의 우상]을 사용할 수 없습니다.",
    "STATUS_EFFECT_DESC_Disable_Munificus_RightArm_Title": "대상은 더 이상 [b:절망의 우상]을 사용할 수 없습니다.",
    "STATUS_EFFECT_DESC_Disable_StreamOfCorruption": "대상은 더 이상 [b:부패의 격류]를 사용할 수 없습니다.",
    "STATUS_EFFECT_DESC_Disable_PestilentialExplosion": "대상은 더 이상 [b:역병 폭발]을 사용할 수 없습니다.",
    "STATUS_EFFECT_NAME_Disable_ParalyticReprisal": "무력화: 마비성 반격 (<sprite name=SPT_InfinityGreen>)",
    "STATUS_EFFECT_NAME_Disable_MalignTeleportation": "무력화: 악성 순간이동 ([g:1 턴])",
    "STATUS_EFFECT_DESC_Disable_EmpoweredLeap": "대상은 더 이상 [b:강화된 도약]을 사용할 수 없습니다.",
    "STATUS_EFFECT_DESC_Disable_FoulReflection": "대상은 [g:1]턴 동안 [b:부정한 환상]을 사용할 수 없습니다.",
    "STATUS_EFFECT_DESC_Disable_ComeHomeMyChildren": "대상은 [g:2]턴 동안 [b:집으로 돌아와라, 나의 조카들아]를 사용할 수 없습니다.",
    "STATUS_EFFECT_DESC_Disable_LaserDestructor": "대상은 [g:1]턴 동안 [b:원거리 공격]을 사용할 수 없습니다.",
    "STATUS_EFFECT_DESC_Cruciatus_Kneel": "[b:무릎꿇음] 상태에서는 대상을 향한 공격의 치명타율이 [g:+100%] 증가하며, 더 많은 목표 부위가 노출됩니다.",
    "STATUS_EFFECT_DESC_Disable_CrushAndHurl": "대상은 더 이상 [b:기사 내던지기]를 사용할 수 없습니다",
    "STATUS_EFFECT_DESC_Disable_Kadex_CloudOfFlies": "대상은 더 이상 파리떼 구름의 효과를 받을 수 없습니다.",
    "STATUS_EFFECT_DESC_Disable_ReapersCall": "대상은 더 이상 [b:수확자의 부름]을 사용할 수 없습니다.",
    "STATUS_EFFECT_NAME_Disable_EffigyOfInfirmity": "쇠약의 우상 무력화",
    "STATUS_EFFECT_NAME_Disable_SuppuratingLungs": "무력화: 곪은 폐(<sprite name=SPT_InfinityGreen>)",
    "STATUS_EFFECT_NAME_Disable_PhosphexBombs": "무력화: 포스펙스 폭탄(<sprite name=SPT_InfinityGreen>)",
    "STATUS_EFFECT_NAME_WeakenedBloomRegeneration": "약화: 블룸의 재생 (<sprite name=SPT_InfinityGreen>)",
    "STATUS_EFFECT_LOC_Display_WithFilter": "[b:{bodyType}] 대상에게 [b:{effectName}] ([g:{afflictChance}%], [g:{afflictDuration}] 턴)",
    "STATUS_EFFECT_DESC_SearingBlades": "[b:근접 공격]이 최대 체력에 [g:{healthDamage}] 피해를 입힙니다.",
    "STATUS_EFFECT_LOC_Afflict_WithFilter": "[b:{bodyType}]대상에게 상태 이상 [b:{effectName}] ([g:{afflictChance}%], [g:{afflictDuration}] 턴)",
    "STATUS_EFFECT_LOC_Display_NoChance_Permanent_WithFilter": "[b:{bodyType}] 대상에게 [b:{effectName}] (<sprite name=SPT_InfinityGreen> 턴)",
    "INSTANT_EFFECT_LOC_Display": "[b:{effectName}] [g:{param1}]",
    "INSTANT_EFFECT_LOC_NegativeDisplay": "[b:{effectName}] [r:{param1}]",
    "INSTANT_EFFECT_LOC_NegativeDisplayNegativeNumber": "[b:{effectName}] [r:-{param1}]",
    "INSTANT_EFFECT_LOC_DisplayReversed": "[g:{param1}] [b:{effectName}]",
    "STATUS_EFFECT_LOC_Display_NoChance": "[b:{effectName}] ([g:{afflictDuration}] 턴)",
    "STATUS_EFFECT_NAME_Disable_EntropicShield": "무력화: 엔트로픽 보호막",
    "INSTANT_EFFECT_LOC_NameOnly": "[b:{effectName}]",
    "STATUS_EFFECT_MULTIPLE_TURNS": "{0} 턴",
    "STATUS_EFFECT_DURATION_HOLDER": "{0}",
    "STATUS_EFFECT_TOAST_Bleed": "출혈",
    "STATUS_EFFECT_TOAST_Flame": "불탐",
    "STATUS_EFFECT_TOAST_Enraged": "격노",
    "STATUS_EFFECT_TOAST_Immobilized": "이동 불가",
    "STATUS_EFFECT_TOAST_Immobilized_Aeger": "이동 불가",
    "STATUS_EFFECT_NAME_NoEffect": "효과 없음",
    "STATUS_EFFECT_TOAST_Crazed": "광란",
    "STATUS_EFFECT_SINGLE_TURN": "1 턴",
    "INSTANT_EFFECT_LOC_DisplayReversedPlus": "[g:+{param1}] [b:{effectName}]",
    "STATUS_EFFECT_NAME_Grounded": "쓰러짐",
    "STATUS_EFFECT_DESC_Grounded": "쓰러진 상태에서는 치명타 피격률이 +50% 증가합니다",
    "STATUS_EFFECT_NAME_InexorableBlight": "무자비한 마름병",
    "STATUS_EFFECT_NAME_WithoutRelief": "구원은 없다",
    "INSTANT_EFFECT_LOC_Display_Percent": "[b:{effectName}] ([g:{param1}%])",
    "INSTANT_EFFECT_LOC_Display_Two_Params": "[b:{effectName}] [g:{param1}], [g:{param2}]",
    "STATUS_EFFECT_AFFLICT_GENERIC": "상태 이상 [b:{0}] ({1})",
    "STATUS_EFFECT_RESISTED": "저항함 : {0}",
    "STATUS_EFFECT_PERMANENT_DURATION": "영구적",
    "STATUS_EFFECT_UPGRADE_APPEND_UnstoppableConflagrationStatus_Resistance": "[g:+{resistance}%] [b:저항력]",
    "ENVIRONMENT_MODIFIER_NAME_PutrescentFog_StatusEffect": "부패의 안개",
    "ENVIRONMENT_MODIFIER_DESC_PutrescentFog_StatusEffect": "이 안개지역 내에 있는 아군의 [b:원거리 공격] 피해량이 [g:-{damageReduction}]만큼 감소합니다(공격시/피격시 모두 적용).",
    "STATUS_EFFECT_TOAST_Blinded": "실명",
    "STATUS_EFFECT_TOAST_Disable": "무력화됨: 근접",
    "STATUS_EFFECT_TOAST_Disable_Ranged": "무력화됨: 원거리",
    "STATUS_EFFECT_TOAST_Disrupted": "교란됨",
    "STATUS_EFFECT_TOAST_Hobbled": "둔화됨",
    "STATUS_EFFECT_TOAST_Panic": "공황",
    "STATUS_EFFECT_TOAST_Pinned": "제압당함",
    "STATUS_EFFECT_TOAST_Plague": "역병",
    "STATUS_EFFECT_TOAST_Silenced": "침묵",
    "STATUS_EFFECT_TOAST_Weakened": "약화됨",
    "STATUS_EFFECT_TOAST_Vulnerable": "취약",
    "STATUS_EFFECT_TOAST_Dominated": "지배됨",
    "STATUS_EFFECT_TOAST_AssaultOrderStatus": "돌격 명령",
    "STATUS_EFFECT_TOAST_Defend_BlightlordChampion": "방어",
    "STATUS_EFFECT_TOAST_PestilentialFortitude": "역병의 선물",
    "STATUS_EFFECT_TOAST_PutrescentFog_StatusEffect": "부패의 안개",
    "STATUS_EFFECT_TOAST_Regenerate": "재생",
    "STATUS_EFFECT_TOAST_Cruciatus_Kneel": "기절함: 위쪽의 목표 부위가 노출되었습니다!",
    "STATUS_EFFECT_TOAST_SwollenFlesh": "부어오른 살갗",
    "STATUS_EFFECT_TOAST_Hardened": "단련됨",
    "STATUS_EFFECT_TOAST_VileEffluence_Hardened": "역겨운 분출물",
    "STATUS_EFFECT_TOAST_VileEffluence_BonusArmour": "역겨운 분출물",
    "STATUS_EFFECT_TOAST_VileEffluence_BonusMeleeDamage": "역겨운 분출물",
    "STATUS_EFFECT_TOAST_VileEffluence_BonusRangedDamage": "역겨운 분출물",
    "STATUS_EFFECT_TOAST_ArcaneWeapons": "아케인 무기",
    "STATUS_EFFECT_TOAST_AegisShieldStatus": "이지스 실드",
    "STATUS_EFFECT_TOAST_WarpSpeed": "워프의 속도",
    "STATUS_EFFECT_TOAST_Endurance": "인내",
    "STATUS_EFFECT_TOAST_EmperorsAegis": "황제의 이지스",
    "STATUS_EFFECT_TOAST_DefendPosition": "방어",
    "STATUS_EFFECT_TOAST_Fortress": "요새",
    "STATUS_EFFECT_TOAST_Sanctuary": "성역",
    "STATUS_EFFECT_TOAST_WordsOfPowerStatus": "힘의 진언",
    "STATUS_EFFECT_TOAST_RefrainOfConvergenceStatus": "규합의 합창",
    "STATUS_EFFECT_TOAST_IntonementForGuidanceStatus": "유도의 영창",
    "STATUS_EFFECT_TOAST_StrengthOfSpirt": "영혼의 힘",
    "STATUS_EFFECT_TOAST_IronArm": "강철 팔",
    "STATUS_EFFECT_TOAST_TideOfShadows": "그림자의 파도",
    "STATUS_EFFECT_TOAST_CursedBondStatus": "저주받음",
    "STATUS_EFFECT_TOAST_EffigyOfDeathAuraStatus": "죽음의 오라",
    "STATUS_EFFECT_TOAST_EffigyOfInfirmityAuraStatus": "쇠약의 오라",
    "STATUS_EFFECT_TOAST_HunkerDown": "수그리기",
    "STATUS_EFFECT_TOAST_EffigyOfDespairAuraStatus": "절망의 오라",
    "STATUS_EFFECT_TOAST_EffigyOfDeathAuraBoon": "죽음의 축복",
    "STATUS_EFFECT_TOAST_EffigyOfInfirmityAuraBoon": "쇠약의 축복",
    "STATUS_EFFECT_TOAST_EffigyOfSufferingAuraBoon": "고통의 축복",
    "STATUS_EFFECT_TOAST_EffigyOfDespairAuraBoon": "절망의 축복",
    "STATUS_EFFECT_TOAST_UnstoppableConflagrationStatus": "막을 수 없는 불길",
    "STATUS_EFFECT_TOAST_ProtectedByTheBloom_Poxus": "폭서스에 의해 보호받음",
    "STATUS_EFFECT_TOAST_ProtectedByTheBloom_Mortus": "모르터스에 의해 보호받음",
    "STATUS_EFFECT_TOAST_ProtectedByTheBloom_Necrosus": "네크로서스에 의해 보호받음",
    "STATUS_EFFECT_TOAST_ProtectedByTheBloom_Tentarus": "텐타러스에 의해 보호받음",
    "STATUS_EFFECT_TOAST_Rattled": "필멸자 증오",
    "STATUS_EFFECT_TOAST_SearingBlades": "이글거리는 칼날",
    "STATUS_EFFECT_TOAST_TaintedBlades": "부패한 칼날",
    "STATUS_EFFECT_TOAST_WeaponVirus": "무기 바이러스",
    "STATUS_EFFECT_TOAST_PunishTheWitchAuraStatus": "마녀 징벌",
    "STATUS_EFFECT_TOAST_Morgellus_Stunned": "쓰러진 상태에서는 치명타 피격률이 +{critDefense}% 증가합니다",
    "STATUS_EFFECT_TOAST_DefensiveAura": "고위 성역",
    "STATUS_EFFECT_TOAST_EffigyOfSufferingAuraStatus": "고통의 오라",
    "STATUS_EFFECT_TOAST_PestilentialWeaponaryAuraStatus": "역병 무기",
    "STATUS_EFFECT_TOAST_ProtectedByTheBloom_Dolorus": "돌로러스에 의해 보호받음",
    "STATUS_EFFECT_TOAST_Grounded": "쓰러진 상태에서는 치명타 피격률이 +{critDefense}% 증가합니다",
    "STATUS_EFFECT_TOAST_Mortarion_Stunned": "쓰러진 상태에서는 치명타 피격률이 +{critDefense}% 증가합니다",
    "STATUS_EFFECT_NAME_PutridDetonation": "부패 폭발",
    "STATUS_EFFECT_DESC_PutridDetonation": "죽으면 [g:{radius}] 범위에 [g:{otherDamage}를 준다] 피해를 줍니다."
}
