{
    "ADisobedientPupil_Intro3_Text": "엑타르 형제: 너글의 하수인은 상대를 잘 속이지! 그와 그의 측근들을 모조리 제거해야하오.",
    "ADisobedientPupil_Intro4_Text": "도미누스 루네테: 대안: 접근 제한 강등. 제조 공장의 인원들은 이미 제한되었습니다.",
    "ADisobedientPupil_Choice0_MenuText": "이단심문관 바키르가 심문하게 한다.",
    "ADisobedientPupil_Choice1_MenuText": "그를 서비터로 만든다.",
    "ADisobedientPupil_Choice2_MenuText": "엔진시어를 제거한다.",
    "ADisobedientPupil_Choice3_MenuText": "엔진시어를 강등시킨다.",
    "ADisobedientPupil_Choice_1_Script01_Text": "엑타르 형제: 그래, 모든 정신 전환은 제대로 먹힐테지.",
    "ADisobedientPupil_Choice_1_Script02_Text": "도미누스 루네테: 타협: 받아들이겠습니다.",
    "ADisobedientPupil_Choice_2_Script01_Text": "도미누스 루네테: 비효율적: 대체에는 자원이 들어갑니다.",
    "ADisobedientPupil_Intro2_Text": "도미누스 루네테: 거부: 부패 검사는 음성이고 심문 결과에 관련된 정보는 없습니다. 출입 위반은 오류인 것 같습니다.",
    "ADisobedientPupil_Intro1_Text": "엑타르 형제: 사령관, 충격적인 소식이오. 제조공장의 고위 엔진시어가 그레이 나이트의 기밀 기록보관소에 들어가려다 잡혔소! 이건 틀림없이 적의 소행이오!",
    "ADisobedientPupil_Choice_0_Script01_Text": "이단심문관 바키르: 요청대로 해 드리겠지만, 집안 단속을 좀 제대로 하시지요. 난 블룸에 집중해야 하니까! ",
    "KnockedOffCourse_Regular_Choice1_MenuText": "바키르에게 함선을 보호하게 한다.",
    "KnockedOffCourse_Regular_Arrival_Choice_2_Script01_Text": "엑타르 형제: 충격에 대비하라!",
    "KnockedOffCourse_Regular_Choice0_MenuTextB": "[b:Y당신 모든 동력을 겔러 필드로.]",
    "KnockedOffCourse_Regular_Choice1_MenuTextB": "[b:당신: 바키르에게 함선을 보호하게 한다.]",
    "KnockedOffCourse_Regular_Arrival_Choice_0_Script02_Text": "엑타르 형제: 충격에 대비하라!",
    "KnockedOffCourse_Regular_Arrival_Choice_3_Script02_Text": "엑타르 형제: 충격에 대비하라!",
    "KnockedOffCourse_Regular_Choice0_MenuText": "모든 동력을 겔러 필드로.",
    "ADisobedientPupil_Choice0_MenuTextB": "[b:당신: 이단심문관 바키르가 심문하게 한다.]",
    "ADisobedientPupil_Choice1_MenuTextB": "[b:당신: 그를 서비터로 만든다.]",
    "OutsideResearch_Arrival_Choice0_MenuTextB": "[b:당신: 시간을 들여 그들의 절차를 조사한다.]",
    "WarpStormDisturbanceB_Arrival_Choice1_MenuText": "엑타르를 보내 조사한다.",
    "WarpStormDisturbanceB_Arrival_Choice2_MenuText": "궤도에서 분석한다.",
    "WarpStormDisturbanceB_Arrival_Choice_3_Script01_Text": "도미누스 루네테: 알겠습니다. 다른 항로를 설정합니다.",
    "WarpStormDisturbanceB_Arrival_Choice_2_Script03_Text": "이단심문관 바키르: 흥미롭군요... 행성이... 사라지는 건가요?",
    "WarpStormDisturbanceB_Arrival_Choice_2_Script02_Text": "도미누스 루네테: 경고: 치명적인 워프 불안정성 감지! 칙령함에 손상. 반대 방향으로 가속중!",
    "WarpStormDisturbanceB_Arrival_Choice_2_Script01_Text": "도미누스 루네테: 궤도 가속기 감지됩니다, 근방 궤도로 진입중…",
    "WarpStormDisturbanceB_Arrival_Choice_0_Script01_Text": "엑타르 형제: 그랜드 마스터와 즉시 연락하겠습니다!",
    "WarpStormDisturbanceB_Arrival_Choice3_MenuTextB": "[b:당신: 이상 현상을 우회한다.]",
    "WarpStormDisturbanceB_Arrival_Choice2_MenuTextB": "[b:당신: 궤도에서 분석한다.]",
    "WarpStormDisturbanceB_Arrival_Choice1_MenuTextB": "[b:당신: 엑타르를 보내 조사한다.]",
    "WarpStormDisturbanceB_Arrival_Choice0_MenuTextB": "[b:당신: 긴급 익스터미나투스를 요청한다.]",
    "WarpStormDisturbanceB_Arrival_Choice0_MenuText": "긴급 익스터미나투스를 요청한다.",
    "WarpStormDisturbanceB_Arrival_Choice3_MenuText": "이상 현상을 우회한다.",
    "WarpStormDisturbanceB_Arrival_Choice_3_Script02_Text": "이상 현상은 센서에서 갑자기 사라졌고, 함선은 성계 내의 완전히 다른 곳으로 이동된 것을 알게됩니다.",
    "WarpStormDisturbanceB_Arrival_Choice_2_Script04_Text": "이상 현상은 센서에서 갑자기 사라졌고, 함선은 성계 내의 완전히 다른 곳으로 이동된 것을 알게됩니다.",
    "WarpStormDisturbanceA_Arrival_Choice0_MenuTextB": "[b:당신: 긴급 익스터미나투스를 요청한다.]",
    "WarpStormDisturbanceA_Arrival_Choice0_MenuText": "긴급 익스터미나투스를 요청한다.",
    "OutsideResearch_Arrival_Choice1_MenuTextB": "[b:당신: 그들을 심문해 알아낼 수 있는걸 알아낸다.]",
    "OutsideResearch_Arrival_Choice2_MenuTextB": "[b:당신: 강제적으로 기록을 빼앗는다!]",
    "WarpStormDisturbanceB_Arrival_Choice_1_Script01_Text": "엑타르 형제: 훌륭합니다. 지면에 곧바로 순간이동하겠습니다!",
    "ADisobedientPupil_Choice_2_Script02_Text": "엑타르 형제: 성스러운 챕터의 비밀이야말로 제일 중요하다 도미누스.",
    "ADisobedientPupil_Choice_3_Script01_Text": "엑타르 형제: 사령관, 이건 감수할 필요가 없는 위험입니다!",
    "ADisobedientPupil_Choice_3_Script02_Text": "도미누스 루네테: 거부: 엔진시어의 정보 접근 허용을 영구적으로 제한합니다.",
    "ADisobedientPupil_Choice2_MenuTextB": "[b:당신: 엔진시어를 제거한다.]",
    "AdvancedClasses_Choice0_MenuText": "채플린을 요청한다.",
    "AdvancedClasses_Choice1_MenuText": "라이브러리안을 요청한다.",
    "AdvancedClasses_Choice2_MenuText": "팔라딘을 요청한다.",
    "AdvancedClasses_Choice3_MenuText": "퓨리파이어를 요청한다.",
    "AdvancedClasses_Choice_0_Script01_Text": "엑타르 형제: 좋습니다. 영적인 불굴의 용기가 우리 형제들에게 필요했습니다.",
    "AdvancedClasses_Choice_1_Script01_Text": "엑타르 형제: 사이킥에 매우 능한 자이니 쓸모가 있을겁니다. ",
    "AdvancedClasses_Choice_2_Script01_Text": "엑타르 형제: 전투가 담금질한 인간 투지는 엄청난 것을 만들어내지요.",
    "AdvancedClasses_Choice_3_Script01_Text": "엑타르 형제: 예, 퓨리파이어 형제는 전장에서 유용할 것입니다. ",
    "AdvancedClasses_Choice0_MenuTextB": "[b:당신: 채플린을 요청한다.]",
    "AdvancedClasses_Choice2_MenuTextB": "[b:당신: 팔라딘을 요청한다.]",
    "AdvancedClasses_Choice3_MenuTextB": "[b:당신: 퓨리파이어를 요청한다.]",
    "APaladinsQuest_Intro2_Text": "이단심문관 바키르: 정신이 나갔습니까? 모든 기사들이 이 임무에 필수적이라구요!",
    "APaladinsQuest_Intro4_Text": "이단심문관 바키르: 사령관, 기사의 용기를 증명해야 한다면 그냥 블룸과 싸우는걸로 대신하면 되잖습니까! ",
    "APaladinsQuest_Choice0_MenuText": "그를 블룸과 싸우게 보내는 것으로 대신한다.",
    "APaladinsQuest_Choice2_MenuText": "기사를 할애할 수는 없다.",
    "APaladinsQuest_Choice_1_Script01_Text": "엑타르 형제: 운명의 길을 거슬러서는 안됩니다.",
    "APaladinsQuest_Choice_1_Script02_Text": "이단심문관 바키르: 정말 쓸데없군요!",
    "APaladinsQuest_Choice_2_Script01_Text": "이단심문관 바키르: 최소한 한분 정도는 말이 통하는군요.",
    "APaladinsQuest_Choice0_MenuTextB": "[b:당신: 그를 블룸과 싸우게 보내는 것으로 대신한다.]",
    "APaladinsQuest_Choice2_MenuTextB": "[b:당신: 기사를 할애할 수는 없다.]",
    "WarpStormDisturbanceA_Arrival_Choice3_MenuText": "둥지를 우회한다.",
    "WarpStormDisturbanceA_Arrival_Choice2_MenuText": "기사를 보내 파괴한다.",
    "WarpStormDisturbanceA_Arrival_Choice1_MenuText": "둥지에 사격을 가한다.",
    "WarpStormDisturbanceA_Arrival_Choice_1_Script01_Text": "도미누스 루네테: 함포 준비 중.",
    "WarpStormDisturbanceA_Arrival_Intro5_Text": "엑타르 형제: 마침내 이단심문관과 의견이 같군요!",
    "WarpStormDisturbanceA_Arrival_Intro4_Text": "이단심문관 바키르: 오염을 뿌리는 새로운 함선이요? 반드시 파괴해야 합니다!",
    "WarpStormDisturbanceA_Arrival_Intro3_Text": "도미누스 루네테: 분석: 물질은 포자, 구성 구조는 둥지와 같습니다. 블룸이 확실합니다. ",
    "WarpStormDisturbanceA_Arrival_Choice3_MenuTextB": "[b:당신: 둥지를 우회한다.]",
    "WarpStormDisturbanceA_Arrival_Choice2_MenuTextB": "[b:당신: 기사를 보내 파괴한다.]",
    "WarpStormDisturbanceA_Arrival_Choice1_MenuTextB": "[b:당신: 둥지에 사격을 가한다.]",
    "WarpStormDisturbanceA_Arrival_Choice_1_Script02B_Text": "(함포 레벨 {weapon_level}) 루네테의 경고대로 둥지는 강력한 무장을 했습니다. 궤도상에서 파괴할 수 있었지만 피해를 입었습니다.",
    "WarpStormDisturbanceA_Arrival_Choice_0_Script01_Text": "엑타르 형제: 그랜드 마스터와 즉시 연락하겠습니다!",
    "WarpStormDisturbanceA_Arrival_Choice_1_Script02_Text": "{battle_interaction:WarpStormDisturbanceA_Arrival_Choice_1_Interaction}",
    "WarpStormDisturbanceA_Arrival_Choice_1_Script02A_Text": "(함포 레벨 {weapon_level}) 루네테의 경고대로 둥지는 강력한 무장을 했으나 칙령함의 함포의 상대는 아니었습니다.",
    "WarpStormDisturbanceA_Arrival_Intro6_Text": "도미누스 루네테: 경고: 방어 수준 알 수 없습니다, 열 소실 패턴에 따르면 이온화 실드나 뛰어난 무장을 했을 가능성 있습니다.",
    "ADisobedientPupil_Choice3_MenuTextB": "[b:당신: 엔진시어를 강등시킨다.]",
    "AdvancedClasses_Intro1_Text": "그랜드 마스터 카이: 칙령함이 이전 임무에서 가장 존경스러운 기사를 잃었던 것을 신경쓰고 있었네. 블룸 제거에 시간이 필요할 듯 하니 당장 도울 방도를 찾아냈지. 다만 다른 곳도 신경써야 하는 만큼 어떤 기술이 자네에게 가장 도움이 될지 말해주겠나?",
    "AdvancedClasses_Choice1_MenuTextB": "[b:당신: 라이브러리안을 요청한다.]",
    "APaladinsQuest_Intro1_Text": "엑타르 형제: 형제 중 한명이 팔라딘으로 합류하게되어, 훈련을 마치기 위해 시간이 필요할 것 같습니다.",
    "APaladinsQuest_Intro3_Text": "엑타르 형제: 우리 형제들에게는 중요한 합격 의식입니다! 본인이 잠시 없다고 하더라도 그만큼 팔라딘이 유용하다는걸 입증할거요.",
    "APaladinsQuest_Choice1_MenuText": "그의 임무를 계속하게 한다.",
    "APaladinsQuest_Choice_0_Script01_Text": "이단심문관 바키르: 좋아요. 바로 그에게 적절한 대상을 알려주도록 하죠.",
    "BuriedTreasure_Choice0_Script01_Text": "이단심문관 바키르: 정말 쓸데없군요!",
    "APaladinsQuest_Choice1_MenuTextB": "[b:당신: 그의 임무를 계속하게 한다.]",
    "ApothecarionOverload_Intro1_Text": "엑타르 형제: 사령관, 우리 아포세카리온이 한계 이상으로 가동 중입니다. 시간과 자원이 적으나 최선의 치료를 해야 전투 형제들이 전장에서 최고의 모습을 보여주지 않겠습니까! ",
    "ApothecarionOverload_Choice0_MenuText": "아포세카리를 지원을 위해 파견한다.",
    "ApothecarionOverload_Choice1_MenuText": "위험한 의료 절차를 시행한다.",
    "ApothecarionOverload_Choice2_MenuText": "일단 아무것도 하지 않는다.",
    "ApothecarionOverload_Choice_1_Script01_Text": "엑타르 형제: 적당한 형제를 배치하도록 하겠습니다.",
    "ApothecarionOverload_Choice_2_Script01_Text": "엑타르 형제: 아포세카리온에서 교육을 시작하겠습니다. 우리의 임무는 무엇보다 중요합니다.",
    "ApothecarionOverload_Choice_3_Script01_Text": "도미누스 루네테: 경고: 자원을 아끼기 위해 치명적이지 않은 시스템 비활성화 예정.",
    "ApothecarionOverload_Choice0_MenuTextB": "[b:당신: 아포세카리를 지원을 위해 파견한다.]",
    "ApothecarionOverload_Choice1_MenuTextB": "[b:당신: 위험한 의료 절차를 시행한다.]",
    "ApothecarionOverload_Choice2_MenuTextB": "[b:당신: 일단 아무것도 하지 않는다.]",
    "ASecretTome_Choice1_MenuText": "책을 볼 권한을 거절한다.",
    "ASecretTome_Intro2_Text": "엑타르 형제: 제가 이미 거절했을겁니다 이단심문관! 그건 그레이 나이트 바이오맨시의 제한된 정보이고 당신의 연구와는 관련이 없습니다!",
    "ASecretTome_Choice0_MenuText": "엑타르가 검열된 자료를 준비해줄 것이다.",
    "ASecretTome_Choice_0_Script01_Text": "엑타르 형제: 총론이 필요하지 않다는걸 증명하겠습니다...",
    "ASecretTome_Choice_0_Script02_Text": "이단심문관 바키르: 너무 검열을 심하게 하진 마세요 엑타르... ",
    "ASecretTome_Choice_2_Script01_Text": "엑타르 형제: 사령관 이건 전통에 어긋납니다!",
    "ASecretTome_Choice_2_Script02_Text": "이단심문관 바키르: 걱정마세요 엑타르, 다 쓴 다음 이 소중한 책은 돌려줄테니까요.",
    "ASecretTome_Choice0_MenuTextB": "[b:당신: 엑타르가 검열된 자료를 준비해줄 것이다.]",
    "ASecretTome_Choice1_MenuTextB": "[b:당신: 책을 볼 권한을 거절한다.]",
    "ASecretTome_Choice2_MenuTextB": "[b:당신: 바키르에게 책을 준다.]",
    "BattleScars_Intro2_Text": "이단심문관 바키르: 이게 쓰러진 동료를 대하는 방법인가요? 당신이 절 치료하진 않았으면 좋겠군요!",
    "BattleScars_Intro3_Text": "엑타르 형제: 감히 당신이 날 냉혈한이라고 하는겁니까!---",
    "BattleScars_Intro4_Text": "도미누스 루네테: 거부: 살덩이는 나약합니다. 아스타르테스의 진시드는 미래를 위해 쓰일 것입니다.",
    "BattleScars_Choice2_MenuText": "황제의 안식을 안겨준다.",
    "BattleScars_Choice0_Script01_Text": "엑타르 형제: 알겠습니다 사령관. 황제께서 그를 보우하실 겁니다.",
    "BattleScars_Choice0_Script2B_Text": "아포세카리들의 특별한 노력으로 {knight:0}는 즉시 회복했습니다. 이 시험으로 그의 몸은 더 단단해졌습니다.",
    "BattleScars_Choice1_Script01_Text": "엑타르 형제: 기사의 강철 같은 의지는 어떤 상처라도 극복해낼 수 있습니다.",
    "BattleScars_Choice0_MenuTextB": "[b:당신: 위험한 의료 절차를 시행한다.]",
    "BattleScars_Choice1_MenuTextB": "[b:당신: 그가 회복할 것이라는 믿음을 가진다]",
    "BuriedTreasure_Intro2_Text": "이단심문관 바키르: 그런 낡은 병기고에 보낼 필요 없이 우리가 쓰도록 하죠! ",
    "BuriedTreasure_Intro3_Text": "엑타르 형제: 이 무기는 우리의 유산 중 하나입니다! 명예로운 사이포스의 역사를 위해 간직 해야합니다!",
    "BuriedTreasure_Choice0_MenuText": "형제들을 고무하기 위해 간직한다.",
    "BuriedTreasure_Choice1_MenuText": "우리 병기고에 추가한다.",
    "BuriedTreasure_Choice2_MenuText": "타이탄에 보낸다.",
    "BuriedTreasure_Choice1_Script01_Text": "이단심문관 바키르: 네, 무기란 사용을 해야 의미가 있죠!",
    "BuriedTreasure_Choice2_Script01_Text": "이단심문관 바키르: 낭비로군요. 이미 당신네 그랜드 마스터는 표식도 잊어버렸을텐데 말이죠!",
    "BuriedTreasure_Choice0_MenuTextB": "[b:당신: 형제들을 고무하기 위해 간직한다.]",
    "BuriedTreasure_Choice1_MenuTextB": "[b:당신: 우리 병기고에 추가한다.]",
    "CultOnBoard1_Intro1_Text": "도미누스 루네테: 경고: 폭발 감지. 피해는 하부 갑판 37에서 39까지 보고됩니다!",
    "CultOnBoard1_Intro2_Text": "엑타르 형제: 사격은 당하지 않았는데 사고인가?",
    "CultOnBoard1_Intro4_Text": "엑타르 형제: 사보타주? 그레이 나이트의 타격 순양함에?! 어떻게 이게 가능한 건가?",
    "CultOnBoard1_Intro6_Text": "도미누스 루네테: 갱신: 서비터들이 블룸 씨앗 일부 소실을 보고했고…",
    "CultOnBoard1_Intro8_Text": "엑타르 형제: 칙령함은 선원들 없이는 운용할 수 없습니다 이단심문관!",
    "CultOnBoard1_Intro9_Text": "도미누스 루네테: 수사 필요함: 감시 시스템과 순찰대 증대를 추천합니다.",
    "CultOnBoard1_Intro11_Text": "이단심문관 바키르: 당신 형제들은 그런 일에 부적당합니다 퓨리파이어! 연구는 좀 지연되겠지만 내가 그 컬티스트들을 직접 잡아들이죠. ",
    "CultOnBoard1_Choice0_MenuText": "기사를 보내 조사한다.",
    "CultOnBoard1_Choice1_MenuText": "감시 시스템을 업그레이드한다.",
    "CultOnBoard1_Choice2_MenuText": "이단심문관을 보내 조사한다.",
    "CultOnBoard1_Choice3_MenuText": "선원과 서비터를 모조리 제거한다.",
    "CultOnBoard1_Choice0_Script02_Text": "기사들은 공격한 자들을 찾지 못했습니다.",
    "CultOnBoard1_Choice1_Script01_Text": "도미누스 루네테: 아뎁투스 아르비테스에 장비를 요청했습니다.",
    "CultOnBoard1_Choice2_Script01_Text": "이단심문관 바키르: 내가 할 수 있는 일을 하죠.",
    "CultOnBoard1_Choice3_Script02_Text": "엑타르 형제: 쓴 약이지만 어쩌면 필요한 일일지도 모르지 도미누스.",
    "CultOnBoard1_Choice2_MenuTextB": "[b:당신: 이단심문관을 보내 조사한다.]",
    "CultOnBoard1_Choice3_MenuTextB": "[b:당신: 선원과 서비터를 모조리 제거한다.]",
    "CultOnBoard2_Intro2_Text": "엑타르 형제: 그레이 나이트의 타격 순양함에는 있을 수 없는 일입니다! 사령관, 가장 강한 소대를 즉시 배치하겠습니다!",
    "CultOnBoard2_Intro4_Text": "도미누스 루네테: 거부: 배신의 진행을 칙령함에 묵인할 수는 없습니다! 우주에 던져버릴 것을 추천합니다. 관련 피해는 용인 가능합니다.",
    "CultOnBoard2_Choice0_MenuText": "선원과 서비터를 모조리 제거한다.",
    "CultOnBoard2_Choice1_MenuText": "모인 인원을 우주에 버린다.",
    "CultOnBoard2_Choice2_MenuText": "바키르를 잠입시킨다.",
    "CultOnBoard2_Choice3_MenuText": "엑타르를 소대원과 보낸다.",
    "CultOnBoard2_Choice0_Script01_Text": "도미누스 루네테: 학살 의례 진행합니다.",
    "CultOnBoard2_Choice1_Script02_Text": "루네테는 모임 장소를 확인 하고 해당 장소를 공허 속으로 내보냈습니다. 생존자는 없습니다.",
    "CultOnBoard2_Choice2_Script01_Text": "이단심문관 바키르: 원하시는대로 하죠.",
    "CultOnBoard2_Choice1_Script01_Text": "도미누스 루네테: 빠르게 진행하겠습니다.",
    "CultOnBoard2_Choice3_Script01_Text": "엑타르 형제: 바로 출발하겠습니다. 이단들은 모두 죽을 것입니다!",
    "CultOnBoard2_Choice3_Script02_Text": "컬트 모임은 예상보다 훨씬 컸습니다. 많은 컬티스트들이 제거당했짐나 일부는 탈출했습니다.",
    "CultOnBoard2_Choice1_MenuTextB": "[b:당신: 모인 인원을 우주에 버린다.]",
    "CultOnBoard2_Choice2_MenuTextB": "[b:당신: 바키르를 잠입시킨다.]",
    "CultOnBoard2_Choice3_MenuTextB": "[b:당신: 엑타르를 소대원과 보낸다.]",
    "CultOnBoard3_OutOfControl_Intro4_Text": "도미누스 루네테: 대안: 리브리스 말레우스에 보관된 블룸 씨앗에 접근하기 위한, 다수의 불법적 시도가 있었습니다. 컬트를 함정으로 끌어들이기 위해 이를 활용할 수 있습니다.",
    "CultOnBoard3_OutOfControl_Choice0_MenuText": "컬트를 잡을 함정을 놓는다.",
    "CultOnBoard3_OutOfControl_Choice1_MenuText": "작은 부대를 보내 끝장을 낸다.",
    "CultOnBoard3_OutOfControl_Choice2_MenuText": "많은 부대를 보내 끝장을 낸다.",
    "CultOnBoard3_OutOfControl_Choice0_Script01_Text": "이단심문관 바키르: 말씀대로... 하죠.",
    "CultOnBoard3_OutOfControl_Choice0_Script02_Text": "컬트는 리브리스 말레우스를 습격했지만 안쪽에 갇혔고 간단하게 몰살 당했습니다.",
    "CultOnBoard3_OutOfControl_Choice2_Script01_Text": "엑타르 형제: 바로 출발하겠습니다 사령관!",
    "CultOnBoard3_OutOfControl_Choice0_MenuTextB": "[b:당신: 컬트를 잡을 함정을 놓는다.]",
    "CultOnBoard3_OutOfControl_Choice1_MenuTextB": "[b:당신: 작은 부대를 보내 끝장을 낸다.]",
    "CultOnBoard3_OutOfControl_Choice2_MenuTextB": "[b:당신: 많은 부대를 보내 끝장을 낸다.]",
    "CultOnBoard3_LastGasp_Intro1_Text": "도미누스 루네테: 비상: 단독 폭탄이 23 갑판에 감지됩니다! 소수 부상과 피해 감지됩니다.",
    "CultOnBoard3_LastGasp_Choice0_MenuText": "컬트를 잡을 함정을 놓는다.",
    "CultOnBoard3_LastGasp_Choice1_MenuText": "작은 부대를 보내 끝장을 낸다.",
    "CultOnBoard3_LastGasp_Choice2_MenuText": "많은 부대를 보내 끝장을 낸다.",
    "CultOnBoard3_LastGasp_Choice0_Script01_Text": "이단심문관 바키르: 말씀대로... 하죠.",
    "CultOnBoard3_LastGasp_Choice0_Script02_Text": "컬트는 리브리스 말레우스를 습격했지만 안쪽에 갇혔고 간단하게 몰살 당했습니다.",
    "CultOnBoard3_LastGasp_Choice2_Script01_Text": "엑타르 형제: 바로 출발하겠습니다 사령관!",
    "CultOnBoard3_LastGasp_Choice0_MenuTextB": "[b:당신: 컬트를 잡을 함정을 놓는다.]",
    "CultOnBoard3_LastGasp_Choice1_MenuTextB": "[b:당신: 작은 부대를 보내 끝장을 낸다.]",
    "CultOnBoard3_LastGasp_Choice2_MenuTextB": "[b:당신: 많은 부대를 보내 끝장을 낸다.]",
    "DamageSpreading_Intro1_Text": "도미누스 루네테: 공지: 이 시설이 수리를 기다리는데 너무 오래 걸립니다. 칙령함의 안전에 위협이 됩니다!",
    "DamageSpreading_Choice0_MenuText": "서비터를 보내 위험을 감시한다.",
    "DamageSpreading_Choice1_MenuText": "이 수리는 기다려도 된다.",
    "DamageSpreading_Choice2_MenuText": "당장 수리를 시작한다!",
    "DamageSpreading_StillUnresolved_Choice1_MenuText": "이 수리는 기다려도 된다.",
    "DamageSpreading_Choice_0_Script01_Text": "도미누스 루네테: 알겠음: 향후 해결책 필요합니다.",
    "DamageSpreading_Choice_2_Script01_Text": "도미누스 루네테: 감사함: 칙령함이 감사할 것입니다.",
    "DamageSpreading_Choice0_MenuTextB": "[b:당신: 서비터를 보내 위험을 감시한다.]",
    "DamageSpreading_Choice1_MenuTextB": "[b:당신: 이 수리는 기다려도 된다.]",
    "DamageSpreading_Choice2_MenuTextB": "[b:당신: 당장 수리를 시작한다!]",
    "DamageSpreading_StillUnresolved_Choice_0_Script01_Text": "도미누스 루네테: 서비터 배치는 제한적입니다. 향후 심각한 위험이 있을 수 있습니다.",
    "DamageSpreading_StillUnresolved_Choice_1_Script01_Text": "도미누스 루네테: 최적의 성능 보장할 수 없습니다. 위험 일정 가속됩니다.",
    "DamageSpreading_StillUnresolved_Choice_2_Script01_Text": "도미누스 루네테: 알겠음: 칙령함의 시설 수리에 최대한 집중하겠습니다.",
    "DamageSpreading_StillUnresolved_Choice0_MenuTextB": "[b:당신: 서비터를 보내 위험을 감시한다.]",
    "DamageSpreading_StillUnresolved_Choice1_MenuTextB": "[b:당신: 이 수리는 기다려도 된다.]",
    "DayOfSanctification_Intro1_Text": "엑타르 형제: 사령관 명상의 날이 다가오고 있습니다...",
    "DayOfSanctification_Intro2_Text": "이단심문관 바키르: 뭘 할 건가요 엑타르? ",
    "DayOfSanctification_Choice0_MenuText": "우린 시간을 낭비할 여유가 없다.",
    "DayOfSanctification_Choice1_MenuText": "연회를 열어 황제께 영광을 올리는걸로 대신한다!",
    "DayOfSanctification_Choice2_MenuText": "전통은 지켜야만 한다.",
    "DayOfSanctification_Choice_0_Script01_Text": "엑타르 형제: 어쩌면 그 말이 맞을지도 모릅니다 사령관…",
    "DayOfSanctification_Choice_1_Script01_Text": "엑타르 형제: 연회?! 사령관 말씀이시니 듣도록 하겠습니다.",
    "DayOfSanctification_Choice_2_Script01_Text": "엑타르 형제: 좋습니다, 준비를 하겠습니다!",
    "DayOfSanctification_Choice0_MenuTextB": "[b:당신: 우린 시간을 낭비할 여유가 없다.]",
    "DayOfSanctification_Choice1_MenuTextB": "[b:당신: 연회를 열어 황제께 영광을 올리는걸로 대신한다!]",
    "DayOfSanctification_Choice2_MenuTextB": "[b:당신: 전통은 지켜야만 한다.]",
    "SurgicalProblems_Choice1_MenuText": "그에게 황제의 안식을 선사한다.",
    "SurgicalProblems_Choice1_MenuTextB": "[b:당신: 그에게 황제의 안식을 선사한다.]",
    "SurgicalProblems_Arrival_Choice2_MenuText": "그들이 도착할 때까지 기다린다.",
    "WarpStormDisturbanceA_Arrival_Choice_2_Script01_Text": "엑타르 형제: 바로 출발하겠습니다 사령관!",
    "CultOnBoard1_Choice0_Script01_Text": "엑타르 형제: 배신자들을 무슨 수를 써서든 찾겠습니다!",
    "BattleScars_Choice0_MenuText": "위험한 의료 절차를 시행한다.",
    "SurgicalProblems_Choice0_MenuText": "위험한 의료 절차를 시행한다.",
    "SurgicalProblems_Arrival_Choice1_MenuText": "그에게 황제의 안식을 선사한다.",
    "BattleScars_Choice1_MenuText": "그가 회복할 것이라는 믿음을 가진다",
    "ASecretTome_Choice2_MenuText": "바키르에게 책을 준다.",
    "ASecretTome_Intro1_Text": "이단심문관 바키르: 사령관께서 절 도울 수 있을거 같네요. 최근 기록보관소에 책을 하나 요청했습니다. 불안함에 대한 논문과 그랜드 마스터 콜브룬의 숨겨진 예술품인데...",
    "ASecretTome_Intro3_Text": "이단심문관 바키르: 이 전사가 연구에 대해 뭘 알고 있습니까?! 내가 블룸과 싸우길 원하는 건가요 아닌가요?",
    "ASecretTome_Choice_1_Script01_Text": "이단심문관 바키르: 좋아요 어디 비밀을 맘대로 지켜보시죠! 다른 행성에 블룸이 퍼졌을 때 저들이 얼마나 편할지 보겠습니다!",
    "BattleScars_Intro1_Text": "엑타르 형제: 사령관, 부상을 입은 형제의 상태가 심각해졌습니다. 아포세카리온은 그의 진시드를 채취하는 것 밖에 방법이 없다고 합니다.",
    "BattleScars_Choice0_Script02A_Text": "아포세카리들의 특별한 노력에도 불구하고 {knight:0}는 회복하지 못했고 그가 원했던 대로 영광스러운 죽음을 맞이했습니다.",
    "BattleScars_Choice2_Script02_Text": "엑타르 형제: 그의 이름은 챔피언의 전당에 기록될 것입니다.",
    "SurgicalProblems_Choice0_MenuTextB": "[b:당신: 위험한 의료 절차를 시행한다.]",
    "SurgicalProblems_Arrival_Choice1_MenuTextB": "[b:당신: 그에게 황제의 안식을 선사한다.]",
    "BattleScars_Choice2_MenuTextB": "[b:당신: 황제의 안식을 안겨준다.]",
    "BuriedTreasure_Intro1_Text": "도미누스 루네테: 갱신: 서비터들이 하부 갑판에서 분류되지 않은 유물을 발견했습니다. 이 무기는 타이탄의 병기고에 보내서 분석해야 합니다.",
    "BuriedTreasure_Choice0_Script02_Text": "엑타르 형제: 우리 형제들은 환영할 것입니다. 곧 알게 되실겁니다 사령관!",
    "BuriedTreasure_Choice2_MenuTextB": "[b:당신: 타이탄에 보낸다.]",
    "CultOnBoard1_Intro3_Text": "도미누스 루네테: 분석중...\n중요 센서가 폭발 장소 주변에 간섭을 발견했습니다.",
    "CultOnBoard1_Intro5_Text": "이단심문관 바키르: 당신 형제들은 혐의가 없겠지만 칙령함은 수천의 농노와 선원들의 집이에요…",
    "CultOnBoard1_Intro7_Text": "이단심문관 바키르: 뭐라고? 그건 제 씨앗이에요! 사령관 당신 선원들에게는 면죄권이 없으니 당장 정의를 보여야해요!",
    "CultOnBoard1_Intro10_Text": "엑타르 형제: 그건 시간이 필요합니다. 기사들을 파견해 즉시 조사할 수 있습니다.",
    "CultOnBoard1_Choice3_Script03_Text": "칙령함의 모든 인간과 서비터 선원이 제거되었습니다. 인근 행성에서 징병되는데 시간이 필요합니다.",
    "CultOnBoard1_Choice0_MenuTextB": "[b:당신: 기사를 보내 조사한다.]",
    "CultOnBoard1_Choice1_MenuTextB": "[b:당신: 감시 시스템을 업그레이드한다.]",
    "CultOnBoard2_Choice0_MenuTextB": "[b:당신: 선원과 서비터를 모조리 제거한다.]",
    "CultOnBoard2_Intro1_Text": "이단심문관 바키르: 사령관 이 역병 컬트의 영향은 예상보다 더 거대합니다. 내 스파이들에 의하면 중대 모임에서 이 반역에 대한 연설을 공공 장소에서 할-",
    "CultOnBoard1_Choice3_Script01_Text": "도미누스 루네테: 받아들임: 학살 의례 진행합니다.",
    "CultOnBoard2_Choice0_Script02_Text": "칙령함의 모든 인간과 서비터 선원이 제거되었습니다. 인근 행성에서 징병되는데 시간이 필요합니다.",
    "CultOnBoard2_Intro3_Text": "이단심문관 바키르: 그건 피상적인 일이지 원인이 아니에요 엑타르. 제가 잡임해 지도자의 기억을 지워서 모든 컬트 인원들이 스스로 쓸려나가게 할테니 저에게 맡겨두세요!",
    "CultOnBoard2_Choice2_Script02_Text": "바키르는 컬트의 지도자 몇명을 발견되거나 심각한 부상을 입기 전 기억을 지웠습니다. 무사히 빠져나왔지만 문제는 해결되지 않았습니다.",
    "CultOnBoard3_OutOfControl_Intro1_Text": "도미누스 루네테: 비상: 다수의 폭발이 감지됩니다. 심각한 피해 보고됩니다! ",
    "CultOnBoard3_OutOfControl_Intro2_Text": "이단심문관 바키르: 이건 뻔뻔한 일이군요 사령관! 컬트가 우리의 엉성한 진압으로 더 자신감을 보이는 것 같습니다.",
    "CultOnBoard3_OutOfControl_Intro3_Text": "엑타르 형제: 동의합니다. 얼마나 많은 형제가 필요할지 말해주면 하부 갑판에 숨은 놈들을 하나하나 제거하겠습니다.",
    "CultOnBoard3_LastGasp_Intro4_Text": "도미누스 루네테: 대안: 리브리스 말레우스에 보관된 블룸 씨앗에 접근하기 위한, 다수의 불법적 시도가 있었습니다. 컬트를 함정으로 끌어들이기 위해 이를 활용할 수 있습니다.",
    "CultOnBoard3_OutOfControl_Intro5_Text": "이단심문관 바키르: 수작을 부릴 때가 아니다 도미누스, 이 저항을 무자비하게 진압하지 않으면 칙령함을 잃을겁니다!",
    "CultOnBoard3_LastGasp_Intro5_Text": "이단심문관 바키르: 수작을 부릴 때가 아니다 도미누스, 이 저항을 무자비하게 진압하지 않으면 칙령함을 잃을겁니다!",
    "CultOnBoard3_OutOfControl_Choice1_Script01_Text": "엑타르 형제: 알겠습니다. 더이상 전선의 부대원을 잃을 수는 없을테니 말입니다. 소수의 그레이 나이트면 충분할 것입니다.",
    "CultOnBoard3_LastGasp_Choice1_Script01_Text": "엑타르 형제: 알겠습니다. 더이상 전선의 부대원을 잃을 수는 없을테니 말입니다. 소수의 그레이 나이트면 충분할 것입니다.",
    "CultOnBoard3_LastGasp_Intro2_Text": "이단심문관 바키르: 우리의 노력에도 불구하고 이 컬트는 끈질기군요. 신속하고 무자비함으로 답해줘야합니다.",
    "CultOnBoard3_LastGasp_Intro3_Text": "엑타르 형제: 동의합니다. 전 다수의 전투 형제들을 보내 하부 갑판에서 처리를 추천드립니다. 작은 부대도 임무를 완수하겠지만 이 이단을 쓸어버리는데 더 시간이 걸릴겁니다.",
    "DamageSpreading_StillUnresolved_Choice0_MenuText": "서비터를 보내 위험을 감시한다.",
    "DamageSpreading_StillUnresolved_Choice2_MenuText": "당장 수리를 시작한다!",
    "DamageSpreading_Choice_1_Script01_Text": "도미누스 루네테: 심각한 위험요소가 남아있습니다. 사령관에게는 이미 경고를 했습니다.",
    "DamageSpreading_StillUnresolved_Intro1_Text": "도미누스 루네테: 경고: 칙령함이 모욕을 받고 있습니다! 이 시설을 수리하지 않아 위험해지는 중입니다!",
    "DamageSpreading_StillUnresolved_Choice2_MenuTextB": "[b:당신: 당장 수리를 시작한다!]",
    "DayOfSanctification_Intro3_Text": "엑타르 형제: 금욕 명상은 영혼을 강하게 합니다 이단심문관. 이 전통은 이전 사령관인 아그라베인께서 지키신-",
    "DayOfSanctification_Intro4_Text": "이단심문관 바키르: 그... 제가 들은게 맞나요? 즉 쉬겠다는 소리 아닌가요?!",
    "DayOfSanctification_Choice_0_Script02_Text": "이단심문관 바키르: 당연히 맞죠! 옥좌시여, 여기 있는 모든 사람들이 미친게 아닌가 생각했습니다.",
    "DayOfSanctification_Choice_1_Script02_Text": "이단심문관 바키르: (빙긋) 후회하는 기색인걸요 퓨리파이어?",
    "DeepDamage_Arrival_Intro3_Text": "도미누스 루네테: 거부: 그 무엇도 옴니시아의 권위를 침범할 수 없습니다. 당신의 의견은 소용이 없을 것이며, 오히려 역효과를 불러올 것입니다!",
    "DeepDamage_Arrival_Intro2_Text": "이단심문관 바키르: 우리 임무가 무엇보다 중요해! 어쩌면... 내가 교섭할 수 있을거 같군.",
    "DeepDamage_Arrival_Intro4_Text": "이단심문관 바키르: 내가 장담하지 테크 프리스트. 난 매우... 설득력있는 사람이야.",
    "DeepDamage_Arrival_Choice0_MenuText": "이단심문관 바키르를 '교섭' 위해 보낸다.",
    "DeepDamage_Arrival_Choice1_MenuText": "우리가 스스로 수리해본다.",
    "DeepDamage_Arrival_Choice2_MenuText": "서비터를 뇌물로 준다.",
    "DeepDamage_Arrival_Choice3_MenuText": "우리 차례까지 기다린다.",
    "DeepDamage_Choice_0_Script01_Text": "이단심문관 바키르: 최고의 선택입니다. 이 상황을 곧바로 바로 잡아드리죠!",
    "DeepDamage_Arrival_Intro1_Text": "도미누스 루네테: 갱신: 고위 엔진시어의 보고에 따르면 제조공장 점검 절차로 우리의 수리가 상당히 지체될 것입니다.",
    "DeepDamage_Choice_0_Script02_Text": "아뎁투스 메카니쿠스의 대표는 바키르의 교섭 전략에 짜증을 내서, 향후 함선의 도킹 승인을 거부하였습니다.",
    "DeepDamage_Choice_1_Script01_Text": "도미누스 루네테: 차선책 명령임. 따르는 것 매우 꺼려짐.",
    "DeepDamage_Choice_2_Script01_Text": "도미누스 루네테: 특이하지만 전례가 없는 건 아님. 제안 송신중…",
    "DeepDamage_Choice_3_Script01_Text": "도미누스 루네테: 의견 일치: 아뎁투스 메카니쿠스의 지시를 준수하는 것이 상책임.",
    "DeepDamage_Arrival_Choice0_MenuTextB": "[b:당신: 이단심문관 바키르를 '교섭'을 위해 보낸다.]",
    "DeepDamage_Arrival_Choice1_MenuTextB": "[b:당신: 우리가 스스로 수리해본다.]",
    "DeepDamage_Arrival_Choice2_MenuTextB": "[b:당신: 서비터를 뇌물로 준다.]",
    "DeepDamage_Arrival_Choice3_MenuTextB": "[b:당신: 우리 차례까지 기다린다.]",
    "FirstReaperKilled_Choice0_MenuText": "깃발을 요청한다.",
    "FirstReaperKilled_Choice1_MenuText": "갑옷을 요청한다.",
    "FirstReaperKilled_Choice2_MenuText": "원거리 무기를 요청한다.",
    "FirstReaperKilled_Choice3_MenuText": "근접 무기를 요청한다.",
    "FirstReaperKilled_Choice_0_Script01_Text": "엑타르 형제: 사치스러울지는 모르지만 우리 형제들의 영혼을 강화해줄 것입니다! ",
    "FirstReaperKilled_Choice_1_Script01_Text": "엑타르 형제: 최고의 저스티카가 입었던 물건입니다!",
    "FirstReaperKilled_Choice_2_Script01_Text": "엑타르 형제: 타이탄의 금고에서 나온 무기입니다!",
    "FirstReaperKilled_Choice_3_Script01_Text": "엑타르 형제: 강력한 전설의 검입니다!",
    "FirstReaperKilled_Choice0_MenuTextB": "[b:당신: 깃발을 요청한다.]",
    "FirstReaperKilled_Choice3_MenuTextB": "[b:당신: 근접 무기를 요청한다.]",
    "GellerpoxInfection_Intro2_Text": "엑타르 형제: 겔러폭스? 블룸의 새로운 변이인가?",
    "GellerpoxInfection_Intro4_Text": "엑타르 형제: 함선 전체를 정화하기 전까지는 작전을 잠시 중단하는 것이 현명한 처사이지 않겠나? 함선 전체 시스템의 감염은 우리의 작전 진행에 심각한 걸림돌이 될 수도 있어!",
    "GellerpoxInfection_Intro5_Text": "이단심문관 바키르: 퓨리파이어. 죄송합니다만... 블룸이 아무런 방해도 받지 않은 채 확산되고 있는 상황에서, 그저 손을 놓고 가만히 있을 여유는 없습니다.",
    "GellerpoxInfection_Choice0_MenuText": "서비터를 제거하고 계속 움직인다.",
    "GellerpoxInfection_Choice1_MenuText": "함선 전체를 정화한다!",
    "GellerpoxInfection_Choice2_MenuText": "증강실을 해체한다.",
    "GlitchlingInfestation_Minor_Intro3_Text": "이단심문관 바키르: 글리칠링?",
    "GlitchlingInfestation_Minor_Intro1_Text": "도미누스 루네테: 치명적 경고! 함포 오작동 중! 글리칠링 감염 증거 확인됐습니다!",
    "GlitchlingInfestation_Minor_Intro2_Text": "엑타르 형제: 경보를 울리게!",
    "GlitchlingInfestation_Minor_Intro7_Text": "도미누스 루네테: 불가능: 모든 서비터들이 추적 섬멸 프로토콜로 전환될 것입니다!",
    "GlitchlingInfestation_Minor_Choice0_MenuText": "프로메튬으로 함선을 정화한다.",
    "GlitchlingInfestation_Major_Intro3_Text": "이단심문관 바키르: 글리칠링?",
    "GlitchlingInfestation_Major_Intro1_Text": "도미누스 루네테: 치명적 경고! 함포 오작동 중! 글리칠링 감염 증거 확인됐습니다!",
    "GlitchlingInfestation_Major_Intro2_Text": "엑타르 형제: 경보를 울리게!",
    "GlitchlingInfestation_Major_Intro7_Text": "도미누스 루네테: 비효율적: 서비터가 훨씬 효율적임.",
    "GlitchlingInfestation_Major_Choice0_MenuText": "프로메튬으로 함선을 정화한다.",
    "GlitchlingInfestation_Major_Choice1_MenuText": "루네테가 상대하게 한다.",
    "GlitchlingInfestation_Minor_Choice1_MenuText": "루네테가 상대하게 한다.",
    "GlitchlingInfestation_Minor_Choice2_MenuText": "기사들을 배치해 글리칠링을 사냥한다.",
    "GlitchlingInfestation_Minor_Choice_0_Script01_Text": "도미누스 루네테: 위험 평가: 최악. 대체 추천.",
    "GlitchlingInfestation_Minor_Choice_1_Script01_Text": "도미누스 루네테: 따르겠음: 서비터를 재측정해 영향을 받은 장소를 샅샅이 뒤지겠습니다.",
    "GlitchlingInfestation_Minor_Choice_2_Script01_Text": "엑타르 형제: 알겠습니다. 우리 형제들이 이 기생충들을 처리하는걸 도울 수 있을 겁니다!",
    "GlitchlingInfestation_Minor_Intro5_Text": "이단심문관 바키르: 어떻게 싸워야 하죠?",
    "GlitchlingInfestation_Major_Intro4_Text": "엑타르 형제: 또다른 너글의 위협입니다! 우리 기계를 오염시키기 위해 존재하죠.",
    "GlitchlingInfestation_Major_Intro5_Text": "이단심문관 바키르: 어떻게 싸워야 하죠?",
    "GlitchlingInfestation_Minor_Intro4_Text": "엑타르 형제: 또다른 너글의 위협입니다! 우리 기계를 오염시키기 위해 존재하죠.",
    "DeepDamage_Choice_1_Script02_Text": "테크 프리스트의 이전 경고 무시됨: 제한된 자원으로 수리를 시도하던 도중, 예상치 못한 플라즈마 화재가 발생하여 칙령함에 내부에 심각한 피해를 초래했습니다!",
    "DeepDamage_Choice_2_Script02_Text": "도미누스 루네테: 거래 허가됨. 새로운 수리 우선권은 1-알파임.",
    "FirstReaperKilled_Intro1_Text": "그랜드 마스터 카이: 수확자들 중 하나를 물질계에서 추방했다는 소식을 들었네! 워프의 존재를 상대로 거둔, 사령관의 첫 승리는 특별 포상의 충분한 근거가 되지. 자네의 현재 상황을 고려하여, 자네가 병기고의 물자 하나를 제약 조건 없이 요청할 수 있도록 허가해주겠네.",
    "FirstReaperKilled_Choice1_MenuTextB": "[b:당신: 갑옷을 요청한다.]",
    "FirstReaperKilled_Choice2_MenuTextB": "[b:당신: 원거리 무기를 요청한다.]",
    "GellerpoxInfection_Intro1_Text": "도미누스 루네테: 경고: 서비터 3기가 겔러폭스에 감염됐습니다. 격리 프로토콜이 진행됐으나 접촉 근원지는 알 수 없습니다.\n",
    "GlitchlingInfestation_Minor_Intro6_Text": "엑타르 형제: 사라질 때까지 모조리 사냥합니다! 전장에서는 그런 것들 따위 무리가 와도 그레이 나이트에게는 상대가 안됩니다. 칙령함의 좁은 장소에 끝없이 숨어드니 문제이지…",
    "GlitchlingInfestation_Major_Intro6_Text": "엑타르 형제: 사라질 때까지 모조리 사냥합니다! 전장에서는 그런 것들 따위 무리가 와도 그레이 나이트에게는 상대가 안 됩니다. 하지만 그놈들을 찾아내는 것은 다른 문제이긴 합니다만…",
    "GlitchlingInfestation_Major_Choice2_MenuText": "기사들을 배치해 글리칠링을 사냥한다.",
    "GellerpoxInfection_Intro3_Text": "도미누스 루네테: 부정: 일반적으로 장기간의 워프 항행 과정에서 겔러 필드의 워프 감염이 발생합니다. 해당 유닛의 완전 분해와 세척을 추천드립니다.\n",
    "GlitchlingInfestation_Minor_Choice_0_Script02_Text": "엑타르 형제: 명령을 들었을텐데 도미누스! 우리는 그 기생충을 가볍게 생각해선 안돼.",
    "GellerpoxInfection_Choice_0_Script01_Text": "도미누스 루네테: 우려: 제한된 격리 의례는 불충분할 수 있습니다.",
    "GellerpoxInfection_Choice_0_Script02_Text": "이단심문관 바키르: 옴니시아에게 기도나 하도록... 우린 서둘러야한다!",
    "GellerpoxInfection_Choice_1_Script01_Text": "엑타르 형제: 함선에 이 독의 마지막 흔적이 정화될 때까지 쉬지 않겠습니다.",
    "GellerpoxInfection_Choice_2_Script01_Text": "도미누스 루네테: 따르겠음: 증강실은 분해 후 정화할 것입니다.",
    "GellerpoxInfection_Choice0_MenuTextB": "[b:당신: 서비터를 제거하고 계속 움직인다.]",
    "GellerpoxInfection_Choice1_MenuTextB": "[b:당신: 함선 전체를 정화한다!]",
    "GellerpoxInfection_Choice2_MenuTextB": "[b:당신: 증강실을 해체한다.]",
    "GlitchlingInfestation_Minor_Choice0_MenuTextB": "[b:당신: 프로메튬으로 함선을 정화한다.]",
    "GlitchlingInfestation_Minor_Choice1_MenuTextB": "[b:당신: 루네테가 상대하게 한다.]",
    "GlitchlingInfestation_Minor_Choice2_MenuTextB": "[b:당신: 기사들을 배치해 글리칠링을 사냥한다.]",
    "GlitchlingInfestation_Major_Choice_0_Script02_Text": "엑타르 형제: 명령을 들었을텐데 도미누스! 우리는 그 기생충을 가볍게 생각해선 안돼.",
    "GlitchlingInfestation_Major_Choice_2_Script01_Text": "엑타르 형제: 알겠습니다. 우리 형제들이 이 기생충들을 처리하는걸 도울 수 있을 겁니다!",
    "GlitchlingInfestation_Major_Choice0_MenuTextB": "[b:당신: 프로메튬으로 함선을 정화한다.]",
    "GlitchlingInfestation_Major_Choice1_MenuTextB": "[b:당신: 루네테가 상대하게 한다.]",
    "GlitchlingInfestation_Major_Choice2_MenuTextB": "[b:당신: 기사들을 배치해 글리칠링을 사냥한다.]",
    "GrimoireNeeded_Intro1_Text": "이단심문관 바키르: 사령관 제가 최근 연구에서... 장애물... 을 만난 상태입니다. 근방의 이단심문소 시설에 쓸만한 마도서가 있어서 그걸 위해 약간 우회했으면 합니다.",
    "GrimoireNeeded_Intro3_Text": "이단심문관 바키르: 난 실수 따위 하지 않는다 테크 프리스트! 사령관 그 책을 찾는 건 긴 여정이 아닐겁니다.\n",
    "GrimoireNeeded_Choice0_MenuText": "서비터를 변경해 기록보관소를 스캔한다.",
    "GrimoireNeeded_Choice1_MenuText": "이 연구를 포기한다.",
    "GrimoireNeeded_Choice2_MenuText": "시설로 향한다.",
    "GrimoireNeeded_Choice_0_Script01_Text": "도미누스 루네테: 확인: 잠시 서비터를 변경하겠습니다…",
    "GrimoireNeeded_Choice_0_Script04_Text": "이단심문관 바키르: ...그...런거 같군.",
    "GrimoireNeeded_Choice_1_Script01_Text": "도미누스 루네테: 의견 일치: 연구 종료를 위한 최고의 효율 달성.",
    "GrimoireNeeded_Choice_1_Script02_Text": "이단심문관 바키르: 내 소중한 시간의 최고의 낭비를 만들었겠죠 사령관!",
    "GrimoireNeeded_Choice_2_Script01_Text": "이단심문관 바키르: 좋습니다. 아스트로패스에게 목적지를 말하도록 하겠어요.",
    "GrimoireNeeded_Choice0_MenuTextB": "[b:당신: 서비터를 변경해 기록보관소를 스캔한다.]",
    "GrimoireNeeded_Choice1_MenuTextB": "[b:당신: 이 연구를 포기한다.]",
    "GrimoireNeeded_Arrival_Choice1_MenuText": "이 연구를 포기한다.",
    "GrimoireNeeded_Arrival_Intro2_Text": "엑타르 형제: 그레이 나이트는 그런 사소한 일을 위해 있는게 아닙니다!",
    "GrimoireNeeded_Arrival_Intro4_Text": "엑타르 형제: 정신이 나갔습니까 이단심문관? 우린 그런 권한이 없어요!",
    "GrimoireNeeded_Arrival_Choice0_MenuText": "카이의 권한으로 책을 요구한다.",
    "GrimoireNeeded_Arrival_Choice2_MenuText": "소대를 보내준다.",
    "GrimoireNeeded_Arrival_Choice_0_Script01_Text": "이단심문관 바키르: 좋아요. 그들은 책을 바로 내줄겁니다!",
    "GrimoireNeeded_Arrival_Choice_1_Script01_Text": "엑타르 형제: 동의합니다. 더한 이단심문관의 간섭은 필요 없습니다.",
    "GrimoireNeeded_Arrival_Choice_1_Script02_Text": "이단심문관 바키르: 이건 제 소중한 시간의 낭비에요 사령관!",
    "GrimoireNeeded_Arrival_Choice0_MenuTextB": "[b:당신: 카이의 권한으로 책을 요구한다.]",
    "GrimoireNeeded_Arrival_Choice2_MenuTextB": "[b:당신: 소대를 보내준다.]",
    "KadexCaptured_Intro2_Text": "그랜드 마스터 카이: 이 생각의 주동자가 누군진 알겠으나 그런 강력한 악마를 감금해 두는 건 어떤 필멸자도 책임질 수 없는 일일세. 그 데몬 프린스를 잘 감금해둔다는 확신이 필요하네.",
    "KadexCaptured_Choice0_MenuText": "구두로 약속을 한다.",
    "KadexCaptured_Choice1_MenuText": "정규 감시자를 둘 것이다.",
    "KadexCaptured_Choice2_MenuText": "엑타르가 지역을 보호할 것이다.",
    "KadexCaptured_Choice_0_Script01_Text": "이단심문관 바키르: 악마는 제 관리하에 안전할 것입니다!",
    "KadexCaptured_Choice_0_Script02_Text": "엑타르 형제: 그런 약속은 그랜드 마스터를 안심시킬 수 없습니다. 그의 지원을 잃지 않기 위해 신경을 써야합니다!",
    "KadexCaptured_Choice_1_Script01_Text": "엑타르 형제: 현명한 선택입니다 사령관.",
    "KadexCaptured_Choice0_MenuTextB": "[b:당신: 구두로 약속을 한다.]",
    "KadexCaptured_Choice1_MenuTextB": "[b:당신: 정규 감시자를 둘 것이다.]",
    "SurgicalProblems_Choice2_MenuText": "시설의 좌표로 설정한다.",
    "SurgicalProblems_Arrival_Choice0_MenuText": "그들을 매수할 수 있을지 확인한다.",
    "TooManySeeds_Choice_1_MenuText": "씨앗을 희생하는걸 거절한다.",
    "TooManySeeds_Choice_2_MenuText": "몇개의 씨앗을 파괴한다.",
    "WarpStormDisturbanceA_Arrival_Choice_0_Script02_Text": "잠시 후, 그랜드 마스터 카이는 마지못해 허가를 해줬고익스터미나투스 명령을 내려 안전한 거리에서 둥지가 파괴되었습니다.",
    "TooManySeeds_Choice_0_MenuTextB": "[b:당신: 모든 씨앗을 파괴한다.]",
    "TooManySeeds_Choice_1_MenuTextB": "[b:당신: 씨앗을 희생하는걸 거절한다.]",
    "TooManySeeds_Choice_2_MenuTextB": "[b:당신: 몇개의 씨앗을 파괴한다.]",
    "WarpStormDisturbanceA_Arrival_Intro1_Text": "엑타르 형제: 이 더러운 이단은 뭐요?",
    "WarpStormDisturbanceA_Arrival_Intro2_Text": "이단심문관 바키르: 아주 큰... 탑이로군요... 행성 궤도까지 화장된 것 같습니다. 뭘로 만들어져있지?",
    "WarpStormDisturbanceA_Arrival_Intro7_Text": "엑타르 형제: 우리가 여기서 상대할 것이 무엇인지 정확히 알지 못합니다 사령관. 이 상황에서는, 긴급 익스터미나투스를 허가받기 위해 그랜드 마스터 카이님께 연락을 취해볼 수 있을 겁니다.",
    "WarpStormDisturbanceB_Arrival_Choice_1_Script02_Text": "엑타르:와 소대는 악마적 침입자들을 격퇴하며 이 소란의 근원지를 찾았습니다: 잃어버린 유물이 블룸에 힘을 주고 있었습니다. 엑타르는 유물을 정화해 기사들이 쓸 수 있을거라고 생각했습니다.",
    "GlitchlingInfestation_Major_Choice_0_Script01_Text": "도미누스 루네테: 위험 평가: 최악. 대체 추천.",
    "GlitchlingInfestation_Major_Choice_1_Script01_Text": "도미누스 루네테: 따르겠음: 서비터를 재측정해 영향을 받은 장소를 샅샅이 뒤지겠습니다.",
    "GlitchlingInfestation_Major_Choice_1_Script02_Text": "루네테는 효율적으로 글리칠링을 함포 갑판에서 치웠습니다. 하지만 예상보다 극심했던 감염 탓에 루네테가 임무를 마치기 전에 해충 무리들에게 압도당했습니다.",
    "GrimoireNeeded_Intro2_Text": "도미누스 루네테: 대안: 서비터를 변경해 더 철저한 스캔으로 기록보관소에 관련 정보를 확인해줄 수 있습니다. 이단심문관은 인간이니 실수가 있을 수 있습니다.\n",
    "GrimoireNeeded_Choice_0_Script02_Text": "이단심문관 바키르: 사령관 서비터는 그런 대단히 복잡한 걸 분석할 능력이--",
    "GrimoireNeeded_Choice_0_Script03_Text": "도미누스 루네테: 갱신: 기록 보관소 703,245,13에 연구 관련 정보 확인됩니다. 제 서비터가 책을 꺼내 정독할 수 있게 준비했습니다. 이걸로 연구에 진행이 가능합니까?",
    "GrimoireNeeded_Choice2_MenuTextB": "[b:당신: 시설로 향한다.]",
    "GrimoireNeeded_Arrival_Choice1_MenuTextB": "[b:당신: 이 연구를 포기한다.]",
    "GrimoireNeeded_Arrival_Intro1_Text": "이단심문관 바키르: 동료를 만나보니 생각대로 되지 않았어요. 그들이 말하길 마도서 교환을 위해서는 지역 반란 처리를 도와달라고 합니다.",
    "GrimoireNeeded_Arrival_Intro3_Text": "이단심문관 바키르: 그럼 이단심문소가 따를 수 밖에 없도록 그랜드 마스터의 권한으로 교섭하게 보내주세요.",
    "GrimoireNeeded_Arrival_Choice_0_Script02_Text": "엑타르 형제: 감수할 필요가 없는 위험입니다 사령관. 그랜드 마스터가 모르길 바라겠습니다!",
    "GrimoireNeeded_Arrival_Choice_2_Script01_Text": "엑타르 형제: 알겠습니다. 이단심문관의 불평을 막을 수 있다면 하도록 하겠습니다.",
    "KadexCaptured_Intro1_Text": "그랜드 마스터 카이: 데몬 프린스를 칙령함에 숨겨두고 있다는게 사실인가?! 이 특수한 임무에서도 정상이라고는 볼 수 없는 일일세. 그래 무언가 긴급한 사태가 있었겠지. 자네 의지는 믿고 있으나 잘못된 결과에 대해서는 책임을 져야 할걸세",
    "KadexCaptured_Choice_2_Script01_Text": "엑타르 형제: 그 더러운 짐승은 제가 감시하는 동안에는 눈 하나 깜짝 못할 겁니다!",
    "KadexCaptured_Choice2_MenuTextB": "[b:당신: 엑타르가 지역을 보호할 것이다.]",
    "TooManySeeds_Choice_0_MenuText": "모든 씨앗을 파괴한다.",
    "KnockedOffCourse_Regular_Intro2_Text": "엑타르 형제: 위험 분석은 어떻지?",
    "KnockedOffCourse_Regular_Intro3_Text": "도미누스 루네테: 분석 시간 부족으로 정확한 분석 불가. 충격 임박!",
    "KnockedOffCourse_Regular_Intro4_Text": "이단심문관 바키르: 제가 함선을 보호하겠습니다, 사령관! 고대의 책에서 워프의 격변에 관한 주제를 읽었습니다.",
    "KnockedOffCourse_Regular_Choice2_MenuText": "항로를 유지한다.",
    "KnockedOffCourse_Regular_Choice3_MenuText": "당장 가속한다!",
    "KnockedOffCourse_Regular_Arrival_Choice_0_Script01_Text": "도미누스 루네테: 확인: 겔러필드 최대 충전.",
    "KnockedOffCourse_Regular_Arrival_Choice_0_Script03_Text": "칙령함은 어떤 문제도 없이 통과했습니다.",
    "Shortcut_Choice2_MenuText": "폭풍을 뚫고 간다.",
    "Shortcut_Choice3_MenuText": "워프 스톰을 피한다.",
    "Shortcut_Choice1_MenuText": "폭풍을 가로지르는 길을 바키르가 안내하게 한다.",
    "Shortcut_Choice0_MenuText": "철수한다.",
    "KnockedOffCourse_Regular_Intro1_Text": "도미누스 루네테: 비상: 근접한 워프의 흐름이 불안정합니다! 즉시 급속도의 가속을 추천하며 그러지 않을시 칙령함의 좌표가 방해 받을 것입니다. ",
    "KnockedOffCourse_Regular_Intro5_Text": "엑타르 형제: 이단적인 건 안됩니다! 이 정도 수준의 워프에 간섭하는 건 무모하고 칙령함은 강한 함선이니 타고 넘을 수 있습니다. ",
    "KnockedOffCourse_Regular_Arrival_Choice_1_Script01_Text": "엑타르 형제: 사령관 우린 그런 공인되지 않은 마술 같은 것을 믿을 수는 없--",
    "KnockedOffCourse_Regular_Arrival_Choice_1_Script02_Text": "이단심문관 바키르: 조용히 하세요 퓨리파이어! 바로 시작하겠습니다 사령관.",
    "KnockedOffCourse_Regular_Arrival_Choice_1_Script03_Text": "바키르는 격변하는 구역을 통과하는 동안 칙령함을 보호했지만 예언의 전당을 강타한 사이킥 역류로 부상을 입고 말았습니다.",
    "KnockedOffCourse_Regular_Arrival_Choice_2_Script02_Text": "도미누스 루네테: 갱신: 칙령함은 약간의 피해를 입고 조금 다른 좌표로 이동됐습니다.",
    "KnockedOffCourse_Regular_Arrival_Choice_3_Script01_Text": "도미누스 루네테: 기계신께 모든 기도를 드리라.",
    "KnockedOffCourse_Regular_Choice2_MenuTextB": "[b:당신: 항로를 유지한다.]",
    "KnockedOffCourse_Regular_Choice3_MenuTextB": "[b:당신: 당장 가속한다!]",
    "InsufficientGlory_Choice_1_MenuText": "블룸이 우선되어야 한다.",
    "InsufficientGlory_Choice_2_MenuText": "우리 스스로 증명해야한다!",
    "InsufficientGlory_Choice_1_Script01_Text": "이단심문관 바키르: 그러겠죠, 우린 그런 걸 할 시간은 없지만요!",
    "InsufficientGlory_Choice_1_Script02_Text": "엑타르 형제: 사령관 그랜드 마스터의 요청은 그리 가볍게 묵살해선 안됩니다...",
    "InsufficientGlory_Choice_0_MenuTextB": "[b:당신: 모두 함께 나설 것이다!]",
    "InsufficientGlory_Choice_1_MenuTextB": "[b:당신: 블룸이 우선되어야 한다.]",
    "InsufficientGlory_Choice_2_MenuTextB": "[b:당신: 우리 스스로 증명해야한다!]",
    "LibrisMalleusMalfunction_Intro3_Text": "이단심문관 바키르: 내가 내 장비를 망가트리고 있다는 소린가!",
    "LibrisMalleusMalfunction_Intro4_Text": "도미누스 루네테: 증거: 시종들에 의하면 오고 있는 서신들에서 폭력적 접근이 증가하고 있습니다.",
    "LibrisMalleusMalfunction_Choice0_MenuText": "요구는 거절한다 이단심문관.",
    "LibrisMalleusMalfunction_Choice1_MenuText": "서비터를 붙여 단말기를 수리한다",
    "LibrisMalleusMalfunction_Choice_1_Script01_Text": "이단심문관 바키르: 좋아요. 하지만 더 피해를 입히진 마세요!",
    "LibrisMalleusMalfunction_Choice_2_Script01_Text": "이단심문관 바키르: 마침내, 누군가는 적절한 결단을 보여주는군요.\n",
    "LibrisMalleusMalfunction_Choice0_MenuTextB": "[b:당신: 요구는 거절한다 이단심문관.]",
    "LibrisMalleusMalfunction_Choice1_MenuTextB": "[b:당신: 서비터를 붙여 단말기를 수리한다]",
    "LibrisMalleusMalfunction_Choice2_MenuTextB": "[b:당신: 당장 단말기를 수리한다!]",
    "LowOnServitors_Arrival_Intro2_Text": "엑타르 형제: 이건 자네 동료다 도미누스. 뭘 원하는지 알겠나?",
    "LowOnServitors_Arrival_Choice0_MenuText": "이단심문관의 권한을 사용한다.",
    "LowOnServitors_Arrival_Choice1_MenuText": "유물을 대가로 교환한다.",
    "LowOnServitors_Arrival_Choice_0_Script01_Text": "이단심문관 바키르: 제가... 마음만 먹으면 굉장히 쉽게 설득할 수 있죠.",
    "LowOnServitors_Arrival_Choice_1_Script01_Text": "엑타르 형제: 그건 성스러운 타이탄의 장비입니다! 스톰볼터가 한계고 그 이상은 안됩니다!",
    "LowOnServitors_Arrival_Choice_2_Script01_Text": "도미누스 루네테: 의견 일치: 그 이상의 교섭은 쓸데 없는 시간 낭비임.\n",
    "LowOnServitors_Arrival_Choice0_MenuTextB": "[b:당신: 이단심문관의 권한을 사용한다.]",
    "LowOnServitors_Arrival_Choice2_MenuText": "그들이 주는 것을 받는다.",
    "LowOnServitors_Arrival_Choice1_MenuTextB": "[b:당신: 유물을 대가로 교환한다.]",
    "LowOnServitors_Arrival_Choice2_MenuTextB": "[b:당신: 그들이 주는 것을 받는다.]",
    "Noise_Intro3_Text": "엑타르 형제: 좀 더 제한된 시간에 활동을 해줄 수는 없나?",
    "Noise_Intro4_Text": "도미누스 루네테: 안됩니다.",
    "Noise_Choice0_MenuText": "소음 완충 장치를 설치한다.",
    "Noise_Choice1_MenuText": "우리 형제는 방해를 견뎌낼 것이다.",
    "Noise_Choice_0_Script01_Text": "도미누스 루네테: 물자 감소 받아들임.",
    "Noise_Choice_2_Script01_Text": "도미누스 루네테: 따르겠음: 해당 지시는 차선책일 뿐이며, 심각한 위험을 초래할 수 있습니다.",
    "Noise_Choice0_MenuTextB": "[b:당신: 소음 완충 장치를 설치한다.]",
    "Noise_Choice1_MenuTextB": "[b:당신: 우리 형제는 방해를 견뎌낼 것이다.]",
    "Noise_Choice2_MenuText": "보수 시간을 제한한다.",
    "Noise_Choice2_MenuTextB": "[b:당신: 보수 시간을 제한한다.]",
    "OutsideResearch_Arrival_Intro2_Text": "엑타르 형제: 그냥 간단히 기록을 뺏으면 되는거 아닙니까? 이단심문관에게는 권한이 있을텐데요.\n",
    "OutsideResearch_Arrival_Choice0_MenuText": "그 과정을 시간을 들여 익힌다.",
    "OutsideResearch_Arrival_Choice1_MenuText": "심문해서 배울 수 있는 것을 배운다.",
    "OutsideResearch_Arrival_Choice2_MenuText": "당신 권한으로 기록을 뺏는다!",
    "OutsideResearch_Choice_0_Script01_Text": "이단심문관 바키르: 오피시오 메디카에는 별로 효율적이라고... 알려지진 않았습니다. 올 수 있을 때 오도록 하죠.",
    "OutsideResearch_Choice_1_Script01_Text": "이단심문관 바키르: 현명한 선택이군요. 심문용 서보 스컬로 정보를 알아오죠.",
    "OutsideResearch_Choice_2_Script01_Text": "이단심문관 바키르: 원하는대로 하죠 사령관.",
    "ReaperLocated_Aeger_Intro2_Text": "도미누스 루네테: 긍정합니다.",
    "ReaperLocated_Aeger_Intro4_Text": "이단심문관 바키르: 놈이 그레이트 언클린 원이라는 것, 그리고 그 오염된 것이 오랫동안 존재해왔다는 것 정도만요.",
    "ReaperLocated_Aeger_Intro6_Text": "도미누스 루네테: 정보 가치... 미심쩍습니다.",
    "ReaperLocated_Aeger_Intro7_Text": "이단심문관 바키르: 아직 끝나지 않았어요. 저 짐승은 일종의 무리를 지배하고 알려져 있지요. 이름하여 사랑스러운 수백만의...조카들이라는군요?",
    "ReaperLocated_Aeger_Intro8_Text": "이단심문관 바키르: 그게 무슨 뜻인지는 확실하지 않군요.",
    "ReaperLocated_Aeger_Intro10_Text": "도미누스 루네테: 그 혐오에 동의합니다!",
    "ReaperLocated_Aeger_Intro11_Text": "이단심문관 바키르: 저... 제가 모르는 뭔가가 있나요?",
    "ReaperLocated_Aeger_Intro12_Text": "도미누스 루네테: 경고: 선체 전반에 걸친 감염 위험이 임박했습니다!",
    "ReaperLocated_Aeger_Intro13_Text": "도미누스 루네테: 감마 대응책 12-17를 발동합니다:",
    "ReaperLocated_Aeger_Intro15_Text": "이단심문관 바키르: 엑...타르?",
    "ReaperLocated_Aeger_Intro16_Text": "도미누스 루네테: 비상: 현재의 서비터 수량이 불충분합니다!",
    "ReaperLocated_Aeger_Intro18_Text": "이단심문관 바키르: 무슨 일이 벌어지고 있는 겁니까?",
    "ReaperLocated_Aeger_Intro20_Text": "이단심문관 바키르: 그레이트 언클린 원 말인가요?",
    "ReaperLocated_Aeger_Intro22_Text": "엑타르 형제: 그것 말고 임프! 빌어먹을 진드기들 말입니다…",
    "ReaperLocated_Aeger_Intro23_Text": "이단심문관 바키르: ...너글링이요?",
    "ReaperLocated_Aeger_Intro24_Text": "엑타르 형제: 그것 말고는... 없겠지요.",
    "ReaperLocated_Aeger_Intro25_Text": "도미누스 루네테: 의례 즉시 시작!",
    "ReaperLocated_Aeger_Intro26_Text": "이단심문관 바키르: 진심은... 아니군요?",
    "ReaperLocated_Aeger_Intro30_Text": "엑타르 형제: 다시는 그런 일을 허용하지 않을겁니다!",
    "ReaperLocated_Aeger_Intro29_Text": "엑타르 형제: 제가 이 함선의 모든 복도 구석구석을 정화의 화염으로 쓸어버려야 한다면, 그리 할 것입니다…",
    "TooManySeeds_Choice_2_Script02_Text": "엑타르 형제: 아니오 이단심문관. 가장 바보같은 짓은 그랜드 마스터의 요청을 거부하는겁니다. ",
    "Noise_Intro1_Text": "엑타르 형제: 사령관 우리 형제들의 성스러운 명상이 방해를 받고 있다는 불평사항을 받았습니다.",
    "KnockedOffCourse_Regular_Arrival_Choice_3_Script03_Text": "칙령함이 항로를 유지하며 격변하는 구역을 지나가는 사이 워프 드라이브가 과열되었습니다.",
    "InsufficientGlory_Intro1_Text": "그랜드 마스터 카이: 우리의 전통은 적당한 효율성을 요구하는게 아닐세 사령관! 난 최근 그레이 나이트 형제들이 전투에서 완전함을 보이지 못한다는 생각이 들고 있네. 그들의 투지를 키우는 건 제나 책임이야... 그들을 투입하지 않아서 시들게 하지 말게!",
    "InsufficientGlory_Choice_0_MenuText": "모두 함께 나설 것이다!",
    "InsufficientGlory_Choice_0_Script01_Text": "엑타르 형제: 좋습니다 좋아요! 우리의 챕터의 올바른 전통에 따라 형제들의 영혼을 갈고 닦을 것입니다!",
    "InsufficientGlory_Choice_2_Script01_Text": "엑타르 형제: 그랜드 마스터가 맞습니다! 우리의 형제들은 현실세계의 워프 스폰을 정화하여 정신을 강화해야 합니다.",
    "LibrisMalleusMalfunction_Intro5_Text": "이단심문관 바키르: 빨리 해결해주지 않으면 더한 걸 보여주지!",
    "LibrisMalleusMalfunction_Choice2_MenuText": "당장 단말기를 수리한다!",
    "LibrisMalleusMalfunction_Choice_0_Script01_Text": "이단심문관 바키르: 이단심문소에서 이 혹사에 대한 제 보고가 올라갈겁니다 사령관.",
    "LowOnServitors_Arrival_Intro1_Text": "도미누스 루네테: 갱신: 창고의 병참장교가 할당량 중 절반의 서비터를 주지 않았습니다. 이 행동은 매우 이단적입니다.",
    "LowOnServitors_Arrival_Intro3_Text": "도미누스 루네테: 이기주의는 천박한 성격의 전형적인 예시입니다. 화성 측에 알리겠습니다.",
    "LowOnServitors_Arrival_Intro4_Text": "이단심문관 바키르: 우린 그가 교체될 때까지 기다릴 시간이 없어! 혹시 우리가 무언가 교환할만한 건 없겠나?",
    "LowOnServitors_Arrival_Choice_0_Script02_Text": "병참 장교는 칙령함에 할당된 서비터를 주는 것을 동의했습니다. 물러날 때 근방의 궤도의 인공위성이 칙령함에 충돌했습니다. 병참 장교는 인공위성에 결함이 있다 주장했습니다.",
    "LibrisMalleusMalfunction_Intro1_Text": "이단심문관 바키르: 사령관. 제 연구가 리브리스의 결함 덩어리 단말기에 발목을 잡히고 있어요. 저는 응답조차 없는 수리 요청서를 수차례나 도미누스에게 보냈습니다. 한마디 덧붙이자면, 정말 혐오스러울 정도로 불편한 절차였죠.",
    "Noise_Intro2_Text": "도미누스 루네테: 방해는 필수적인 것으로 분류: 명상실은 주기적인 기계 오염을 막기 위한 정화 작업이 필요함.",
    "Noise_Choice_1_Script01_Text": "엑타르 형제: 이곳이 메카니쿠스의 영지입니까? 우리의 전투 준비가 무엇보다 중요합니다!",
    "OutsideResearch_Arrival_Intro1_Text": "이단심문관 바키르: 메디카에의 시설에 도착했으니 제 소형함을 이용해 직접 접촉을 하겠습니다. 이 지역의 블룸 확산이 걷잡을 수 없는 상황이니, 시간이 다소 걸릴 겁니다.",
    "OutsideResearch_Arrival_Intro3_Text": "이단심문관 바키르: 그런 바이오맨시는 극히 복잡할 수도 있습니다. 저 환자들을 직접 조사해보지 않으면, 저들의 절차를 이해하는 데에 많은 시간이 소모될 거예요.",
    "LibrisMalleusMalfunction_Intro2_Text": "도미누스 루네테: 분석상 리브리스의 단말기는 최소 가동 능력의 2% 정도밖에 쓰고 있지 않습니다. 예비 평가에서는 오류 발생의 가장 확실한 이유는 이단심문관이 발생시키는 직접적인 사이킥 손상입니다.",
    "ReaperLocated_Aeger_Intro1_Text": "이단심문관 바키르: 이곳에 자비로운 에이가, 폭서스 변종의 수확자가 있군요.",
    "ReaperLocated_Aeger_Intro3_Text": "엑타르 형제: 당신의 지긋지긋한 연구가 우리가 가치있게 쓸만한 것을 발견한게 있습니까?",
    "ReaperLocated_Aeger_Intro5_Text": "이단심문관 바키르: 놈의 추종자들은 놈에게 상냥한 관리인이자 너그러운 삼촌이라는 별명을 붙여 주었고, 또한 놈이 이끌고 다니는--",
    "ReaperLocated_Aeger_Intro9_Text": "엑타르 형제: 젠장, 카오스의 혐오스러운 산물들 가운데서도 최악의 종자들이라니!",
    "ReaperLocated_Aeger_Intro14_Text": "도미누스 루네테: 칙령함의 배관을 방호해야 합니다...",
    "ReaperLocated_Aeger_Intro17_Text": "도미누스 루네테: 가능한 모든 아뎁투스 메카니쿠스 주파수에 긴급 지원 요청을 전송하겠습니다.",
    "ReaperLocated_Aeger_Intro19_Text": "엑타르 형제: 이 함선의 유구하고 유명한 역사를 통털어, 카오스의 숙주들 중 단 하나의 존재만이 이 함선을 괴롭혔었습니다...",
    "ReaperLocated_Aeger_Intro21_Text": "이단심문관 바키르: 당신이 입에 담기 꺼리는 모습을 보는 건 처음이군요…",
    "ReaperLocated_Aeger_Intro27_Text": "엑타르 형제: 잘들으십시오 이단심문관.",
    "ReaperLocated_Aeger_Intro28_Text": "엑타르 형제: 수두가 덕지덕지 달라붙은 해충들 따위는 단 한 마리라도 칙령함에 기어들어 올 일은 없을 거요!",
    "ReaperLocated_Cruciatus_Intro1_Text": "엑타르 형제: 그것이... 우리가 찾고 있는 것이 맞습니까?",
    "ReaperLocated_Cruciatus_Intro3_Text": "이단심문관 바키르: 어떻게 수확자가 저런 몸을 가진건지 알 수 없지만 이 악취는 시초의 씨앗이 틀림 없어요.",
    "ReaperLocated_Cruciatus_Intro2_Text": "이단심문관 바키르: 너그러운자... 크루시아터스. 맞습니다.",
    "ReaperLocated_Cruciatus_Intro5_Text": "엑타르 형제: 우리의 축성된 무기도 카오스 나이트의 장갑을 관통하려면 고생해야합니다.",
    "ReaperLocated_Cruciatus_Intro6_Text": "도미누스 루네테: 혐오체: 이 옴니시아의 모욕자를 파괴해야 합니다.",
    "ReaperLocated_Cruciatus_Intro4_Text": "도미누스 루네테: 긍정: 신성한 기계에 대한 이러한 모독적인 행위에 대해 잘 알고 있습니다.",
    "ReaperLocated_Malathian_Intro1_Text": "엑타르 형제: 이단심문관, 지정한 행성에 도착했습니다.",
    "ReaperLocated_Malathian_Intro2_Text": "엑타르 형제: 아래에 극도의 불쾌한 것이 느껴지는군요.",
    "ReaperLocated_Malathian_Intro3_Text": "이단심문관 바키르: 확실히 제 코덱스가 많은걸 밝혀냈어요.",
    "ReaperLocated_Malathian_Intro4_Text": "이단심문관 바키르: 이건 모르터스 변종의 수확자에요:",
    "ReaperLocated_Malathian_Intro6_Text": "엑타르 형제: 그건 익숙한 이름이군요…",
    "ReaperLocated_Cruciatus_Intro7_Text": "엑타르 형제: 사령관 우리의 임무는 확실합니다:",
    "ReaperLocated_Cruciatus_Intro8_Text": "엑타르 형제: 이 헤러틱 나이트를 박살내고 남은 시초의 씨앗을 뜯어내는 것입니다.",
    "ReaperLocated_Malathian_Intro5_Text": "이단심문관 바키르: 수확자 말라시안.",
    "ReaperLocated_Malathian_Intro7_Text": "엑타르 형제: 그랜드 마스터 바우먼드가 몇세기 전 그런 이름의 악마를 대면한 것으로 알고 있습니다...",
    "ReaperLocated_Malathian_Intro10_Text": "엑타르 형제: 그것의 힘을 과소평가해서는 안됩니다!",
    "ReaperLocated_Malathian_Intro9_Text": "도미누스 루네테: 그랜드 마스터는 이겼지만... 쓰러짐.",
    "ReaperLocated_Malathian_Intro8_Text": "이단심문관 바키르: 오호, 결과는 어떻게 됐나요?",
    "ReaperLocated_Malathian_Intro11_Text": "엑타르 형제: 사령관 소대를 배치해 아래에 있는 것을 사냥하도록 합시다!",
    "ReaperLocated_Morgellus_Intro1_Text": "도미누스 루네테: 분석: 부식의 왕자 모르겔러스의 위치를 파악했습니다.",
    "ReaperLocated_Morgellus_Intro2_Text": "도미누스 루네테: 이 악마적 독립체는... 너글의 역병 덩어리로 뒤덮여있습니다.",
    "ReaperLocated_Morgellus_Intro3_Text": "이단심문관 바키르: 말을 들으니... 확실하진 않은 건가 도미누스?",
    "ReaperLocated_Morgellus_Intro4_Text": "이단심문관 바키르: 제 예상대로라면 그 더러운 생명체는 여기 있어요.",
    "ReaperLocated_Morgellus_Intro5_Text": "도미누스 루네테: 이용 가능 정보... 짜증남...",
    "ReaperLocated_Morgellus_Intro7_Text": "도미누스 루네테: 분류 - 데몬 엔진... 너글 혐오체…",
    "ReaperLocated_Morgellus_Intro9_Text": "이단심문관 바키르: 그럼 약점이 뭐지? 무장은 어떻고?",
    "ReaperLocated_Morgellus_Intro10_Text": "도미누스 루네테: 명칭. 위장 캐논: 이단적. 정보 접속 제한됩니다.",
    "ReaperLocated_Morgellus_Intro11_Text": "도미누스 루네테: 명칭. 식칼: 기초적입니다. 분석의 필요성 없습니다.",
    "ReaperLocated_Morgellus_Intro13_Text": "도미누스 루네테: 명칭. 보호막: 알 수 없습니다. 정보 없습니다.",
    "ReaperLocated_Morgellus_Intro14_Text": "이단심문관 바키르: 아무래도 테크 프리스트의 민감한 부분을 건드린 모양이지?",
    "ReaperLocated_Morgellus_Intro17_Text": "엑타르 형제: 상관 없다... 부패와 녹의 변종을 수확한다는 건 확실히 들어맞으니까.",
    "ReaperLocated_Morgellus_Intro18_Text": "엑타르 형제: 사령관의 명령하에 사냥을 시작하겠습니다!",
    "ReaperLocated_Munificus_Intro2_Text": "이단심문관 바키르: 코덱스는 죽지 않는 무니피쿠스라고 부릅니다.",
    "ReaperLocated_Munificus_Intro3_Text": "엑타르 형제: 죽지 않는다? 그 이름대로인지 시험을 해볼 필요가 있겠군요.",
    "ReaperLocated_Munificus_Intro5_Text": "이단심문관 바키르: 마치 당신이 거의-",
    "ReaperLocated_Munificus_Intro6_Text": "엑타르 형제: --사람 같다는 겁니까?",
    "ReaperLocated_Munificus_Intro7_Text": "이단심문관 바키르: 왜요? 그게 그리 끔찍한 소리인가요?",
    "ReaperLocated_Munificus_Intro9_Text": "엑타르 형제: 내가 평범한 사람으로 자랐더라도..",
    "ReaperLocated_Munificus_Intro10_Text": "이단심문관 바키르: 오호라, 내가 평범하다 그건가요?",
    "ReaperLocated_Munificus_Intro12_Text": "엑타르 형제: 내가 편협하다는겁니까?!",
    "ReaperLocated_Munificus_Intro13_Text": "엑타르 형제: 상당히 고약하게 나오는군..",
    "ReaperLocated_Munificus_Intro14_Text": "도미누스 루네테: 중재: 아스타르테스와 이단심문소 모두 인류에게 봉사하기 위해 존재합니다!",
    "ReaperLocated_Munificus_Intro15_Text": "엑타르 형제: 네 말이... 맞다 도미누스…",
    "ReaperLocated_Munificus_Intro18_Text": "이단심문관 바키르: 아뇨 제 잘못이에요.",
    "TooManySeeds_Choice_2_Script01_Text": "이단심문관 바키르: 사령관, 당신 챕터의 바보 같은 관념이 이 임무를 위험에 빠트리고 있어요.",
    "WarpStormDisturbanceB_Arrival_Choice_0_Script02_Text": "시간이 지난 후 그랜드 마스터 카이가 마지못해 인정하고 익스터미나투스 명령을 지시 했지만, 당신이 가진 자원을 제대로 쓰지 못했다는 사실에 실망했습니다.",
    "ReaperLocated_Morgellus_Intro6_Text": "엑타르 형제: 아직 대면하지 않았으니 이단심문관을 위해 설명 해주지 않겠나?",
    "ReaperLocated_Morgellus_Intro8_Text": "도미누스 루네테: 기계신의 완벽한 창조물에 대한 모욕.",
    "ReaperLocated_Morgellus_Intro12_Text": "도미누스 루네테: 명칭. 동력 시스템: 왜곡되고 비논리적인 구조. 정보 접속 제한됩니다.",
    "ReaperLocated_Morgellus_Intro15_Text": "도미누스 루네테: 막연함: 제한 범위 확실치 않습니다.",
    "ReaperLocated_Morgellus_Intro16_Text": "도미누스 루네테: 접속 응답은 여전히 제한되어 있습니다.",
    "ReaperLocated_Munificus_Intro1_Text": "이단심문관 바키르: 이 수확자는 텐타러스 변종을 띕니다.",
    "ReaperLocated_Munificus_Intro4_Text": "이단심문관 바키르: 열심히시군요 엑타르. 이런 새로운 느낌의 강한 충동은 좋아해요.",
    "ReaperLocated_Munificus_Intro8_Text": "엑타르 형제: 내 유전자에 이식된건 황제폐하의 선물입니다!",
    "ReaperLocated_Munificus_Intro11_Text": "이단심문관 바키르: 제 유전자라면 당신네들의 수준에서 어디 쯤에 속할지 궁금해지는군요...",
    "ReaperLocated_Munificus_Intro16_Text": "엑타르 형제: 이단심문관 사과하겠습니다. 챕터의 훈련은 심히 실용주의적이기에.",
    "ReaperLocated_Munificus_Intro17_Text": "엑타르 형제: 제가 너무 투박하게 대했다면 반성하도록 하겠습니다.",
    "ReaperLocated_Munificus_Intro20_Text": "이단심문관 바키르: 함께 연합해 이 수확자를 쳐부수죠!",
    "SeedAccident_Choice0_MenuText": "다른 변종 씨앗을 사용한다.",
    "SeedAccident_Choice2_MenuText": "그것 없이 마무리 한다.",
    "SeedAccident_Choice_0_Script02_Text": "갱신: 이단심문관이 다른 변종의 씨앗을 사용했습니다. 곧 사고가 일어났고 부상을 입었습니다.",
    "SeedAccident_Choice_1_Script01_Text": "이단심문관 바키르: 유능한 판단이에요. 후회하시지 않을겁니다.",
    "SeedAccident_Choice_2_Script01_Text": "이단심문관 바키르: 그렇게... 말씀하신다면...",
    "SeedAccident_Choice1_MenuText": "저장된 같은 씨앗을 사용한다.",
    "SeedAccident_Choice1_MenuTextB": "[b:당신: 저장된 같은 씨앗을 사용한다.]",
    "SeedAccident_Choice2_MenuTextB": "[b:당신: 그것 없이 마무리 한다.]",
    "SeedCorruption1_Intro1_Text": "도미누스 루네테: 경고: 씨앗 저장품이 부주의하게 사용됐습니다. 적절한 억제 의례가 시행되지 않았습니다.",
    "SeedCorruption1_Intro2_Text": "이단심문관 바키르: 지금 시간이 없어요 사령관. 사소한 오염 위험은 그레이 나이트에게 위협이 되지 않습니다!",
    "SeedCorruption1_Choice0_MenuText": "리브리스를 보호용 주문으로 요새화 한다.",
    "SeedCorruption1_Choice_0_Script01_Text": "이단심문관 바키르: 뭘 하더라고 절 방해하지 않게 해주세요.",
    "SeedCorruption1_Choice_2_Script01_Text": "도미누스 루네테: 계산중: 부정적 결과가 나올 확률 56.37666%.",
    "SeedCorruption1_Choice0_MenuTextB": "[b:당신: 리브리스를 보호용 주문으로 요새화 한다.]",
    "SeedCorruption1_Choice1_MenuTextB": "[b:당신: 안전 의례를 따른다!]",
    "SeedCorruption1_Choice2_MenuTextB": "[b:당신: 시간이 중요하다!]",
    "SeedCorruption2_Intro3_Text": "이단심문관 바키르: 이 문제는 유감스럽지만 관계성이 적습니다. 완벽한 효율성이 블룸을 상대하는데 필수적이에요. 당신도 알고 있겠죠?",
    "SeedCorruption2_Choice0_MenuText": "리브리스를 보호용 주문으로 요새화 한다.",
    "SeedCorruption2_Choice1_MenuText": "안전 의례를 따른다!",
    "SeedCorruption2_Choice2_MenuText": "속도에 우선을 둬야한다.",
    "SeedCorruption2_Choice_1_Script01_Text": "이단심문관 바키르: 좋아요 지시대로 하죠. 하지만 이건 제 연구를 방해할거에요.",
    "SeedCorruption2_Choice_2_Script02_Text": "이단심문관 바키르: 이건 전쟁이다 테크 프리스트. 희생은 필요해!",
    "SeedCorruption2_Choice0_MenuTextB": "[b:당신: 리브리스를 보호용 주문으로 요새화 한다.]",
    "SeedCorruption2_Choice1_MenuTextB": "[b:당신: 안전 의례를 따른다!]",
    "SeedCorruption2_Choice2_MenuTextB": "[b:당신: 속도에 우선을 둬야한다.]",
    "Shortcut_Intro2_Text": "이단심문관 바키르: 그 쪽은 상당히 시간이 지연됩니다 사령관! ",
    "Shortcut_Intro3_Text": "엑타르 형제: 함선이 완전히 수리되었다 해도 폭풍을 직접 가로지르는 건 어리석은 판단입니다.",
    "Shortcut_Intro5_Text": "엑타르 형제: 사령관 이단심문관의 제안은 매우 위험한 길입니다. 그랜드 마스터조차 워프에서는 조심스럽게 움직여야 한다고 했습니다!",
    "Shortcut_Choice_1_Script01_Text": "도미누스 루네테: 이단심문관의 권한에 따라 항로 안내 개시...\n폭풍을 가로지르는 새로운 항로 설정...",
    "Shortcut_Choice_1_Script02_Text": "도미누스 루네테: 갱신: 겔러 필드 최소한의 피해만 입었습니다... 칙령함 안전하게 폭풍을 통과했습니다.",
    "Shortcut_Choice_1_Script03_Text": "이단심문관 바키르: 내가... 뭐랬나요 엑타르? 실례지만 가서... 회복을 해야겠어요.",
    "Shortcut_Choice_2_Script02A_Text": "도미누스 루네테: 갱신: 겔러 필드 최소한의 피해만 입었습니다... 목적지에 즉시 도착한 것으로 보입니다.",
    "Shortcut_Choice_3_Script01_Text": "도미누스 루네테: 항해 서비터 계산 중...\n... 새로운 항로 설정, 워프 드라이브 시동.",
    "Shortcut_Choice_3_Script02_Text": "칙령함은 사소한 피해를 입고 워프 스톰의 가장자리를 둘러 갔습니다.",
    "Shortcut_Choice0_MenuTextB": "[b:당신: 철수한다.]",
    "Shortcut_Choice1_MenuTextB": "[b:당신: 폭풍을 가로지르는 길을 바키르가 안내하게 한다.]",
    "Shortcut_Choice2_MenuTextB": "[b:당신: 폭풍을 뚫고 전진한다.]",
    "Shortcut_Choice3_MenuTextB": "[b:당신: 워프 스톰을 피한다.]",
    "SoloMission_Choice0_MenuText": "경고를 듣고 기사를 보낸다.",
    "SoloMission_Choice1_MenuText": "경고를 무시하고 소대를 보낸다.",
    "SoloMission_Choice2_MenuText": "이상 현상 자체를 무시한다.",
    "SoloMission_Choice_0_Script01_Text": "엑타르 형제: 형제에게 바로 전달하겠습니다.",
    "SoloMission_Choice_1_Script01_Text": "엑타르 형제: 알겠습니다 사령관. 어쩌면 우리의 직감을 믿는게 좋을 수도 있지요.",
    "SoloMission_Choice_2_Script01_Text": "이단심문관 바키르: 인력을 아끼는 건 좋지만 블룸과 싸우는 것보다 가치있진 않습니다 사령관!",
    "SoloMission_Choice0_MenuTextB": "[b:당신: 경고를 듣고 기사를 보낸다.]",
    "SoloMission_Choice1_MenuTextB": "[b:당신: 경고를 무시하고 소대를 보낸다.]",
    "SoloMission_Choice2_MenuTextB": "[b:당신: 이상 현상 자체를 무시한다.]",
    "SpaceHulk_Intro1_Text": "도미누스 루네테: 경고: 거대한 이상 현상이 이쪽 좌표로 접근 중.",
    "SpaceHulk_Intro2_Text": "엑타르 형제: 분석 결과는?",
    "SpaceHulk_Intro4_Text": "이단심문관 바키르: 멋진 가능성이군요! 무기나 우리가 쓸만한게 있을 수도 있겠어요.",
    "SpaceHulk_Choice2_MenuText": "기사를 보내 조사한다.",
    "SpaceHulk_Choice_0_Script01_Text": "엑타르 형제: 가장 신중한 방법이군요 사령관.",
    "SpaceHulk_Choice_0_Script02_Text": "도미누스 루네테: 아쉬움 등록됐습니다.",
    "SpaceHulk_Choice_1_Script01_Text": "엑타르 형제: 가장 신중한 방법이군요 사령관.",
    "SpaceHulk_Choice_1_Script02_Text": "도미누스 루네테: 아쉬움 등록됐습니다.",
    "SpaceHulk_Choice_1_Script04_Text": "{battle_interaction:SpaceHulk_Choice_1_Interaction}",
    "SpaceHulk_Choice_1_Script4C_Text": "(함포 레벨 {weapon_level}) 스페이스 헐크에 숨겨진 데스 가드 함선들은 기다리고 있습니다. 칙령함은 압도적이었고 첫 타격이준 전술적 강점을 이용해 적을 파괴할 수 있었습니다.",
    "SpaceHulk_Choice_2_Script01_Text": "이단심문관 바키르: 좋아요, 당신 형제들이 뭘 찾을지 보죠..",
    "SpaceHulk_Choice0_MenuTextB": "[b:당신: 대상을 완전히 무시한다.]",
    "SpaceHulk_Choice1_MenuTextB": "[b:당신: 대상에 사격을 가한다.]",
    "SpaceHulk_Choice2_MenuTextB": "[b:당신: 기사를 보내 조사한다.]",
    "SurgicalProblems_Intro1_Text": "엑타르 형제: 사령관 근방에 의료물자를 가진 간호단 정거장이 있으니 거기서는 무언가 다를 것입니다. 그쪽으로 항로를 바꿔주신다면...",
    "SurgicalProblems_Intro2_Text": "이단심문관 바키르: 한 전사의 생명이 이번 임무의 향방을 가르진 않아요!",
    "SurgicalProblems_Intro3_Text": "엑타르 형제: 입 조심 하는게 좋을 겁니다 이단심문관. 당신이 버리려 하는 목숨이 바로 내 형제니 말입니다!",
    "SurgicalProblems_Choice_0_Script01_Text": "엑타르 형제: 알겠습니다 사령관. 황제께서 그를 보우하실 겁니다.",
    "SurgicalProblems_Choice_0_Script02A_Text": "아포세카리들은 {knight:0}를 안정시키는데 성공했고 그는 평범한 치료로 다시 회복될 것입니다.",
    "SurgicalProblems_Choice_1_Script01_Text": "엑타르 형제: (매우 놀라며)... 그렇군요, 따르겠습니다.",
    "SurgicalProblems_Choice_1_Script02_Text": "이단심문관 바키르: 이건 필요한 결정이었습니다 사령관. 명령의 무게에 대해서 결코 시기하지 않겠습니다.",
    "SurgicalProblems_Choice_2_Script01_Text": "엑타르 형제: 항로를 해당 시설로 향하겠습니다.",
    "SurgicalProblems_Choice2_MenuTextB": "[b:당신: 시설의 좌표로 설정한다.]",
    "SurgicalProblems_Arrival_Intro2_Text": "엑타르 형제: 사령관 우리 형제들의 목숨보다 시간이 더 중요합니까?",
    "SurgicalProblems_Arrival_Intro3_Text": "이단심문관 바키르: 한명의 그레이 나이트인가요 아니면 수없이 많은 영혼인가요 사령관?",
    "SurgicalProblems_Arrival_Choice_0_Script01_Text": "이단심문관 바키르: 병참 장교와 이야기를 해보죠.",
    "SurgicalProblems_Arrival_Choice_1_Script01_Text": "엑타르 형제: 어렵지만 필요한 선택입니다. 그의 진시드는 다른 자를 도울 것입니다. ",
    "SurgicalProblems_Arrival_Choice0_MenuTextB": "[b:당신: 그들을 매수할 수 있을지 확인한다.]",
    "SurgicalProblems_Arrival_Choice2_MenuTextB": "[b:당신: 그들이 도착할 때까지 기다린다.]",
    "TheDuel_Intro2_Text": "이단심문관 바키르: 결투라니... 진심인가요?",
    "TheDuel_Intro3_Text": "엑타르 형제: 그런 고난은 우리에게 흔히 있는 일입니다. 바로 사령관이 이를 증명하고 있지요!",
    "TheDuel_Intro4_Text": "도미누스 루네테: 회의적임...",
    "TheDuel_Choice0_MenuText": "용기를 증명하는 것으로 대신한다.",
    "TheDuel_Choice2_MenuText": "결투를 진행한다.",
    "TheDuel_Choice_0_Script01_Text": "도미누스 루네테: 무모합니다.\n",
    "TheDuel_Choice_1_Script01_Text": "엑타르 형제: 그런 고대의 풍습은 다 이유가 있습니다. 형제들은 실망할겁니다.",
    "TheDuel_Choice_2_Script01_Text": "엑타르 형제: 결투가 기대되는군요!",
    "TheDuel_Choice_2_Script02_Text": "이단심문관 바키르: 유치하군요…",
    "TheDuel_Choice1_MenuTextB": "[b:당신: 결투를 금지한다.]",
    "TheDuel_Choice2_MenuTextB": "[b:당신: 결투를 진행한다.]",
    "TimeForATournament_Intro_2_Text": "이단심문관 바키르: 당연히 긴급하죠! 사령관 우린 그런 사소한 것에 방해 받을 여유는 없습니다.\n",
    "TimeForATournament_Choice_1_MenuText": "블룸도 쉬지 않고 우리 역시 마찬가지다.",
    "TimeForATournament_Choice_2_MenuText": "기술에 대한 작은 대회를 연다.",
    "TimeForATournament_Choice_0_Script01_Text": "이단심문관 바키르: 블룸이 퍼지고 있는데 그런 하찮은 것에 쓸 시간이 없어요!",
    "TimeForATournament_Choice_0_Script02_Text": "엑타르 형제: 짧은 기간을 희생함으로서 더 많은걸 얻을 수 있습니다 이단심문관. 형제들이 이 대회를 매우 반길 것입니다 사령관!",
    "TimeForATournament_Choice_0_MenuText": "힘을 시험할 큰 대회를 연다!",
    "TimeForATournament_Choice_2_Script01_Text": "엑타르 형제: 그랜드 마스터의 지시와는 완전히 일치하진 않지만 그런 시범은 우리 형제들에게 이점을 줄 겁니다.",
    "TimeForATournament_Choice_0_MenuTextB": "[b:당신: 힘을 시험할 큰 대회를 연다!]",
    "TimeForATournament_Choice_1_MenuTextB": "[b:당신: 블룸도 쉬지 않고 우리 역시 마찬가지다.]",
    "ReaperLocated_Munificus_Intro19_Text": "이단심문관 바키르: 어드미니스트라툼에서의 끝 없는 책략과 아첨에 비해 당신의 변함없는 무뚝뚝함은 매우 새로워요.",
    "SeedAccident_Choice_0_Script01_Text": "이단심문관 바키르: 그렇게 지시하신다면 해보도록 하겠습니다…",
    "SeedAccident_Choice0_MenuTextB": "[b:당신: 다른 변종 씨앗을 사용한다.]",
    "SeedAccident_Intro1_Text": "이단심문관 바키르: 사령관 제가... 연구에 할당된 씨앗 샘플을 열화시켰습니다. 허가해주신다면 저장된 같은 것을 사용해 계속하겠습니다.",
    "SeedCorruption1_Choice1_MenuText": "안전 의례를 따른다!",
    "SeedCorruption1_Choice2_MenuText": "시간이 중요하다!",
    "SeedCorruption1_Choice_1_Script01_Text": "이단심문관 바키르: 좋아요 지시대로 하죠. 하지만 이건 제 연구를 방해할거에요.",
    "SeedCorruption1_Choice_2_Script02_Text": "이단심문관 바키르: 매우 중요하면서 특별한 자료가 현실세계에 나온다는걸 알아냈습니다.",
    "SeedCorruption2_Intro1_Text": "도미누스 루네테: 갱신: 부정적 기계 오염이 리브리스 창고에서 전파됐습니다. 억제 절차를 제대로 따르지 않은 것이 이 문제의 근원입니다. 이미 몇몇 서비터를 제거했습니다.",
    "SeedCorruption2_Intro2_Text": "엑타르 형제: 그 오염이 우리 형제들에게 피해를 주진 않겠지만 칙령함에는 여러가지로 취약할 겁니다. 그 무관심을 더는 용납할 수 없습니다!",
    "SeedCorruption2_Choice_0_Script01_Text": "이단심문관 바키르: 뭘 하더라고 절 방해하지 않게 해주세요.",
    "SeedCorruption2_Choice_2_Script01_Text": "도미누스 루네테: 동의할 수 없음: 위험성이 억제 위반 문제로 터져나올 것입니다!",
    "Shortcut_Intro1_Text": "도미누스 루네테: 경고: 불안정한 워프 징후 임박! 대신할 항로 표시중…",
    "Shortcut_Intro4_Text": "이단심문관 바키르: 장님처럼 전진하는게 아니에요! 워프 안에 무의 지대가 있다고 리브리스의 고대 문헌에 있었으니 그걸 통해 가면 됩니다.",
    "Shortcut_Choice_0_Script01_Text": "이단심문관 바키르: 겁쟁이! 이미 블룸과의 싸움은 진행 중이고 더는 이 적에게 자리를 양보해서는 안된다구요!. ",
    "Shortcut_Choice_2_Script01_Text": "도미누스 루네테: 경고: 워프 스톰 충돌 임박. 충격에 대비 할 것!",
    "Shortcut_Choice_2_Script02B_Text": "도미누스 루네테: 선체 관통 됐습니다! 분석중...\n사령관, 칙령함이 심각한 피해를 입었습니다. 하지만 목적지에 즉시 도착한 것으로 보입니다.",
    "SoloMission_Intro2_Text": "엑타르 형제: -프로그노스티카는 어떤 노력을 기울인다 하더라도 완벽한 실패일 거라고 확신했습니다. 이상하게도 단 한명의 기사만이 해결할 수 있는 임무라고 하더군요.",
    "SoloMission_Intro3_Text": "이단심문관 바키르: 이상하군요. 이 이상 현상이 어떤 식으로든 프로그노스티카의 예지에 영향을 준게 아닐까 예상을...",
    "SoloMission_Intro4_Text": "엑타르 형제: 그렇다면 이 일은 우리에게 전례가 없는 일이 될 겁니다... 하지만 아직 우려가 됩니다. 문제의 형제는 영광의 책임을 확실히 받아들이겠지만 함정에 제 발로 들어가는 것 일수도 있기 때문입니다.",
    "SoloMission_Intro1_Text": "이단심문관 바키르: 사령관 우리 프로그노스티카 성가단이 근방 성계에 이례적인 블룸 활동이 관측했습니다. 곧바로 개입해야 된다고 생각합니다. 다만…",
    "SpaceHulk_Intro3_Text": "도미누스 루네테: 진행 중... 간헐적인 열원 감지와 활동적인 신호 패턴 없음으로 볼 때 스페이스 헐크로 추정됩니다. 만일 그렇다면 가치 있는 고대 유물이 있을 가능성 큽니다.",
    "SpaceHulk_Intro5_Text": "엑타르 형제: 학술적인 흥미는 좋으나 우리 임무에 심각한 방해가 될 가능성이 있습니다. 전 안전한 거리에서 파괴하는 것을 조언 하겠습니다.",
    "SpaceHulk_Choice0_MenuText": "대상을 완전히 무시한다.",
    "SpaceHulk_Choice1_MenuText": "대상에 사격을 가한다.",
    "SpaceHulk_Choice_0_Script04_Text": "스페이스 헐크에서 멀어질 때, 데스 가드 함선이 잔해 사이에서 감지되고 추격해 오기 시작했습니다.",
    "SpaceHulk_Choice_1_Script04A_Text": "(함포 레벨 {weapon_level}) 스페이스 헐크에 숨겨진 데스 가드 함선들은 기다리고 있었지만 칙령함의 치명적인 선제 타격으로 이쪽에 타격 없이 파괴할 수 있었습니다.",
    "SpaceHulk_Choice_1_Script4B_Text": "(함포 레벨 {weapon_level}) 스페이스 헐크에 숨겨진 데스 가드 함선들은 기다리고 있습니다. 하지만 칙령함의 첫 타격은 엄청난 이점이 되어 적을 파괴하기 전 약간의 타격만 입었습니다.",
    "SpaceHulk_Choice_2_Script02_Text": "기사들은 스페이스 헐크에서 고대 유물 은닉처를 발견했고 루네테의 예상대로 데스 가드 주요 분견대의 매복 공격을 받았습니다. 적은 패퇴시켰고 칙령함에 복귀하기 전 스페이스 헐크에 폭탄을 장치해 파괴했습니다.",
    "SurgicalProblems_Intro0_Text": "칙령함의 아포세카리들의 말에 따르면 {knight:0}의 부상이 함선에 있는 치료 시설로는 치료하기에는 너무 심각하다고 합니다. 직접적인 개입 없이는 죽고 말 것입니다.",
    "SurgicalProblems_Intro4_Text": "이단심문관 바키르: 형제라면 많이 있잖아요 엑타르! 한걸음 잘못 내딛으면 우리 모두 블룸을 막는데 실패해요!",
    "SurgicalProblems_Choice_0_Script02B_Text": "아포세카리의 극약처방으로 {knight:0}를 살리고자 했지만 그들의 노력은 실패했고... 그의 진시드를 파괴하고 말았습니다.",
    "SurgicalProblems_Arrival_Intro1_Text": "이단심문관 바키르: 정거장의 병참 장교와 별개의 합의를 해서 의료 물자를 받기로 했지만 그들의 창고가 비었다고 주장하더군요. 그는 다음 수송 약속을 모호하게 잡는데 그게 뇌물을 받기 위해서라면 한심한 생각이네요. 그냥 손을 떼는걸 추천 드립니다.",
    "SurgicalProblems_Arrival_Choice_0_Script02_Text": "이 병참 장교는 이 은하에 유일하게 정직했던 사무관인 모양입니다. 보급이 올 때까지 기다려야만 했습니다.",
    "TheDuel_Intro1_Text": "엑타르 형제: 사령관 당신을 수행할 챔피언을 고를 때가 왔습니다. 전통에 따라서 공식적인 결투를 통해 결정하는 것이 가장 훌륭할 겁니다.",
    "TheDuel_Choice_0_Script02_Text": "엑타르 형제: 도미누스는 무시하셔도 됩니다. 그녀는 우리의 방식을 이해하지 못합니다.",
    "TheDuel_Choice0_MenuTextB": "[b:당신: 용기를 증명하는 것으로 대신한다.]",
    "TheDuel_Choice1_MenuText": "결투를 금지한다.",
    "TimeForATournament_Intro_1_Text": "그랜드 마스터 카이: 사령관, 자네 대원들이 타이탄의 전당에서 멀어진지 상당히 오래됐는데 우리 전통을 잊지 않을지 걱정이 되더군. 긴급한 임무는 여유를 주지 않기에 몸만큼이나 정신을 단련해야 하네. 잠시 임무에서 벗어나 토너먼트를 통해 힘과 기술을 겨루고 유산과 맹세를 새롭게 하는게 어떤가 제안하네.",
    "TimeForATournament_Choice_1_Script01_Text": "이단심문관 바키르: 똑똑하시군요 사령관! 당신 형제들은 타이탄에 안전히 돌아가서 그런 바보 같은 놀이를 하면 됩니다!",
    "TimeForATournament_Choice_2_MenuTextB": "[b:당신: 기술에 대한 작은 대회를 연다.]",
    "TooManySeeds_Intro1_Text": "그랜드 마스터 카이: 사령관 보고에 의하면 자네가 엄청난 수의 역겨운 씨앗이라는걸 배에 싣고 있다 들었네. 오염된 유물은 때로는 유감스럽게도 필요할 수 있겠지만 확실하고 필수적인 목적을 위해 써야지 장신구처럼 달고 있어서는 안되네. 과잉 물자는 폐기하기를 조언하네.",
    "TooManySeeds_Intro2_Text": "이단심문관 바키르: 블룸에서 어렵게 얻어낸 연구 재료를 희생하라니 전 반대합니다. 이 씨앗은 이번 위협과 싸우기 위해 필요해요!",
    "TooManySeeds_Intro3_Text": "엑타르 형제: 사령관 요청에 따른다면 그랜드 마스터의 호의를 얻을 수 있을 겁니다. 저의 정화 의식을 통해 역겨운 씨앗들을 한번에 파괴할 수 있습니다!",
    "TooManySeeds_Choice_0_Script01_Text": "엑타르 형제: 바로 준비를 마치겠습니다! 그랜드 마스터 카이는 우리가 낡았을지는 모르지만 우리의 그레이 나이트로서의 영혼은 칙령함에서 불타고 있다는걸 알게 될겁니다!",
    "TooManySeeds_Choice_1_Script01_Text": "이단심문관 바키르: 네, 이 구역을 모조리 버릴 생각이 아니라면 전부 필요해요. ",
    "TooManySeeds_Choice_1_Script02_Text": "엑타르 형제: 그랜드 마스터께 어렵지만 당신의 결정을 전하겠습니다.",
    "WarpStormDisturbanceA_Arrival_Choice_1_Script02C_Text": "(함포 레벨 {weapon_level}) 루네테의 경고대로 둥지는 강력한 무장을 했습니다. 궤도 상에서 그것을 파괴할 수 있었지만 칙령함은 심한 피해를 입었습니다.",
    "WarpStormDisturbanceA_Arrival_Choice_2_Script02_Text": "기사들이 둥지로 순간이동을 했지만 너글의 하수인으로 이루어진 군대를 만났습니다. 둥지는 파괴했지만 심각한 부상을 입었습니다.",
    "WarpStormDisturbanceA_Arrival_Choice_3_Script01_Text": "이단심문관 바키르: 이건 당신의 의무를 포기한겁니다 사령관! 제 보고서에 적도록 하겠어요!",
    "WarpStormDisturbanceB_Arrival_Intro1_Text": "이단심문관 바키르: 이 워프 스톰은 행성에 직접 고정되어 감당할 수 없는 힘이 밑에 작용 중이에요.",
    "WarpStormDisturbanceB_Arrival_Intro2_Text": "도미누스 루네테: 분석 불확실. 즉시 철수 추천..",
    "WarpStormDisturbanceB_Arrival_Intro3_Text": "이단심문관 바키르: 이 현상은 조사하기 매우 어렵다 도미누스. 할 수 있다면 최소한 궤도상에서 분석을 진행해야 해.",
    "WarpStormDisturbanceB_Arrival_Intro4_Text": "엑타르 형제: 이 행성은 확실히 오염의 부화기로 변했습니다. 제가 형제들을 이끌고 지표면에서 이단들을 찾아 정화할 수 있을겁니다!",
    "WarpStormDisturbanceB_Arrival_Intro5_Text": "이단심문관 바키르: 너무 자신만만한거 아닌가요.",
    "WarpStormDisturbanceB_Arrival_Intro6_Text": "엑타르 형제: ... 만일 사령관이 어떤 것도 고를 수 없다고 하신다면 그랜드 마스터 카이에게 연락해 익스터미나투스를 하기 위한 특별 허가를 받을 수 있을겁니다.",
    "SurgicalProblems_Arrival_Choice_2_Script01_Text": "이단심문관 바키르: 네 사령관. 칙령함을 감지 범위 밖에 두세요.",
    "SpaceHulk_Choice_0_Script03_Text": "이단심문관 바키르: 저 역시도 아쉽군요.",
    "SpaceHulk_Choice_1_Script03_Text": "이단심문관 바키르: 저 역시도 아쉽군요.",
    "DamageSpreading_Intro0_Text": "[o:위기 임박: {damaged_system}]",
    "DamageSpreading_StillUnresolved_Intro0_Text": "[o:위기 임박: {damaged_system}]"
}
