{
    "Event_CultOnBoard1_KnightsInvestigation_Description": "사령관님, 조사를 마쳤습니다… 그리고 초기 역병 컬트가 선원들 사이에서 퍼지고 있었다는 증거를 찾았습니다. 지도자들은 찾기도 전에 숨어버렸지만, 타이탄의 형제들은 확신을 갖고 행동할 준비를 마쳤습니다.",
    "Event_APaladinsQuest_BloomMissionCompleted_Description": "엑타르 형제: 좋은 소식입니다, 사령관님. 우리 형제가 블룸을 저지하는 임무에서 돌아왔고, 단신으로 역병 신의 숭배자들을 제거했습니다. 우리의 이단심문관도 감명받았습니다.",
    "Event_APaladinsQuest_QuestCompleted_Description": "엑타르 형제: 사령관님, 기쁜 소식입니다! 우리 형제가 임무를 마치고 돌아와 팔라딘의 일원이 되었습니다! 이미 새로운 기술을 우리 캠페인에서 사용할 준비를 마쳤습니다.",
    "Event_ADisobedientPupil_NothingToReport_Description": "이단심문관 바키르: 사령관님, 당신의 금지된 기록에 접근한 엔진시어의 사이킥 심문을 마쳤습니다… 이 데이터가 잘못 접근되었음을 확인할 수 있었습니다. 도미누스 루네테가 그의 기억을 철저히 지웠습니다. 전 이제 제 업무로 돌아가겠습니다.",
    "Event_AheadOfSchedule_Description": "도미누스 루네테: 변칙: 복원이 예상보다 빠르게 진행되었습니다. 제 계산 착오를 용서해주십시오, 사령관님. 반드시 옴니시아께 참회하겠습니다.",
    "Event_APaladinsQuest_BloomMissionCompleted_SubTitle": "임무 완료",
    "Event_ADisobedientPupil_NothingToReport_SubTitle": "바키르의 보고",
    "Event_APaladinsQuest_Lost_Description": "엑타르 형제: 중대한 소식이 있습니다, 사령관님. 프로그노스티카가 우리 형제가 당신이 맡긴 임무를 수행하다 죽었다고 이야기했습니다. 오늘 밤 그를 기념하는 의식을 치르겠습니다.",
    "Event_CultOnBoard1_KnightsInvestigation_Footer": "컬트 발견됨",
    "Event_CultOnBoard1_LunetesInvestigation_Title": "내부의 적",
    "Event_APaladinsQuest_QuestCompleted_Footer": "새로운 팔라딘",
    "Event_ASecretTome_Title": "금지된 책",
    "Event_CultOnBoard1_Title": "내부의 적",
    "Event_CultOnBoard1_SubTitle": "사보타주",
    "Event_CultOnBoard1_KnightsInvestigation_Title": "내부의 적",
    "Event_CultOnBoard1_KnightsInvestigation_SubTitle": "기사의 조사",
    "Event_CultOnBoard1_LunetesInvestigation_SubTitle": "루네테의 조사",
    "Event_AssaultOnTheLibris_SubTitle": "데스 가드 함대",
    "Event_AssaultOnTheAugurium_Title": "어둠의 언어",
    "Event_AssaultOnTheAugurium_SubTitle": "데스 가드 함대",
    "Event_CloudOfFlies_SubTitle": "데스 가드 함대",
    "Event_BurstingPustules_SubTitle": "데스 가드 함대",
    "Event_APaladinsQuest_SubTitle": "팔라딘의 임무",
    "Event_APaladinsQuest_Lost_SubTitle": "기사 상실",
    "Event_ASecretTome_SubTitle": "바키르 접촉 요청",
    "Event_BattleScars_Title": "전투 상흔",
    "Event_BattleScars_SubTitle": "황제의 평화",
    "Event_BuriedTreasure_Title": "우연한 발견",
    "Event_BuriedTreasure_SubTitle": "유물 회수",
    "Event_CultOnBoard1_VakirsInvestigation_SubTitle": "바키르의 조사",
    "Event_CultOnBoard1_LunetesInvestigation_Footer": "추종자 발견",
    "Event_CultOnBoard1_VakirsInvestigation_Footer": "추종자 발견",
    "Event_CultOnBoard2_Title": "내부의 적",
    "Event_CultOnBoard2_SubTitle": "집회",
    "Event_CultOnBoard3_OutOfControl_Title": "내부의 적",
    "Event_CultOnBoard3_OutOfControl_SubTitle": "공개적인 반란",
    "Event_CultOnBoard3_LastGasp_Title": "내부의 적",
    "Event_CultOnBoard3_LastGasp_SubTitle": "마지막 순간",
    "Event_CultOnBoard3_CultEliminated_Title": "내부의 적",
    "Event_CultOnBoard3_CultEliminated_SubTitle": "최후의 일격",
    "Event_CultOnBoard3_CultEliminated_Description": "엑타르 형제: 사령관, 우리 기사들이 불쾌한 역병 추종자들을 확실히 제거했습니다! 마지막으로 반역자들은 처단되었으며, 우리 프로그노스티카들의 예지 활동은 더 이상 방해받지 않습니다.",
    "Event_CultOnBoard3_CultEliminated_Footer": "추종자 제거",
    "Event_CultOnBoard3_OngoingSabotage_Title": "내부의 적",
    "Event_CultOnBoard3_OngoingSabotage_SubTitle": "계속되는 사보타주",
    "Event_CultOnBoard3_OngoingSabotage_Footer": "{0} 손상됨",
    "Event_DamageSpreading_SubTitle": "수리가 지나치게 지연됨",
    "Event_DamageSpreading_StillUnresolved_Title": "손상 확장",
    "Event_DamageSpreading_StillUnresolved_SubTitle": "아직 해결 안됨",
    "Event_DayOfSanctification_Title": "아그라베인의 유산",
    "Event_DeepDamage_Title": "큰 피해",
    "Event_DeepDamage_SubTitle": "함선 계획 막힘",
    "Event_CloudOfFlies_Title": "파리떼 구름",
    "Event_AheadOfSchedule_SubTitle": "함선 갱신",
    "Event_AheadOfSchedule_Footer": "함선 계획 완료",
    "Event_ApothecarionOverload_SubTitle": "아포세카리온",
    "Event_CultOnBoard1_VakirsInvestigation_Title": "내부의 적",
    "Event_CultOnBoard1_VakirsInvestigation_Description": "이단심문관 바키르: 이번 사보타주에 대한 조사를 끝냈습니다. 충격적이게도 역병 추종자들이 함선에 탄 흔적이 있습니다.  몇몇 노골적인 선동자들을 확인하여 처형했지만, 이 악의에 찬 존재를 완전히 제거하였는지 확신이 안섭니다. 경계를 유지해야합니다.",
    "Event_CultOnBoard3_OngoingSabotage_Description": "도미누스 루네테: 비상: 또 다른 내부 사보타주가 기록되었습니다, 비밀리에 들어온 폭발물 화물이 우리 시설에 피해를 줬습니다! 이 광신도들을 진압하기 위해 지속해서 노력하고 있습니다.\n\n{0}",
    "Event_DamageSpreading_Title": "손상 확장",
    "Event_DayOfSanctification_SubTitle": "축성의 날",
    "Event_SurgicalProblems_Title": "심각한 부상",
    "Event_SurgicalProblems_Arrival_Title": "심각한 부상",
    "Event_SurgicalProblems_Expiry_Title": "심각한 부상",
    "Event_SoloMission_TriumphantReturn_SubTitle": "임무 완료",
    "Event_ResearchBreakthrough_Footer": "연구 완료",
    "Event_SoloMission_Title": "고독한 임무",
    "Event_SoloMission_TriumphantReturn_Title": "고독한 임무",
    "Event_SoloMission_Lost_Title": "고독한 임무",
    "Event_SoloMission_TriumphantReturn_Footer": "새로운 재능: {0}",
    "Event_SurgicalProblems_SubTitle": "회복 중단됨",
    "Event_Shortcut_Title": "위험한 항로",
    "Event_ResearchBreakthrough_Title": "돌파구",
    "Event_SurgicalProblems_Recovery_Title": "심각한 부상",
    "Event_TheDuel_SubTitle": "결투",
    "Event_SoloMission_Lost_SubTitle": "임무 실패",
    "Event_SurgicalProblems_Recovery_Footer": "+1 장갑, +2 체력",
    "Event_SurgicalProblems_Arrival_Calendar_Title": "심각한 부상",
    "Event_SeedCorruption2_SubTitle": "서비터 오염됨",
    "Event_ReaperLocated_Aeger_Title": "수확자 발견",
    "Event_ReaperLocated_Cruciatus_Title": "수확자 발견",
    "Event_ReaperLocated_Malathian_Title": "수확자 발견",
    "Event_ReaperLocated_Munificus_Title": "수확자 발견",
    "Event_ReaperLocated_Cruciatus_SubTitle": "너그러운 크루시아터스",
    "Event_ReaperLocated_Morgellus_Title": "수확자 발견",
    "Event_OutsideResearch_HelpingHand_Title": "훌륭한 단서",
    "Event_WarpStormDisturbanceB_Footer": "새로운 블룸 활동",
    "Event_WarpStormDisturbanceA_Footer": "새로운 블룸 활동",
    "Event_WarpStormDisturbanceA_Arrival_Title": "특이사항 관측됨",
    "Event_WarpStormDisturbanceA_Title": "특이사항 관측됨",
    "Event_WarpStormDisturbanceA_Expiry_Title": "특이사항 관측됨",
    "Event_WarpStormDisturbanceB_Title": "특이사항 관측됨",
    "Event_WarpStormDisturbanceB_Expiry_Title": "특이사항 관측됨",
    "Event_WarpStormDisturbanceA_SubTitle": "워프 스톰 위험",
    "Event_WarpStormDisturbanceB_Expiry_SubTitle": "기회 놓침",
    "Event_WarpStormDisturbanceB_SubTitle": "워프 스톰 위험",
    "Event_TheDuel_Title": "챔피언",
    "Event_TheDuel_Return_Title": "챔피언",
    "Event_TheDuel_Return_SubTitle": "칙령함으로 복귀",
    "Event_ReaperLocated_Munificus_SubTitle": "죽지 않는 무니피쿠스",
    "Event_CastellanCrowe_Title": "카스텔란 크로",
    "Event_SecondReaperKilled_Footer": "카이: 많은 지원",
    "Event_GrimoireDestroyed_SubTitle": "워프 스톰 위험",
    "Event_DaemonicInvasion_SubTitle": "워프 스톰 위험",
    "Event_ServitorsCorrupted_SubTitle": "워프 스톰 위험",
    "Event_SeedResonance_SubTitle": "워프 스톰 위험",
    "Event_KnockedOffCourse_WarpStorm_SubTitle": "워프 스톰 위험",
    "Event_InternalDamage_SubTitle": "워프 스톰 위험",
    "Event_HullDamage_SubTitle": "워프 스톰 위험",
    "Event_OutsideResearch_Expiry_Footer": "기회 놓침",
    "Event_WarpStormDisturbanceA_Expiry_SubTitle": "블룸 성장",
    "Event_WarpStormDisturbanceB_Arrival_Title": "특이사항 관측됨",
    "Event_LowOnServitors_Expiry_Footer": "기회 놓침",
    "Event_Common_Continue": "계속하기",
    "Event_ADisobedientPupil_Title": "다루기 어려운 학생",
    "Event_ADisobedientPupil_NothingToReport_Title": "다루기 어려운 학생",
    "Event_Common_Close": "닫기",
    "Event_ADisobedientPupil_SubTitle": "승인되지 않은 접속",
    "Event_ADisobedientPupil_NothingToReport_Footer": "결론: 무죄",
    "Event_AheadOfSchedule_Title": "예정보다 먼저",
    "Event_APaladinsQuest_Title": "영광을 위하여",
    "Event_APaladinsQuest_BloomMissionCompleted_Title": "영광을 위하여",
    "Event_APaladinsQuest_Lost_Title": "영광을 위하여",
    "Event_APaladinsQuest_Lost_Footer": "{0}: 소실",
    "Event_WarpStorms_Footer": "새로운 워프 스톰",
    "Event_APaladinsQuest_QuestCompleted_Title": "영광을 위하여",
    "Event_APaladinsQuest_QuestCompleted_SubTitle": "팔라딘 복귀",
    "Event_ApothecarionOverload_Title": "용량 초과",
    "Event_CultOnBoard1_LunetesInvestigation_Description": "도미누스 루네테: 경고: 내부 센서 감시 결과 8개의 통신 교환 기록을 통해 역병 컬트가 악의의 칙령함에 탑승한 것으로 확인되었습니다. 발송자는 소각시키고 관련 정보는 삭제했으나 컬트의 잔재가 남은 것으로 보입니다. 감시 계속하겠습니다.",
    "Event_DeepDamage_Footer": "건설 중단됨",
    "Event_DeepDamage_Arrival_Title": "큰 피해",
    "Event_DeepDamage_Repaired_Title": "큰 피해",
    "Event_DeepDamage_Expiry_Title": "큰 피해",
    "Event_DeepDamage_Arrival_Calendar_Title": "큰 피해",
    "Event_DeepDamage_Arrival_SubTitle": "메카니쿠스 창고",
    "Event_DeepDamage_Arrival_Calendar_Description": "수리 대기중",
    "Event_DeepDamage_Expiry_SubTitle": "오래 지연됨",
    "Event_DeepDamage_Repaired_SubTitle": "수리 완료",
    "Event_DeepDamage_Repaired_Description": "도미누스 루네테: 옴니시아를 찬양하라! 아뎁트가 내부 피해를 바로 잡아서 칙령함이 안도의 한숨을 내쉽니다! 저의 수리 및 재건 작업들을 방해받지 않고 재개할 수 있습니다.",
    "Event_DeepDamage_Repaired_Footer": "건설 재개",
    "Event_EmperorsChosen_Title": "황제가 선택한 자",
    "Event_EmperorsChosen_SubTitle": "기대하지 않았던 회복",
    "Event_EmperorsChosen_Description": "엑타르 형제: 기쁜 소식입니다. {knight:0} 대원이 순식간이라고 해도 될법한 속도로 회복을 완료했습니다. 이런 일이 아스타르테스 사이에서 전례 없는 것은 아닙니다만, 아포세카리들이 누군가를 황제 폐하의 선택을 받은 자로 여기고, 또한 더 이상의 강화조차 불필요한 인물로 여기는 것은 매우 드문 경우이죠.",
    "Event_EmperorsChosen_Footer": "{0}: 전투 준비 완료",
    "Event_GellerpoxInfection_Title": "감염된 칙령함",
    "Event_GlitchlingInfestation_Major_Title": "감염된 칙령함",
    "Event_GlitchlingInfestation_Minor_Title": "감염된 칙령함",
    "Event_GellerpoxInfection_SubTitle": "겔러폭스",
    "Event_GlitchlingInfestation_Major_SubTitle": "글리칠링",
    "Event_GlitchlingInfestation_Minor_SubTitle": "글리칠링",
    "Event_GrimoireNeeded_Title": "마도서 필요",
    "Event_GrimoireNeeded_Arrival_Title": "마도서 필요",
    "Event_GrimoireNeeded_Expiry_Title": "마도서 필요",
    "Event_DeepDamage_Expiry_Footer": "다중 구역 파괴됨",
    "Event_GrimoireNeeded_SubTitle": "연구 막힘",
    "Event_GrimoireNeeded_Arrival_SubTitle": "교섭",
    "Event_GrimoireNeeded_Expiry_SubTitle": "연구 취소됨",
    "Event_GrimoireNeeded_Expiry_Footer": "연구 계획 취소됨",
    "Event_InsufficientGlory_MinorSuccess_Footer": "타이탄: 많은 지원",
    "Event_InsufficientGlory_MajorSuccess_Footer": "타이탄: 많은 지원",
    "Event_Noise_SubTitle": "방해받은 명상",
    "Event_KnockedOffCourse_Regular_Title": "불안정한 항로",
    "Event_InsufficientGlory_SubTitle": "그랜드 마스터의 요청",
    "Event_LowOnServitors_Expiry_SubTitle": "오래 지연됨",
    "Event_InsufficientGlory_Failure_Title": "영광의 요구",
    "Event_InsufficientGlory_MinorSuccess_Title": "영광의 요구",
    "Event_InsufficientGlory_MajorSuccess_Title": "영광의 요구",
    "Event_InsufficientGlory_Failure_SubTitle": "임무 실패",
    "Event_InsufficientGlory_Failure_Footer": "-3 청구 자원",
    "Event_InsufficientGlory_MinorSuccess_SubTitle": "임무 완료됨",
    "Event_InsufficientGlory_MajorSuccess_SubTitle": "임무 완료됨",
    "Event_KnockedOffCourse_Regular_SubTitle": "워프의 예측 불가능한 변화",
    "Event_LibrisMalleusMalfunction_Title": "불완전한 장비",
    "Event_LibrisMalleusMalfunction_SubTitle": "바키르의 요청",
    "Event_Noise_Title": "우당탕탕",
    "Event_OutsideResearch_Title": "훌륭한 단서",
    "Event_OutsideReserach_Calendar_Title": "훌륭한 단서",
    "Event_OutsideResearch_Arrival_Title": "훌륭한 단서",
    "Event_OutsideResearch_Expiry_Title": "훌륭한 단서",
    "Event_OutsideResearch_SubTitle": "오피시오 메디카에의 연구",
    "Event_LowOnServitors_Title": "서비터 고갈됨",
    "Event_LowOnServitors_Arrival_Title": "서비터 고갈됨",
    "Event_LowOnServitors_Expiry_Title": "서비터 고갈됨",
    "Event_OutsideResearch_HelpingHand_Footer": "{0} 성계: -2 오염",
    "Event_SurgicalProblems_Expiry_SubTitle": "오래 지연됨",
    "Event_SeedAccident_SubTitle": "바키르의 요청",
    "Event_OutsideResearch_Observation_Title": "훌륭한 단서",
    "Event_TooManySeeds_SubTitle": "그랜드 마스터의 요청",
    "Event_TimeForATournament_SubTitle": "그랜드 마스터의 요청",
    "Event_TooManySeeds_Title": "씨앗 과잉",
    "Event_WarpStormDisturbanceA_Arrival_SubTitle": "둥지",
    "Event_WarpStormDisturbanceB_Expiry_Footer": "바키르: 낮은 사기",
    "Event_SurgicalProblems_Expiry_Footer": "{0}: 소실",
    "Event_TheDuel_Return_Description": "엑타르 형제: 사령관, 저 둘의 행동들을 돌이켜본 결과, 두사람 모두 당신의 챔피언이 될 자격이 충분하다고 결론 내릴 수밖에 없습니다.",
    "Event_TheDuel_Return_Footer": "보너스: +2 체력, +1 의지력, +5% 치명타",
    "Event_TimeForATournament_Title": "토너먼트",
    "Event_WarpStormDisturbanceA_Expiry_Footer": "{0} 성계: +5 오염",
    "Event_WarpStormDisturbanceB_Arival_SubTitle": "폭풍에 둘러싸임",
    "Event_WarpStormDisturbanceB_Expiry_Description": "이단심문관 바키르: 사령관 특이 워프 스톰이 희미해집니다. 적에 대해 배울 기회를 이렇게 잃어버렸으니 적은 모두 처리하기로 하죠.",
    "Event_WarpStorms_SubTitle": "워프 스톰 활동 강화됨",
    "Event_SecondReaperKilled_SubTitle": "그랜드 마스터의 인정",
    "Event_FirstReaperKilled_SubTitle": "그랜드 마스터의 인정",
    "Event_AdvancedClasses_Title": "전문가 기사",
    "Event_AdvancedClasses_SubTitle": "그랜드 마스터의 원조",
    "Event_CastellanCrowe_SubTitle": "전설 도착",
    "Event_CastellanCrowe_Footer": "가란 크로: 도착",
    "Event_FirstReaperKilled_Title": "수확자 추방",
    "Event_KadexCaptured_Title": "데몬 프린스 포획",
    "Event_KadexCaptured_SubTitle": "그랜드 마스터의 요청",
    "Event_PuritySeals_Title": "순수의 인장",
    "Event_PuritySeals_SubTitle": "씨앗의 새로운 사용법",
    "Event_PuritySeals_Footer": "잠금해제: 순수의 인장",
    "Event_ReaperLocated_Aeger_SubTitle": "자비로운 에이가",
    "Event_ReaperLocated_Malathian_SubTitle": "수확자 말라시안",
    "Event_ReaperLocated_Morgellus_SubTitle": "부식된 모르겔러스",
    "Event_SecondReaperKilled_Title": "또 다른 수확자 추방",
    "Event_TooLongInAct1_Title": "강력한 공명",
    "Event_TooLongInAct1_SubTitle": "씨앗에 대한 골치아픈 소식",
    "Event_HullDamage_Geller_Footer": "강화된 겔러 필드",
    "Event_KnockedOffCourse_WarpStorm_Geller_Footer": "강화된 겔러 필드",
    "Event_HidingInTheWarp_Title": "적 도주",
    "Event_BypassOpportunity_SubTitle": "데스 가드 함대",
    "Event_NoContact_SubTitle": "데스 가드 함대",
    "Event_HidingInTheWarp_SubTitle": "데스 가드 함대",
    "Event_FleshyHulk_SubTitle": "데스 가드 함대",
    "Event_EnemyRam_SubTitle": "데스 가드 함대",
    "Event_FleshyHulk_Title": "살 덩어리",
    "Event_EnemyBoarders_SubTitle": "데스 가드 함대",
    "Event_DelayingTactics_SubTitle": "데스 가드 함대",
    "Event_EnemyRam_Title": "충각 돌진 중",
    "Event_BurstingPustules_Title": "고름 함선",
    "Event_InternalDamage_Footer": "{0} 손상됨",
    "Event_GrimoireDestroyed_Footer": "-1 마도서",
    "Event_EnemyBoarders_Title": "적 침입자",
    "Event_HullDamage_Footer": "-1 선체 내구도",
    "Event_Kai_Title": "그랜드 마스터",
    "Event_GMFollowup_ContactOtherGM_Footer": "+2 마도서",
    "Event_GMFollowup_SendTheInquisitor_Footer": "+2 마도서",
    "Event_DeathGuardFleet_Title": "데스 가드",
    "Event_GMFollowup_SendTheInquisitor_Title": "이단심문관 복귀",
    "Event_TentacleShip_Title": "촉수 함선",
    "Event_VirulenceAugmentorA_SubTitle": "데스 가드 함대",
    "Event_WarpGrapple_SubTitle": "데스 가드 함대",
    "Event_VirulenceAugmentorB_SubTitle": "데스 가드 함대",
    "Event_DeathGuardCruiser_Title": "데스 가드 순양함",
    "Provision_Results": "결과:",
    "Provision_Vakir_High_Morale": "[g:바키르 - 집중 중 ({0} 일)]\n     [g:+100% 연구 속도]",
    "Event_Vakir_FullName": "카르타 바키르",
    "Event_Vakir_Title": "이단심문관",
    "Event_Lunete_FullName": "루네테 오즈마란티스",
    "Event_Lunete_Title": "테크 프리스트 도미누스",
    "Event_Ectar_FullName": "엑타르 형제",
    "Event_Ectar_Title": "퓨리파이어",
    "Event_DeathGuardFleet_FullName": "순양함",
    "Provision_Vakir_On_Assignment": "[o:바키르 - 임무 중 ({0} 일)]\n     [o:0% 연구 속도]",
    "Provision_Lunete_Low_Morale": "[r:루네테 - 혼란 ({0} 일)]\n     [r:-50% 건설 속도]",
    "Provision_Lunete_Wounded": "[r:루네테 - 부상당함 ({0} 일)]\n     [r:건설: +4 서비터 추가]",
    "Provision_Lunete_On_Assignment": "[o:루네테 - 임무 중 ({0} 일)]\n     [o:0% 건설 속도]",
    "Provision_Ectar_High_Morale": "[g:엑타르 - 열성적임 ({0} 일)]\n     [g:+50% 경험치 성장률]",
    "Provision_Ectar_Wounded": "[r:엑타르 - 부상당함 ({0} 일)]\n     [r:순수의 인장 비용: +1 씨앗]",
    "Provision_Ectar_On_Assignment": "[o:엑타르 - 임무 중 ({0} 일)]\n     [r:순수의 인장 비용: +1 씨앗]",
    "Provision_Barracks_High_Morale": "[r:기사들 - 높은 사기 ({0} 일)]\n     [r:모든 기사: +1 최대 의지력]",
    "Provision_Damaged_Reactor": "[r:플라즈마 반응로 손상됨]\n     [r:건설 계획 취소됨]\n     [r:건설 잠김]",
    "Provision_Damaged_Reactor_NoProject": "[r:플라즈마 반응로 손상됨]\n     [r:건설 잠김]",
    "Provision_Titan_High_Support": "[g:카이 - 많은 지원 ({0} 일)]\n     [g:과업: +1 청구 자원]",
    "Provision_Vakir_Research_Suspended": "[o:연구 중단됨 ({0} 일)]\n     [o:0% 연구 속도]",
    "Provision_Lunete_Reconstruction_Suspended": "[o:건설 중단됨 ({0} 일)]\n     [o:0% 건설 속도]",
    "Provision_KnightState_Promote": "[g:승격: {0}]",
    "Provision_KnightState_OnAssignment": "[o:임무 중: {0}]",
    "Provision_KnightState_LightlyWound": "[o:경상: {0}]",
    "Provision_KnightState_Wound": "[o:부상: {0}]",
    "Provision_KnightState_CriticallyWound": "[r:치명적인 부상: {0}]",
    "Provision_KnightState_Kill": "[r:손실: {0}]",
    "Provision_KnightState_GainRandomTalent": "[g:새로운 재능: {0}]",
    "Provision_KnightState_LightWoundAndMakeChampion": "[g:{0}: +2 체력, +1 의지력, +5% 치명타]\n[o:경상: {0}]",
    "Provision_KnightState_RecoverySuspended": "[o:{0}: 회복 중단됨]",
    "Provision_DestroyPercentSeeds": "[r:{0}% 씨앗 파괴됨]",
    "Provision_DestroySeeds": "[r:{0} 씨앗 파괴됨]",
    "Provision_GainSeeds": "[g:+{0} {1}]",
    "Provision_GainCurrency": "[g:+{0} {1}]",
    "Provision_LoseCurrency": "[r:-{0} {1}]",
    "EventBlob_Only_Servitor_CoreReward": "[b:모든 주요 보상: 서비터 (다음 보고 전까지)]",
    "EventBlob_Only_Requisition_CoreReward": "[b:모든 주요 보상: 청구 자원 (다음 보고 전까지)]",
    "EventBlob_Only_Knights_CoreReward": "[b:모든 주요 보상: 기사들 (다음 보고 전까지)]",
    "EventBlob_VakirPrognosticar": "[g:+50% 연구 속도 (영구적)]",
    "EventBlob_PuritySealCostReduction": "[g:순수의 인장 비용: -1 씨앗]",
    "EventBlob_TitanXPBonus": "[g:+50% 경험치 (영구적)]",
    "EventBlob_QuestDestroyAReaper": "[b:임무: 수확자를 파괴하라 (60 일)]",
    "EventBlob_QuestCrusadeOfRetribution": "[b:임무: 복수의 성전 (60 일)]",
    "EventBlob_GloriousDeedResultsDoubled": "[b:보상과 불이익 두배]",
    "EventBlob_ExterminatusBlocked": "[r:익스터미나투스 금지 (영구적)]",
    "Provision_CancelReconstruction": "[r:건설 계획 취소됨]",
    "Provision_SwitchReconstruction": "[b:건설 계획 --> {0}]",
    "Provision_CancelResearch": "[r:연구 계획 취소됨]",
    "Provision_ProgressResearch": "[g:연구 진행도 ({0}%)]",
    "Provision_CompleteResearch": "[g:연구 완료]",
    "Provision_DamageShipFacility": "[r:{0} 손상됨]",
    "Provision_Damaged_MeditationChamber": "[r:명상실 손상됨]\n     [r:경험치 보너스 비활성화]",
    "Provision_Damaged_WeaponsSystem": "[r:함포 손상됨]\n     [r:함포: 비활성화]",
    "Provision_Damaged_AugmentationChamber_NoServitors": "[r:증강실 손상됨]\n     [r:서비터 생산 비활성화]",
    "Provision_Damaged_Apothecarion": "[r:아포세카리온 손상됨]\n     [o:부상: {0}]\n     [r:-50% 부상 회복 속도]",
    "Provision_Damaged_Barracks": "[r:막사 손상됨]\n     [o:부상: {0}]\n     [r:모든 기사: -1 의지력]",
    "Provision_Damaged_Barracks_NoKnight": "[r:막사 손상됨]\n     [r:모든 기사: -1 의지력]",
    "Provision_Damaged_WarpDrive": "[r:워프 드라이브 손상됨]\n     [r:-20% 함선 속도]",
    "Provision_Damaged_Exterminatus_NoTorpedo": "[r:익스터미나투스 손상됨]",
    "Provision_BattleInteraction_Requirement_2": "함선이 극도의 위험을 겪습니다!",
    "Provision_BattleInteraction_Requirement_-1": "함선이 위험을 겪을 수도 있습니다",
    "Provision_BattleInteraction_Requirement_1": "함선이 큰 위험을 겪을 것입니다",
    "Provision_BattleInteraction_Requirement_0": "함선이 위험을 겪을 것입니다",
    "EventBlob_EdictMayBeAtRisk": "함선이 위험을 겪을 수도 있습니다.",
    "EventBlob_KnightsAtGreatRisk": "기사들이 큰 위험을 겪을 것입니다.",
    "EventBlob_3KnightsAtRisk": "3명의 기사가 위험을 겪을 것입니다.",
    "EventBlob_4KnightsAtRisk": "4명의 기사가 위험을 겪을 것입니다.",
    "EventBlob_EdictAtGreatRisk": "함선이 큰 위험을 겪을 것입니다.",
    "EventBlob_EctarAnd3KnightsMayBeAtRisk": "엑타르와 3명의 기사가 위험을 겪을 것입니다.",
    "EventBlob_EctarAnd4KnightsMayBeAtRisk": "엑타르와 4명의 기사가 위험을 겪을 것입니다.",
    "EventBlob_LibrarianAtRisk": "라이브러리안이 위험을 겪을 것입니다.",
    "EventBlob_EdictAtRisk": "함선이 위험을 겪을 것입니다.",
    "EventBlob_EdictAtExtremeRisk": "함선이 굉장한 위험을 겪을 것입니다.",
    "EventBlob_Lose4SeedsAndEdictMayBeAtRisk": "4개의 씨앗을 잃고 함선이 위험을 겪을 것입니다.",
    "EventBlob_EdictAndKnightsAtRisk": "함선과 기사들이 위험을 겪을 것입니다.",
    "EventBlob_EdictAndKnightsAtGreatRisk": "함선과 기사들이 큰 위험을 겪을 것입니다.",
    "EventBlob_EdictAndCrewAtSomeRisk": "함선과 선원이 작은 위험을 겪을 것입니다.",
    "EventBlob_PlanetAtGreatRisk": "행성의 큰 위험을 겪을 것입니다.",
    "EventBlob_BloomWillSpread": "블룸이 퍼집니다.",
    "EventBlob_EdictAndPlanetAtGreatRisk": "함선과 행성이 큰 위험을 겪을 것입니다.",
    "EventBlob_EdictAndMissionAtRisk": "함선과 임무가 위험을 겪을 것입니다.",
    "EventBlob_KnightWillBeKilled": "{0} 을(를) 영구적으로 잃을 것입니다.",
    "EventBlob_KnightAtRiskOfBeingKilled": "{0}가 위험을 겪을 것입니다.",
    "EventBlob_KnightsAndCrewAtExtremeRisk": "기사와 선원이 굉장한 위험을 겪을 것입니다!",
    "EventBlob_EctarAtRisk": "엑타르가 위험을 겪을 것입니다.",
    "EventBlob_EctarAtExtremeRisk": "엑타르가 굉장한 위험을 겪을 것입니다.",
    "EventBlob_EctarAndKnightsAtSomeRisk": "엑타르와 기사가 작은 위험을 겪을 것입니다.",
    "EventBlob_VakirAtSomeRisk": "바키르가 작은 위험을 겪을 것입니다.",
    "EventBlob_VakirAnd3KnightsAtRisk": "바키르와 3명의 기사가 위험을 겪을 것입니다.",
    "EventBlob_EctarWillBeUnavailable": "엑타르가 잠시 자리를 비울 것입니다.",
    "EventBlob_VakirWillBeUnavailable": "바키르가 잠시 자리를 비울 것입니다.",
    "EventBlob_2KnightsOnAssignment": "2명의 기사가 잠시 자리를 비울 것입니다.",
    "EventBlob_3KnightsOnAssignment": "3명의 기사가 잠시 자리를 비울 것입니다.",
    "EventBlob_6KnightsOnAssignment": "6명의 기사가 잠시 자리를 비울 것입니다.",
    "EventBlob_YouWillLose4Seeds": "씨앗을 4개 잃을 것입니다.",
    "EventBlob_YouWillLose2MasterCraftedItems": "2개의 장착하지 않은 장인 제작 장비를 잃을 것입니다.",
    "EventBlob_YouWillGainAMasterCraftedWeapon": "새 장인 제작 무기를 얻을 것입니다.",
    "EventBlob_8KnightsOnAssignment": "8명의 기사가 잠시 자리를 비울 것입니다.",
    "EventBlob_SpecificKnightOnAssignment": "{0} 가 잠시 자리를 비울 것입니다.",
    "EventBlob_ApothecaryOnAssignment": "1 아포세카리가 잠시 자리를 비울 것입니다.",
    "EventBlob_SomeWoundedKnightsMayBeLost": "몇몇 부상당한 기사를 영구히 잃을 것입니다.",
    "EventBlob_WoundedKnightsAtRisk": "부상당한 기사가 위험을 겪을 것입니다.",
    "EventBlob_LibrisWillBeAtRisk": "리브리스가 위험을 겪을 것입니다.",
    "EventBlob_RequiresBloomExcision": "블룸 제거가 필요합니다.",
    "EventBlob_WillRiskDamageToApothecarion": "아포세카리온이 위험을 겪을 것입니다.",
    "EventBlob_WillRiskDamageToWarpDrive": "워프 드라이브가 위험을 겪을 것입니다.",
    "EventBlob_VoidShieldsAtRisk": "보이드 실드 발전기가 위험을 겪을 것입니다.",
    "EventBlob_EnhancedGellarField_Complete": "강화된 겔러필드가 필요합니다.",
    "EventBlob_MayDelayResearch": "연구를 늦출 수도 있습니다.",
    "EventBlob_WillDelayResearch": "연구를 늦출 것입니다.",
    "EventBlob_ResearchMayNotComplete": "연구 계획이 끝나지 않을 수도 있습니다.",
    "EventBlob_CurrentResearchCanceled": "지금 진행중인 연구 계획이 취소됩니다.",
    "EventBlob_CurrentReconstructionCanceled": "지금 진행중인 건설 계획이 취소됩니다.",
    "EventBlob_YourOperationsWillBeSeverelyImpaired": "작전이 심각하게 약화됩니다.",
    "EventBlob_ShipOperationsWillBeSeverelyAffected": "함선 작전에 심각한 영향을 줍니다.",
    "EventBlob_EdictImmobilized": "칙령함 이동 불가.",
    "EventBlob_Delayed3Days": "3일 간 지연될 것입니다.",
    "EventBlob_WillTakeTime": "시간이 걸릴 것입니다.",
    "EventBlob_WillTakeTimeAndCostEsteem": "시간과 타이탄의 호의가 필요할 것입니다.",
    "Lunete_Low_Morale_Description": "-50% 건설 속도",
    "Lunete_High_Morale_Description": "+100% 건설 속도",
    "Ectar_Wounded_Title": "엑타르 - 부상당함",
    "Titan_High_Support_Title": "카이 - 많은 지원",
    "Vakir_Wounded_Title": "바키르 - 부상당함",
    "Titan_Low_Support_Title": "카이 - 적은 지원",
    "EventBlob_YouWillLose1Prognosticar": "프로그노스티카를 1명 잃을 것입니다.",
    "Provision_Exterminatus_Unavailable": "익스터미나투스 시스템 비활성화.",
    "Immobilized_Description": "0% 함선 속도",
    "OutOfControlBloom_Title": "강력한 공명",
    "DestroyAReaper_Description": "실패한다면 카이는 불쾌할 것입니다",
    "Lunete_Reconstruction_Suspended_Description": "0% 건설 속도",
    "Titan_Low_Support_Description": "병기고 잠김",
    "EventBlob_YourKnightsWillGainExperienceMoreQuickly": "기사들이 경험치를 더 많이 받을 것입니다.",
    "EventBlob_YouWillLose1Seed": "씨앗을 1개 잃을 것입니다.",
    "EventBlob_YouWillLoseAMasterCraftedStormBolter": "장인 제작 스톰 볼터를 잃을 것입니다.",
    "Provision_HullDamage": "[r:-{0} 선체 내구도]",
    "Provision_Damaged_Augurium": "[r:예언의 전당 손상됨]\n     [r:프로그노스티카 비활성화]",
    "Provision_Damaged_Libris": "[r:리브리스 말레우스 손상됨]\n     [r:-50% 연구 속도]\n     [r:리브리스 업그레이드 비활성화]",
    "Provision_Damaged_Libris_NoProject": "[r:리브리스 말레우스 손상됨]\n     [r:리브리스 업그레이드 비활성화]",
    "Provision_Damaged_AugmentationChamber": "[r:증강실 손상됨]\n     [r:-{0} 서비터]\n     [r:서비터 생산 비활성화]",
    "Provision_Damaged_Apothecarion_NoKnight": "[r:아포세카리온 손상됨]\n     [r:-50% 부상 회복 속도]",
    "Provision_Damaged_Exterminatus": "[r:익스터미나투스 손상됨]\n     [r:익스터미나투스 파괴됨]",
    "Provision_Damaged_VoidShields": "[r:보이드 실드 손상됨]\n     [r:칙령함이 +1 피해를 입음]",
    "Event_Kai_FullName": "바르단 카이",
    "Event_TentacleShip_SubTitle": "데스 가드 함대",
    "Event_APaladinsQuest_BloomMissionCompleted_Footer": "{0} 성계: -2 오염",
    "Event_OutsideResearch_Expiry_SubTitle": "오래 지연됨",
    "Event_InsufficientGlory_Title": "영광의 요구",
    "Event_InsufficientGlory_MinorSuccess_Description": "그랜드 마스터 카이: 그래, 마침내 칙령함 내에 투지가 살아 숨쉬게 됐군! 나는 매우 만족스럽네. 우리는 황제폐하께서 선택한 자들일세, 사령관.",
    "Event_SecondReaperKilled_Description": "그랜드 마스터 카이: 또 다른 수확자를 워프로 보내버렸다는 기쁜 소식을 들었네 사령관. 그대의 승승장구는 전례가 없다네. 칙령함은 자네의 지도력으로 결단력 있는 결정을 내릴 수 있게됐네.",
    "EventBlob_KnightsAtSomeRisk": "기사들이 위험을 겪을 것입니다.",
    "EventBlob_4KnightsAtSomeRisk": "4명의 기사가 작은 위험을 겪을 것입니다.",
    "EventBlob_EdictAtSomeRisk": "함선이 작은 위험을 겪을 것입니다.",
    "EventBlob_CrewAtSomeRisk": "선원들이 작은 위험을 겪을 것입니다.",
    "EventBlob_EdictAndCrewMayBeAtRisk": "함선과 선원들이 위험을 겪을 수도 있습니다.",
    "EventBlob_EdictAndCrewAtGreatRisk": "함선과 선원이 큰 위험을 겪을 것입니다",
    "EventBlob_EdictAndPlanetMayBeAtRisk": "함선과 행성이 위험을 겪을 수도 있습니다.",
    "Provision_Vakir_Low_Morale": "[r:바키르 - 짜증남 ({0} 일)]\n     [r:-50% 연구 속도]",
    "Provision_Vakir_Wounded": "[r:바키르 - 부상당함 ({0} 일)]\n     [o:스트라타젬 잠김]",
    "Provision_Lunete_High_Morale": "[g:루네테 -  통찰 ({0} 일)]\n     [g:+100% 건설 속도]",
    "Provision_Ectar_Low_Morale": "[r:엑타르 - 분노함 ({0} 일)]\n     [r:-50% 경험치 성장률]",
    "Provision_Barracks_Low_Morale": "[r:기사들 - 낮은 사기 ({0} 일)]\n     [r:모든 기사: -1 최대 의지력]",
    "Provision_Titan_Low_Support": "[r:카이 - 적은 지원 ({0} 일)]\n     [r:병기고 잠김]",
    "Provision_Immobilized": "[o:칙령함 - 이동 불가 ({0} 일)]\n     [o:0% 함선 속도]",
    "Provision_KnightState_RecoverToWounded": "[g:{0}: 치명적인 상처 회복]",
    "EventBlob_Only_Grimoires_CoreReward": "[b:모든 주요 보상: 마도서 (다음 보고 전까지)]",
    "EventBlob_PrognosticarsBlocked90Days": "[r:프로그노스티카 작동 중단 (90 일)]",
    "EventBlob_MustCompleteAllGloriousDeeds": "[b:모든 영광스러운 과업을 달성해야 한다.]",
    "Event_LowOnServitors_Arrival_SubTitle": "메카니쿠스 창고",
    "Event_LowOnServitors_Expiry_Description": "도미누스 루네테: 갱신: 아뎁투스 메카니쿠스의 설비에 대한 징발령이 만료되었으며, 서비터들은 다시 반환되었습니다.",
    "EventBlob_EctarAtSomeRisk": "엑타르가 작은 위험을 겪을 것입니다.",
    "EventBlob_VakirMayBeAtSomeRisk": "바키르가 위험을 겪을 수도 있을 것입니다.",
    "EventBlob_LuneteWillBeUnavailable": "루네테가 잠시 자리를 비울 것입니다.",
    "EventBlob_4KnightsOnAssignment": "4명의 기사가 잠시 자리를 비울 것입니다.",
    "EventBlob_SomeKnightsOnAssignment": "몇몇 기사가 잠시 자리를 비울 것입니다.",
    "EventBlob_LibrisMayBeAtRisk": "리브리스가 위험을 겪을 수도 있을 것입니다.",
    "EventBlob_AugmentationChamberWillNeedRepair": "명상실에 수리가 필요합니다.",
    "EventBlob_TrustGellarField_Complete": "겔러필드에 대한 믿음.",
    "EventBlob_WillDelayReconstruction": "건설이 조금 지연됩니다.",
    "EventBlob_ForceReconstructionProject": "서비터를 {0} 잃습니다. 진행 중인 계획이 취소됩니다.",
    "Event_LowOnServitors_SubTitle": "루네테의 요청",
    "Event_LowOnServitors_Footer": "새로운 장소 표시됨",
    "Event_OutsideResearch_Footer": "새로운 장소 표시됨",
    "Event_OutsideReserach_Calendar_Description": "바키르의 조사",
    "Event_OutsideResearch_Arrival_SubTitle": "도착",
    "Event_OutsideResearch_HelpingHand_SubTitle": "블룸의 진행에 대항하여",
    "Event_OutsideResearch_Observation_SubTitle": "실패한 연구물 확인",
    "Event_OutsideResearch_Observation_Footer": "새로운 패시브: 실험적 접종",
    "Event_ResearchBreakthrough_SubTitle": "연구 갱신",
    "Event_SeedAccident_Title": "씨앗 소실",
    "Event_SeedCorruption1_Title": "위험한 씨앗",
    "Event_SeedCorruption1_SubTitle": "안전 의례",
    "Event_SeedCorruption2_Title": "위험한 씨앗",
    "Event_Shortcut_SubTitle": "예상 밖의 폭풍",
    "Event_SoloMission_SubTitle": "프로그노스티카 발언",
    "Event_SoloMission_Lost_Footer": "{0}: +2 오염",
    "Event_SpaceHulk_Title": "스페이스 헐크",
    "Event_SpaceHulk_SubTitle": "위험한 발견",
    "Event_SurgicalProblems_Arrival_SubTitle": "간호단 시설",
    "Event_SurgicalProblems_Arrival_Calendar_Description": "치료 대기 중",
    "Event_SurgicalProblems_Expiry_Description": "엑타르 형제: 사령관. 유감스럽지만, 우리들의 부상 당한 형제가 다시는 일어서지 못하게 되었습니다. 그레이 나이트는 귀중한 자원입니다. 우리가 희생하여 만든 결과에 사령관께서 만족하셨을 것이라 믿습니다.",
    "Event_SurgicalProblems_Recovery_SubTitle": "회복 진행 중",
    "Event_WarpStorms_Title": "최고천의 격분",
    "Event_TooLongInAct1_Footer": "서둘러야 합니다!",
    "Event_DaemonicInvasion_Title": "악마의 침공",
    "Event_DaemonicInvasion_Description": "엑타르 형제: 사령관 워프 스톰으로 함선의 겔러필드가 과부화 됐습니다! 악마들의 침공이 여러 곳에 일어났고 형제들이 심각한 부상을 입었습니다.",
    "Event_DaemonicInvasion_Footer": "3 기사: 부상당함",
    "Event_GrimoireDestroyed_Title": "마도서 파괴됨",
    "Event_KnockedOffCourse_WarpStorm_Footer": "-1 선체 내구도",
    "Event_HullDamage_Title": "선체 피해입음",
    "Event_KnockedOffCourse_WarpStorm_Title": "항로에서 벗어남",
    "Event_SeedResonance_Title": "공명하는 씨앗",
    "Event_NoContact_Footer": "목표를 향해 계속 이동",
    "Event_NoContact_Title": "접촉 없음",
    "Event_DelayingTactics_Title": "지연 전술",
    "Event_BypassOpportunity_Title": "워프 통로",
    "Event_AssaultOnTheLibris_Title": "집중된 공격",
    "Event_ServitorsCorrupted_Title": "불규칙한 서비터",
    "Event_InternalDamage_Title": "알 수 없는 폭발",
    "Event_GMFollowup_SendTheInquisitor_SubTitle": "수사 완료",
    "Event_GMFollowup_ContactOtherGM_SubTitle": "그랜드 마스터 레오라크 답변",
    "Event_GMFollowup_ContactOtherGM_Title": "생산적인 간청",
    "Event_WarpGrapple_Title": "갈고리 작전",
    "Event_VirulenceAugmentorB_Title": "역겨운 분사",
    "Event_VirulenceAugmentorA_Title": "역겨운 분사",
    "Barracks_Damaged_Status_Title": "막사: 손상됨",
    "Provision_KnightState_RecoverKnight": "[g:전투 준비 완료: {0}]",
    "Provision_BattleInteraction_Requirement_-2": "적 함선이 압도적입니다",
    "Provision_AddMaxHP": "[g:{0}: +{1} 체력]",
    "Provision_LoseMaxHP": "[r:{0}: -{1} 체력]",
    "Provision_AddResilience": "[g:{0}: +{1} 회복력]",
    "Provision_LoseResilience": "[r:{0}: -{1} 회복력]",
    "Provision_RemoveShipStatus": "[g:{0}: 취소됨]",
    "Provision_ExtendShipStatus": "[r:{0} (+{1} 일)]",
    "Provision_GainKnight": "[g:{0} 추가됨 ({1})]",
    "Provision_GainRandomEquipment": "[g:{0} 추가됨 ({1})]",
    "Provision_LoseEquipment": "[r:{0} 소실]",
    "Provision_AddCorruption": "[r:+{0} 오염]",
    "Provision_SubtractCorruption": "[g:-{0} 오염]",
    "Provision_ExterminatusLaunched": "[o:익스터미나투스 발사됨]",
    "Provision_SetResilienceTo1": "[r:{0}: 회복력 1로 설정]",
    "Provision_MissionFailed": "[r: 임무 실패]",
    "Provision_PlanetTeleported": "[o: 행성 --> {0} 성계]",
    "Provision_EdictTeleportedToRandomSystem": "[o:칙령함: 항로를 크게 벗어남]",
    "Provision_EdictTeleportedToDestination": "[g:칙령함: 목적지에 도달함]",
    "Provision_DeathGuardShip": "[r:새로운 데스 가드 순양함]",
    "Provision_EdictRetreats": "[o:칙령함 후퇴]",
    "Provision_EnemyShipRetreats": "[o:적 순양함 후퇴]",
    "Provision_EnemyShipBypassed": "[g:적 순양함 우회함]",
    "Provision_EnemyShipDestroyed": "[g:적 순양함 파괴됨]",
    "Provision_CurrencyCost": "{0} {1}을(를) 잃을 것입니다.",
    "Provision_CurrencyCostUnaffordable": "{0} {1}이 필요합니다.",
    "Provision_SeedCost": "{0} 씨앗을 잃습니다.",
    "Provision_SeedCostUnaffordable": "{0} 씨앗이 필요합니다.",
    "Provision_KnightState_HealthyKnightsRequirement": "{0} 전투 준비된 기사가 필요합니다.",
    "Provision_CharacterUnavailable": "{0} 비활성화.",
    "Provision_KnightState_SpecificKnightRequirement": "사용 가능한 {0}가 필요합니다..",
    "Provision_KnightState_SpecificKnightRequirement_Healthy": "전투 준비된 {0}가 필요합니다.",
    "EventBlob_WeMayBeHereForSomeTime": "이곳에 잠시 머무를 것입니다.",
    "EventBlob_WeWillBeHereForSomeTime": "이곳에 머무를 것입니다.",
    "EventBlob_WeWillBeHereForALongTime": "이곳에 긴 시간 머무를 것입니다.",
    "EventBlob_YouWillLoseManySeeds": "많은 씨앗을 잃을 것입니다.",
    "EventBlob_YouWillGainSomeServitors": "서비터를 약간 얻을 것입니다.",
    "EventBlob_YouWillLoseSomeServitors": "서비터를 약간 잃을 것입니다.",
    "EventBlob_YouWillLoseSomeSeeds": "씨앗을 약간 잃을 것입니다.",
    "EventBlob_YouWillLoseAllSeeds": "모든 씨앗을 잃을 것입니다.",
    "EventBlob_YouWillLoseHalfSeeds": "씨앗의 절반을 잃을 것입니다.",
    "EventBlob_OurSeedsMayBeAtRisk": "씨앗에 위협이 닥칠 것입니다.",
    "Provision_RequireEquipment": "{0} 의 장착되지 않은 장인 제작 아이템이 필요합니다.",
    "EventBlob_TheGrandMasterMayHearOfThis": "그랜드 마스터께서 들을 것입니다.",
    "EventBlob_TheGrandMasterWillNotBePleased": "그랜드 마스터가 불쾌할 것입니다.",
    "EventBlob_UndertakeQuestRecoverGrimoire": "임무 착수: 마도서 탈환.",
    "EventBlob_CommitOneDeed": "이번 전투의 영광스러운 과업은 1개의 마도서를 보상으로 줍니다.",
    "EventBlob_CommitAllDeeds60Days": "60일간 모든 영광스러운 과업을 승낙해야 합니다.",
    "EventBlob_CrusadeOfRetribution": "모든 영광스러운 과업을 승낙해야 합니다(90일).",
    "EventBlob_YourKnightsWillCelebrate": "기사들이 승리를 기념할 것입니다.",
    "Provision_Exterminatus_Available": "익스터미나투스 어뢰를 장착할 것입니다.",
    "Provision_Exterminatus_Armed": "익터미나투스 이미 장착됨.",
    "Titan_High_Support_Description": "과업: +1 청구 자원",
    "Ectar_High_Morale_Title": "엑타르 - 열성적임",
    "Ectar_High_Morale_Description": "+50% 경험치 성장률",
    "Ectar_Low_Morale_Title": "엑타르 - 분노함",
    "Ectar_Low_Morale_Description": "-50% 경험치 성장률",
    "Ectar_Wounded_Description": "순수의 인장 비용: +1 씨앗",
    "Ectar_On_Assignment_Title": "엑타르 - 임무 중",
    "Ectar_On_Assignment_Description": "순수의 인장 비용: +1 씨앗",
    "Vakir_High_Morale_Title": "바키르 - 집중 중",
    "Vakir_High_Morale_Description": "+100% 연구 속도",
    "Vakir_Low_Morale_Title": "바키르 - 짜증남",
    "Vakir_Low_Morale_Description": "-50% 연구 속도",
    "Vakir_Wounded_Description": "스트라타젬 잠김",
    "Vakir_On_Assignment_Title": "바키르 - 임무 중",
    "Vakir_On_Assignment_Description": "0% 연구 속도",
    "Vakir_Research_Suspended_Title": "연구 중단됨",
    "Vakir_Research_Suspended_Description": "0% 연구 속도",
    "Lunete_High_Morale_Title": "루네테 - 통찰",
    "Lunete_Low_Morale_Title": "루네테 - 혼란",
    "Lunete_Wounded_Title": "루네테 - 부상당함",
    "Lunete_Wounded_Description": "건설 : +4 서비터 추가",
    "Lunete_On_Assignment_Title": "루네테 - 임무 중",
    "Lunete_On_Assignment_Description": "0% 건설 속도",
    "Lunete_Reconstruction_Suspended_Title": "건설 중단됨",
    "Barracks_High_Morale_Title": "기사들 - 높은 사기",
    "Barracks_High_Morale_Description": "모든 기사: +1 최대 의지력",
    "Barracks_Low_Morale_Title": "기사들 - 낮은 사기",
    "Barracks_Low_Morale_Description": "모든 기사: -1 최대 의지력",
    "Immobilized_Title": "칙령함 - 이동 불가",
    "PrognosticarsBlocked_Title": "프로그노스티카 비활성화",
    "PrognosticarsBlocked_Description": "프로그노스티카는 아무 효과가 없습니다",
    "OutOfControlBloom_Description": "블룸 전파 가속",
    "MustAcceptAllDeeds_Title": "임무: 복수의 성전",
    "DestroyAReaper_Title": "임무: 수확자를 파괴",
    "MustAcceptAllDeeds_Description": "모든 영광스러운 과업을 승낙해야 합니다",
    "Event_DeepDamage_Description": "도미누스 루네테: 경고. 최근 벌어진 소규모 접전으로 인해, 중요 시스템들이 피해를 입었습니다! 칙령함의 한정된 설비들로 인해, 추가적인 수리 작업은 연쇄적 기능 부전으로 이어질 수 있는 위험이 있습니다.\n\n해결책은 다음과 같습니다. 이 구역에 아뎁투스 메카니쿠스는 이 구역에서 설비를 완전히 갖춘 도킹 스테이션을 운영중이니 칙령함을 가능한 한 신속히 해당 위치로 향하게 하십시오.",
    "Event_DeepDamage_Expiry_Description": "도미누스 루네테: 위기 발생. 구조적 결함 처리 실패로 인해, 다수의 시스템이 파괴됐습니다. 손상 부위 경감을 위해 모든 활동을 집중할 것이며, 제조 공장에서 진행 중인 프로젝트들은 일시 중단됩니다.\n\n{damaged_systems_names_only}",
    "Event_GrimoireNeeded_Expiry_Description": "이단심문관 바키르: 사령관. 우리가 꾸물거리지만 않았어도, 이 연구 활동은 아직 유효했을 겁니다. 하지만 여전히 추가적인 조사를 진행할만 한 질병 매개체들이 있군요. 흐음... 어쩌면 제가 다시 살펴볼 수도 있겠군요. 혹은, 우리의 힘을 다른곳에 전념해야 할 시간입니까? 리브리스 말레우스 안에서 당신의 지시를 기다리겠습니다.",
    "Event_InsufficientGlory_Failure_Description": "그랜드 마스터 카이: 사령관. 자네는, 그레이 나이트에 맞선다는 것이 어떤 의미인지를 적들에게 보여주겠다는 맹세를 한 바가 있네. 자네의 통솔력을 영원히 지키려면, 자신의 맹세를 지키는 법을 배워야 할 걸세!",
    "Event_InsufficientGlory_MajorSuccess_Description": "그랜드 마스터 카이: 자네 측 사람들의 위대한 행보를 알리는 소식이, 이 타이탄의 전당까지도 날아와 닿았네! 자네들은 진정으로 신성한 검을 짊어진 사람들일세!",
    "Event_LowOnServitors_Description": "도미누스 루네테: 경고. 서비터 예비 수량이 위험 수준까지 낮아졌습니다. 근처의 아뎁투스 메카니쿠스 저장소에 이를 알렸으며, 비축량 중 일부를 우리쪽에 할당했습니다. 하지만 해당 물량을 계속 보장받을 수는 없습니다. 우리의 천체 지도에 해당 좌표를 추가했습니다.",
    "Event_OutsideResearch_Description": "이단심문관 바키르: 사령관 제 서비터들이 흥미로운 수다를 통해 근처의 중간 기착지인 오피시오 메디카에에 대한 확인을 했습니다. 그들은 환자에게 블룸에 대항하기 위한 접종을 했다고 합니다. 우린 그 시설로 가서 조사를 해야해요. 천체 지도에 위치를 표시하겠습니다.",
    "Event_OutsideResearch_Expiry_Description": "이단심문관 바키르: 사령관 연구 시설에 가보자는 제 제안을 무시해서 안타깝군요. 보고에 따르면 해당 시설은 적에게 점거 당해 모든 인원이 학살당했다고 합니다. 만일 그곳에 무언가 발견이 있다해도 더 이상 알 수 없겠죠.",
    "Event_OutsideResearch_Observation_Description": "이단심문관 바키르: 아포세카리들이 메티가에의 예방접종에 대해 배웠습니다. 아쉽게도 실험은 실패였습니다. 강화되지 않은 몸으로는 그들의 엄격함을 견뎌낼 수 없었고 제가 도착했을 때 모든 환자들은 심각하게 아프거나 이미 끝난 상태였습니다... 하지만 이 방법을 기사들에게 적용해 적이 가하는 악영향에 대항해 사이킥 저항력을 올리는 이득을 얻을 수 있었습니다",
    "Event_ResearchBreakthrough_Description": "이단심문관 바키르: 사령관 제 연구를 통해 타개책을 알아냈습니다! 상세한 설명으로 귀찮지 않게 핵심만 말하자면 다음 우선 상황에 대해 집중할 수 있는 준비가 됐습니다.",
    "Event_SoloMission_Lost_Description": "엑타르 형제: 사령관 우리 소대가 블룸 이상 현상에 대한 임무에서 돌아왔으나 실망스러운 결과를 가져왔습니다. 그곳에는 역병 외과의가 배치되어 새로운 방법으로 씨앗을 뿌리고 있었던 것 같습니다. 우리 형제들이 그를 확인했으나 함정에 빠져 컬티스트 군대에게 가로막혔습니다. 컬트는 손쉽게 격퇴했으나 역병 외과의는 탈출했습니다.",
    "Event_SoloMission_TriumphantReturn_Description": "엑타르 형제: {knight:0} 가 고독한 임무에서 돌아와 명예로운 결과를 가져왔습니다! 그곳에는 역병 외과의가 배치되어 새로운 방법으로 씨앗을 뿌리고 있었던 것 같습니다... 우리 현제는 그의 컬트를 전멸시키고 그의 영혼을 영원한 지옥으로 보냈다고 합니다. 그 경험은 유용했고 돌아온 기사는 이전보다 강해지고 현명해졌습니다.",
    "Event_WarpStormDisturbanceA_Description": "이단심문관 바키르: 사령관 테크 프리스트가 이 섹터의 워프 스톰이 특이 현상을 일으켰다고 알려줬습니다. 그게 블룸과 연결된 사이킥 표식이 있다고 하는데... 연구해야 합니다.",
    "Event_WarpStormDisturbanceA_Expiry_Description": "이단심문관 바키르: 사령관 우리가 감지한 워프 스톰 이상 현상이 희미해지고 있습니다. 하지만 블룸 활동이 폭발적으로 일어났습니다.\n\n저의 제안대로 시간을 들여 연구를 했어야 했습니다. 이건 우리의 노력에 거대한 차질이 생겼습니다!",
    "Event_KnockedOffCourse_WarpStorm_Geller_Description": "도미누스 루네테: 갱신: 워프 스톰이 목적지로부터 먼 곳으로 날려버림. 하지만 최근 강화한 우리의 겔러필드가 피해를 막아냄.",
    "Event_HullDamage_Description": "도미누스 루네테: 경고: 워프 스톰이 칙령함의 표면을 공격 중! 심각한 선체 관통 감지됨! 이 이상의 노출은 파멸적인 고장 위협이 됨!",
    "Event_HullDamage_Geller_Description": "도미누스 루네테: 경고: 워프 스톰이 칙령함의 표면을 공격 중! 하지만 강화된 겔러 필드가 칙령함을 피해로부터 지켜줄 것으로 예상됨.",
    "Event_InternalDamage_Description": "도미누스 루네테: 상태: 워프 스톰의 불안정한 에너지가 칙령함 내부에 폭발을 일으킴! 현재 피해 평가 중.\n\n{0}",
    "Event_KnockedOffCourse_WarpStorm_Description": "도미누스 루네테: 갱신: 워프 스톰이 목적지로부터 먼 곳으로 날려버렸고 그 과정에서 피해를 입음.",
    "Event_NoContact_Description": "도미누스 루네테: 정보: 근방의 적 함선을 감지했지만 우리로부터 멀어지고 있습니다. 우연한 일이지만 방해 없이 계속 항해할 수 있을 것입니다.",
    "Event_OutsideResearch_HelpingHand_Description": "이단심문관 바키르: 사령관 이번 여정은 유익했습니다. 이 세계에 블룸을 둔화 시켰으니 말이죠. 불운하게도 이 해결책은 불안정한 지역의 화합물을 써야 하기에 다른 곳에는 적용할 수 없습니다...이제 전략적 목표로 돌아가야 합니다.",
    "Event_SurgicalProblems_Recovery_Description": "엑타르 형제: 우리 형제가 보급품 덕분에 회복했습니다. 아포세카리들은 우수한 성능을 가진 진보된 이식물도 설치할 수 있었습니다. 인내는 미덕입니다 사령관. 이번 배려에 감사합니다.",
    "Event_CastellanCrowe_Description": "카스텔란 크로: 사령관 난 당신의 임무의 진행상황을 면밀이 확인했으며 이 블룸이 오늘날 제국에 가장 심각한 위협이 될거라 생각합니다. 그랜드 마스터 카이이게 당신의 타격팀에 합류할것이라 전했고 당신과 함께 이 오염을 제거하게 되어 영광입니다. 함께 이 블룸을 끝냅시다!",
    "Event_WarpStormDisturbanceB_Description": "도미누스 루네테: 경고: 센서 정보에 따르면 섹터에 이상 현상의 징후가 나타났습니다. 근원이 근처의 워프 스톰 무리가 나타났을 확률은 92%입니다. 이 이상 현상에 대한 좌표를 천체 지도에 입력했습니다.",
    "Event_WarpStorms_Description": "도미누스 루네테: 경고: 프로그노스티카 섹터 전체에 걸쳐 여러 개의 성계 워프 균열이 발생했다고 보고했습니다. 천체 지도에 좌표가 갱신되었습니다.\n\n현재 데이터는 적절한 분석을 수행하기에 충분하지 않습니다. 이 정도 규모의 워프 스톰은 전례가 없지만 77.9% 확률로 진화 중인 블룸 현상에 의한 것으로 보입니다.",
    "Event_PuritySeals_Description": "이단심문관 바키르: 사령관, 저는 크래프트월드에서 나온 정보를 연구해 왔으며 블룸 씨앗의 새로운 용도를 찾았습니다. 엑타르 형제 마지못해서 그것들이 재로 변할 때까지 순결한 불에서 녹이는 것을 동의했습니다. 그런데 이 타고 남은 재를 에테르에 버리는 대신, 그것을 축성된 잉크로 만들고 순수의 인장에 성스러운 찬송가를 적어 넣어 당신의 기사들의 무기와 갑옷에 장식할 수 있게 쓰겠습니다.",
    "Event_GrimoireDestroyed_Description": "이단심문관 바키르: 사령관, 이 워프 스톰은 이상할 정도로 파괴적입니다! 악마의 통찰력을 담고 있는 마도서가 순식간에 검은 먼지로 쪼그라들었습니다. 나는 서기관들에게 리브리스의 다른 책들을 계속 주시하라고 지시했지만, 이 책은 쉽게 대체할 수 없습니다.",
    "Event_GMFollowup_ContactOtherGM_Description": "이단심문관 바키르: 사령관, 7 형제단의 그랜드 마스터 레오라크로부터 답변을 받았습니다. 그는 진정한 학자이며 우리 작업의 중요성을 즉시 알아 봤습니다. 불행히도 그는 무기고가 바르단 카이의 손에 있음을 알려줬지만 제 연구에 매우 귀중한 것으로 판명된 몇 가지 책을 받을 수 있었습니다.",
    "Event_GMFollowup_SendTheInquisitor_Description": "이단심문관 바키르: 사령관, 저는 이단심문소 연구 원정대의 공격에 대한 조사를 마치고 돌아왔습니다. 공격의 근원은 거의 남아 있지 않았으며 주로 주의를 분산시키기 위한 것으로 추정됩니다. 그래도 여정은 완전히 손해는 아니었습니다. 그곳에는 블룸에 감염된 정보 저장소가 있었는데, 이 정보 저장소는 일단 정화되면 이 역병에 대한 통찰력을 제공해줄 귀중한 자료가 될 것입니다.",
    "Event_TooLongInAct1_Description": "이단심문관 바키르: 사령관님, 증거에는 논란의 여지가 없습니다. 모달 전환이 일어난 블룸 씨앗은 이제 이전보다 더 강하게 공명하고 있습니다. 칙령함은 안전하지만, 당신의 프로그노스티카들은 이것이 더 가속된 전염의 새로운 국면을 예고하고 있다고 여기고 있습니다... 우리는 너무 늦기 전에 블룸의 근원을 공격해야만 합니다!",
    "MustComplete1Deed_Description": "당신이 실패한다면 카이가 화를 낼 것입니다",
    "EventBlob_EdictMayBeAtGreatRisk": "함선이 큰 위험을 겪을 수도 있습니다.",
    "MustComplete1Deed_Title": "임무: 영광스러운 과업을 완료",
    "ExterminatusBlocked_Status_Title": "익스터미나투스 금지",
    "ExterminatusBlocked_Status_Description": "카이가 그것의 사용을 금지합니다"
}
