{
    "TOOLTIP_StarMap_Title": "천체 지도",
    "TOOLTIP_SupportSystems_Title": "보조 시스템",
    "TOOLTIP_ServitorCost_Description": "이 건설 프로젝트를 시작하기 위해 필요한 서비터의 요구량입니다.",
    "TOOLTIP_Prerequisites_Description": "이 프로젝트를 시작하기 위해서 반드시 완료해야만 하는 건설 프로젝트의 목록입니다.",
    "TOOLTIP_LibrisMalleus_Title": "리브리스 말레우스",
    "TOOLTIP_KnightReward_Description": "이 임무를 성공적으로 완료하게 되면 이 기사를 얻을 수 있습니다.",
    "TOOLTIP_BarracksCapacity_Description": "전투에 투입될 수 있는 기사들의 현재 숫자와 최대 수용량을 나타냅니다. [b:메뉴팩토룸]에서 막사를 업그레이드하여 최대 수용량을 증가시킬 수 있습니다.",
    "TOOLTIP_BattleReady_Title": "전투 준비됨",
    "TOOLTIP_CriticalWound_Description": "이 기사는 치명상을 입었으며, 회복될 때까지 전투에 투입할 수 없습니다.",
    "TOOLTIP_Wounded_Description": "이 기사는 부상당했으며, 회복하기 전까지는 최대 체력가 감소된 상태로 전투에 투입될 것입니다.",
    "TOOLTIP_WarpSurgeRisk_Description": "행성의 [b:타락도]에 따라 매 턴마다, 그리고 당신이 [b:사이킥] 능력에 의지력을 소모할 때마다 [b:워프 파동] 수치가 증가합니다. 이 수치가 100%에 도달하게 되면 워프 파동을 발생시키며, 예측할 수 없는 결과를 가져옵니다.",
    "TOOLTIP_Ammo_Description": "원거리 능력은 매 턴마다 무제한으로 사용할 수 있으며 탄약을 소모합니다.  1 행동력을 사용하여 탄약을 최대치까지 재장전할 수 있습니다.",
    "TOOLTIP_Grenade_Description": "수류탄은 매 턴마다 한 번만 사용할 수 있으며 사용량을 소모합니다.  이 종류의 탄약은 전투 중에는 일반적인 방식으로 재충전할 수 없습니다.",
    "TOOLTIP_ActionPoints_Description_Short": "이 유닛이 한 턴에 취할 수 있는 최대 행동의 숫자를 나타냅니다. 기사들의 기본 행동력은 3이며, 특정 행동들은 행동력이 남아 있어도 유닛의 턴을 종료시킵니다.",
    "TOOLTIP_CampaignTimeline_Description": "이 캠페인을 진행하는 동안 티르타엔 태양일 기준으로 얼마나 많은 날이 흘렀는지를 표시하는 숫자입니다.",
    "TOOLTIP_PlanetView_Title": "행성 보기",
    "TOOLTIP_CampaignTimeline_Title": "캠페인 시간",
    "TOOLTIP_DefenseSystems_Title": "방어 시스템",
    "TOOLTIP_ServitorCost_Title": "서비터 요구량",
    "TOOLTIP_ConstructionTime_Title": "건설 시간",
    "TOOLTIP_ConstructionTime_Description": "이 건설 프로젝트가 완료될 때까지 소요되는 예상 캠페인 일수입니다.",
    "TOOLTIP_Prerequisites_Title": "선행 조건",
    "TOOLTIP_MissionReward_Title": "임무 보상",
    "TOOLTIP_CurrencyReward_Description": "이 임무를 성공적으로 완료하게 되면 표시된 보상을 얻을 수 있습니다.",
    "TOOLTIP_CurrencyReward_S_Description": "이 임무를 성공적으로 완료하여 표시된 자원을 획득하였습니다.",
    "TOOLTIP_ChaosGate_Title": "관문 열림",
    "TOOLTIP_ChaosGate_F_Description": "카오스 관문이 열려 이 성계를 잃었습니다.",
    "TOOLTIP_MoreInformation_Title": "더 많은 정보",
    "TOOLTIP_ArmouryMeleeReward_Title": "근접 무기",
    "TOOLTIP_ArmouryRangedReward_Title": "원거리 무기",
    "TOOLTIP_ArmouryArmourReward_Title": "장갑",
    "TOOLTIP_ArmouryWargearReward_Title": "워기어",
    "TOOLTIP_PersonnelSystems_Title": "승무원 시스템",
    "TOOLTIP_KnightReward_S_Description": "이 임무를 성공적으로 완료하여 이 기사를 얻었습니다.",
    "TOOLTIP_ArmouryKnightReward_Title": "증원",
    "TOOLTIP_ArmouryKnightReward_Description": "{0} 계급 {1}",
    "TOOLTIP_ArmouryReward_Description": "{0} 등급 {1}",
    "TOOLTIP_ArmouryReward_Locked": "잠김",
    "TOOLTIP_ArmouryReward_Nothing": "없음",
    "TOOLTIP_Strategium_Title": "스트라테지움",
    "TOOLTIP_Manufactorum_Title": "제조공장",
    "TOOLTIP_BarracksCapacity_Title": "막사 수용량",
    "TOOLTIP_Rank_Title": "계급",
    "TOOLTIP_BattleReady_Description": "이 기사는 언제든지 전투에 투입할 수 있습니다.",
    "TOOLTIP_CriticalWound_Title": "치명상",
    "TOOLTIP_Promotion_Title": "진급 가능",
    "TOOLTIP_Promotion_Description": "이 기사를 진급시킬 수 있습니다. 능력 메뉴에서 능력 점수를 사용하십시오.",
    "TOOLTIP_Wounded_Title": "부상당함",
    "TOOLTIP_Equipment_Title": "{0}",
    "TOOLTIP_OnMission_Title": "임무 중",
    "TOOLTIP_OnMission_Description": "이 기사는 임무에 투입되어 떠난 상태이며, 돌아올 때까지 전투에 투입할 수 없습니다.",
    "TOOLTIP_Stat_Title": "{0}",
    "TOOLTIP_ResearchRequired_Title": "연구 필요함",
    "TOOLTIP_RotateCamLeft_Title": "카메라를 왼쪽으로 회전",
    "TOOLTIP_RotateCamRight_Title": "카메라를 오른쪽으로 회전",
    "TOOLTIP_SelectNextKnight_Title": "다음 기사 선택",
    "TOOLTIP_SelectPrevKnight_Title": "이전 기사 선택",
    "TOOLTIP_WarpSurgeRisk_Title": "워프 파동 위험",
    "TOOLTIP_EnemyUnitsDetected_Title": "적 유닛 감지됨",
    "TOOLTIP_EnemyPatrolDetected_Title": "적 순찰대 감지됨",
    "TOOLTIP_NoAmmo_Title": "탄약 불필요함",
    "TOOLTIP_NoAmmo_Description": "근접 공격은 매 턴마다 무제한으로 사용할 수 있으며 탄약을 필요로 하지 않습니다.",
    "TOOLTIP_Ammo_Title": "탄약",
    "TOOLTIP_Skull_Title": "서보 스컬 사용량",
    "TOOLTIP_Grenade_Title": "수류탄 사용량",
    "TOOLTIP_PsychicAbility_Title": "사이킥 능력 사용량",
    "TOOLTIP_PsychicAbility_Description": "사이킥 능력은 매 턴마다 한 번만 사용할 수 있으며 의지력을 소모합니다.  사용한 의지력마다 5만큼 워프 파동 수치를 증가시킵니다.",
    "TOOLTIP_Willpower_Description_Short": "액티브 능력을 사용하는 데 소모되는 기사의 사이킥 능력입니다. WP의 사용은 [b:워프 파동] 수치를 증가시킵니다.",
    "TOOLTIP_Skull_Description": "서보 스컬은 매 턴마다 한 번만 사용할 수 있으며 사용량을 소모합니다.  이 종류의 탄약은 전투 중에는 일반적인 방식으로 재충전할 수 없습니다.",
    "TOOLTIP_GrenadeAmmo_Title": "수류탄 사용 횟수",
    "TOOLTIP_PrognosticarInactive_Title": "할당된 프로그노스티카 없음",
    "TOOLTIP_PrognosticarInactive_Description": "이 성계에는 프로그노스티카가 할당되어 있지 않습니다. 아우그리움에서 프로그노스티카를 할당할 수 있습니다.",
    "TOOLTIP_PrognosticarActive_Title": "프로그노스티카 할당됨",
    "TOOLTIP_PrognosticarActive_Description": "이 성계에 프로그노스티카가 할당되어 있습니다. 따라서 전투 임무 중 모든 효과를 받을 수 있습니다.",
    "TOOLTIP_DolorusCost_Title": "돌로러스 씨앗 비용",
    "TOOLTIP_MortusCost_Title": "모르투스 씨앗 비용",
    "TOOLTIP_NecrosusCost_Title": "네크로수스 씨앗 비용",
    "TOOLTIP_PoxusCost_Title": "폭서스 씨앗 비용",
    "TOOLTIP_TentarusCost_Title": "텐타루스 씨앗 비용",
    "TOOLTIP_Rank_Description": "이 기사가 달성한 현재의 계급입니다.",
    "TOOLTIP_Commune_Title": "쓰러진 자들과의 교감",
    "TOOLTIP_Commune_Description": "스테이시스 챔버가 필요합니다: 당신의 쓰러진 형제들과 교감함으로서 추가적인 능력 점수를 얻거나 능력을 재설정하고 새로운 능력을 선택할 수 있습니다.",
    "TOOLTIP_GrenadeAmmo_Description": "장비하고 있는 수류탄의 전투 중 사용 한도를 증가시킵니다.",
    "TOOLTIP_GrenadeArea_Title": "수류탄 범위",
    "TOOLTIP_GrenadeArea_Description": "장비하고 있는 수류탄의 전투 중 폭발 범위를 증가시킵니다.",
    "TOOLTIP_GrenadeDamage_Title": "수류탄 피해량",
    "TOOLTIP_GrenadeDamage_Description": "장비하고 있는 수류탄의 전투 중 피해량(DMG)을 증가시킵니다.",
    "TOOLTIP_GrenadeRange_Title": "수류탄 사거리",
    "TOOLTIP_GrenadeRange_Description": "장비하고 있는 수류탄의 전투 중 사거리를 증가시킵니다.",
    "TOOLTIP_OverwatchDamage_Title": "피해량 (경계)",
    "TOOLTIP_OverwatchDamage_Description": "이 기사의 경계 능력으로 입히는 피해가 증가합니다.",
    "TOOLTIP_SkullAmmo_Title": "서보 스컬 사용량",
    "TOOLTIP_SkullRange_Title": "서보 스컬 사거리",
    "TOOLTIP_SkullAmmo_Description": "장비하고 있는 서보 스컬의 전투 중 사용 횟수를 증가시킵니다.",
    "TOOLTIP_SkullRange_Description": "장비하고 있는 서보 스컬의 전투 중 사거리를 증가시킵니다.",
    "TOOLTIP_StunDamage_Title": "기절 피해량 보너스",
    "TOOLTIP_StunDamage_Description": "이 무기가 대상을 공격했을 때 추가 기절 피해를 가합니다. 기절한 대상을 향한 다음 공격은 항상 치명타로 적중하며 유효한 목표 부위가 있을 경우 [b:처형]이 가능합니다.",
    "TOOLTIP_ImmunityWeakened_Description": "이 기사는 약화됨 상태 이상에 걸리지 않습니다.",
    "TOOLTIP_ImmunityPlague_Title": "면역 (역병)",
    "TOOLTIP_ImmunityPlague_Description": "이 기사는 역병 상태 이상에 걸리지 않습니다.",
    "TOOLTIP_ImmunityHazards_Title": "면역 (위험 구역)",
    "TOOLTIP_ImmunityHazards_Description": "이 기사는 위험 구역으로 인한 부정적인 영향이나 피해를 받지 않습니다.",
    "TOOLTIP_ImmunityImmobilized_Title": "면역 (이동 불가)",
    "TOOLTIP_ImmunityImmobilized_Description": "이 기사는 이동 불가 상태 이상에 걸리지 않습니다.",
    "TOOLTIP_ImmunityPinned_Title": "면역 (제압당함)",
    "TOOLTIP_ImmunityPinned_Description": "이 기사는 제압당함 상태 이상에 걸리지 않습니다.",
    "TOOLTIP_ImmunityWeakened_Title": "면역 (약화됨)",
    "TOOLTIP_ImmunityHobbled_Title": "면역 (둔화됨)",
    "TOOLTIP_ImmunityHobbled_Description": "이 기사는 둔화됨 상태 이상에 걸리지 않습니다.",
    "TOOLTIP_Reinforcements_Title": "워프 증원",
    "TOOLTIP_BloomReduction_S_Description": "이번 임무를 성공시 표기된 양만큼의 행성의 블룸 오염도를 줄이게 될 것입니다.",
    "TOOLTIP_BloomReduction_Title": "블룸 축소",
    "TOOLTIP_BloomReduction_Description": "이번 임무를 성공시 표기된 양만큼의 행성의 블룸 오염도를 줄이게 될 것입니다.",
    "TOOLTIP_ResearchRequired_Description": "블룸 씨앗의 정화 연구를 완료해 장비 업그레이드를 잠금 해제하시오.",
    "TOOLTIP_Objective_Bloomspawn_Title": "목표: 블룸스폰",
    "TOOLTIP_Objective_ChaosGate_Title": "목표: 카오스 관문",
    "TOOLTIP_Objective_Spreader_Title": "목표: 스프레더",
    "TOOLTIP_Objective_Beacon_Title": "목표: 신호기",
    "TOOLTIP_ImmunityDrained_Title": "면역 (흡수)",
    "TOOLTIP_Objective_SeedCarrier_Title": "목표: 씨앗 운반자",
    "TOOLTIP_Objective_Destination_Title": "목표: 목적지",
    "TOOLTIP_ImmunityDrained_Description": "이 기사는 흡수 상태 이상에 걸리지 않습니다."
}
