{
    "TUTORIAL_SMALLBOX_TITLE_FULL_COVER": "완전 엄폐",
    "TUTORIAL_SMALLBOX_BODY_FULL_COVER": "[b:완전 엄폐]는 직접 원거리 공격의 피해량을 100% 감소시킵니다.",
    "TUTORIAL_SMALLBOX_BODY_ACTIONS": "캐릭터들은 매 턴마다 3의 [b:행동력 (AP)]을 부여받습니다. 이 행동력은 이동, 공격, 능력에 사용할 수 있습니다. 원거리 공격을 선택하십시오.",
    "TUTORIAL_SMALLBOX_BODY_HALF_COVER": "[b:부분 엄폐]는 원거리 공격에 대한 일정량의 피해 감소를 제공합니다.",
    "TUTORIAL_SMALLBOX_BODY_MELEEB": "{0}을(를) 다시 누르면 표적으로 이동해 근접 공격을 가합니다.",
    "TUTORIAL_SMALLBOX_BODY_AEGISSHIELD": "이지스 실드는 1턴간 일시적으로 추가 [b:장갑]을 제공합니다. [b:장갑]은 각 포인트당 1의 피해량을 흡수하여 체력의 손실을 방지합니다.",
    "TUTORIAL_SMALLBOX_BODY_ENTER": "아그라베인을 건물 안쪽으로 이동시켜 문을 돌파하십시오.",
    "TUTORIAL_SMALLBOX_BODY_USE_THE_ENVIRONMENT": "위험한 물체들은 다음 아이콘으로 식별할 수 있습니다: <sprite name=SPT_Interactable>. 당신의 전술적인 이득을 위해 이들과 상호작용할수 있습니다.",
    "TUTORIAL_SMALLBOX_BODY_OVERWATCHB": "커서를 움직여 경계 구역 방향을 지정할 수 있습니다.",
    "TUTORIAL_SMALLBOX_BODY_OVERWATCHD": "다수의 [b:경계 구역]을 겹쳐 배치하여 접근해 오는 적 근접 병력을 약화시키십시오.",
    "TUTORIAL_SMALLBOX_BODY_REAR_STRIKE": "근접 무기를 가진 적은 당신이 근접 범위에서 벗어나려고 하면 자동으로 당신을 타격할 것입니다.",
    "TUTORIAL_SMALLBOX_TITLE_CONFIRM_MOVE": "이동 확정",
    "TUTORIAL_SMALLBOX_BODY_CONFIRM_MOVE": "{0}을(를) 다시 눌러 이동을 확정하십시오.",
    "TUTORIAL_SMALLBOX_TITLE_CAMERA": "카메라",
    "TUTORIAL_SMALLBOX_TITLE_MOVE": "이동",
    "TUTORIAL_SMALLBOX_BODY_MOVE": "커서를 이 위치로 이동하고 {0}을(를) 눌러 위치를 선택하십시오.",
    "TUTORIAL_SMALLBOX_BODY_CAMERA": "{0}{1}{2}{3}을(를) 눌러 카메라를 대성당으로 이동시키십시오.",
    "TUTORIAL_SMALLBOX_TITLE_ACTIONS": "행동",
    "TUTORIAL_SMALLBOX_INSTR_QUICKLY": "팁: {0}을(를) 눌러 이 능력을 빠르게 선택할 수 있습니다.",
    "TUTORIAL_SMALLBOX_TITLE_TARGETING": "표적 선택",
    "TUTORIAL_SMALLBOX_TITLE_FIRE": "표적 사격",
    "TUTORIAL_SMALLBOX_BODY_FIRE": "{0}을(를) 눌러 당신의 스톰 볼터를 사격하십시오. 당신의 원거리 공격 피해량은 거리와 엄폐물을 비롯한 요인에 영향을 받을 수 있습니다.",
    "TUTORIAL_SMALLBOX_TITLE_RELOAD": "재장전",
    "TUTORIAL_SMALLBOX_BODY_RELOAD": "팔라메데스의 스톰 볼터 탄약이 고갈되었습니다. 계속 사용하기 위해서는 즉시 [b:재장전]해야 합니다.",
    "TUTORIAL_SMALLBOX_TITLE_HALF_COVER": "부분 엄폐",
    "TUTORIAL_SMALLBOX_INSTR_HALF_COVER": "이올란투스를 이 곳으로 이동시키십시오.",
    "TUTORIAL_SMALLBOX_TITLE_MELEE": "근접 공격",
    "TUTORIAL_SMALLBOX_BODY_MELEE": "근접 공격은 근거리의 적에게 파괴적인 피해와 효과를 입힐 수 있습니다.",
    "TUTORIAL_SMALLBOX_INSTR_MELEE": "{0}을(를) 눌러 근접 공격 대상을 선택하십시오",
    "TUTORIAL_SMALLBOX_TITLE_MELEEB": "공격 확정",
    "TUTORIAL_SMALLBOW_INSTR_ALSO": "팁: {0}을(를) 눌러도 됩니다.",
    "TUTORIAL_SMALLBOX_TITLE_AEGISSHIELD": "이지스 실드 발동",
    "TUTORIAL_SMALLBOX_INSTR_AEGISSHIELD": "당신의 기사가 영구적인 [b:장갑] 포인트를 가지고 있을 경우, 턴이 시작될 때 장갑 포인트를 회복합니다.",
    "TUTORIAL_SMALLBOX_BODY_TARGETING": "{0}을(를) 눌러 컬티스트를 표적으로 지정하고 당신이 입힐 수 있는 피해량을 미리 확인하십시오.",
    "TUTORIAL_SMALLBOX_BODY_REVEAL_INTERIORS": "카메라를 대성당 내부로 이동시켜 안쪽을 보십시오.",
    "TUTORIAL_SMALLBOX_TITLE_ENTER": "건물 진입",
    "TUTORIAL_SMALLBOX_TITLE_USE_THE_ENVIRONMENT": "환경물 사용",
    "TUTORIAL_SMALLBOX_INSTR_USE_THE_ENVIRONMENT": "기둥을 선택하십시오.",
    "TUTORIAL_SMALLBOX_TITLE_REVEAL_INTERIORS": "내부 보기",
    "TUTORIAL_SMALLBOX_TITLE_USE_THE_ENVIRONMENTB": "표적 선택",
    "TUTORIAL_SMALLBOX_BODY_USE_THE_ENVIRONMENTB": "범위 공격은 넓은 범위 내의 모든 적에게 피해와 효과를 입힙니다.",
    "TUTORIAL_SMALLBOX_INSTR_USE_THE_ENVIRONMENTB": "가이드에 맞춰 템플릿을 배치하십시오.",
    "TUTORIAL_SMALLBOX_TITLE_THROW_A_GRENADE": "수류탄",
    "TUTORIAL_SMALLBOX_BODY_THROW_A_GRENADE": "파편 수류탄은 폭발 범위 안의 여러 대상들에게 피해를 입히고 밀어냅니다.",
    "TUTORIAL_SMALLBOX_TITLE_OVERWATCH": "경계 발동",
    "TUTORIAL_SMALLBOX_BODY_OVERWATCH": "[b:경계 구역]을 설정하여 적들의 턴에 움직이는 적들을 사격할 수 있습니다.",
    "TUTORIAL_SMALLBOX_TITLE_OVERWATCHB": "경계 조준",
    "TUTORIAL_SMALLBOX_INSTR_OVERWATCHB": "템플릿 외곽선으로 커서를 이동하고, {0}을(를) 눌러 확정하십시오.",
    "TUTORIAL_SMALLBOX_TITLE_OVERWATCHD": "경계 중첩",
    "TUTORIAL_SMALLBOX_TITLE_REAR_STRIKE": "후방 타격",
    "TUTORIAL_SMALLBOX_TITLE_ROTATE_CAMERA": "카메라 회전",
    "TUTORIAL_SMALLBOX_BODY_ROTATE_CAMERA": "전장을 더 잘 보기 위해 카메라를 회전시킬 수 있습니다.",
    "TUTORIAL_SMALLBOX_TITLE_WILLPOWER": "액티브 능력",
    "TUTORIAL_SMALLBOX_TITLE_AFFLICTIONS": "상태 이상",
    "TUTORIAL_SMALLBOX_BODY_AFFLICTIONS": "팔라메데스는 그의 [b:행동력]에 불이익을 주는 [b:제압당함] 상태 이상에 걸렸습니다.",
    "TUTORIAL_SMALLBOX_INSTR_AFFLICTIONS": "블러드레터를 공격하십시오!",
    "TUTORIAL_SMALLBOX_TITLE_PARRY": "자동 방어",
    "TUTORIAL_SMALLBOX_INSTR_REFRESH": "블러드레터를 죽이십시오!",
    "TUTORIAL_SMALLBOX_BODY_PARRY": "블러드레터는 자동 방어 능력인 [b:쳐내기]가 있어 첫 근접 공격을 막아낼 수 있습니다.",
    "TUTORIAL_SMALLBOX_INSTR_PARRY": "블러드레터를 다시 공격하십시오!",
    "TUTORIAL_SMALLBOX_TITLE_CRITICAL": "정밀 조준",
    "TUTORIAL_SMALLBOX_INSTR_CRITICAL": "몸통을 선택해 +2 추가 기절을 받으세요!",
    "TUTORIAL_SMALLBOX_TITLE_STUN": "대상을 기절",
    "TUTORIAL_SMALLBOX_TITLE_WOUNDRECOVERY": "치명적인 부상 회복",
    "SHIP_CONTEXTUAL_TUTORIAL_Wounded_Knights_Title": "부상당한 기사들",
    "TUTORIAL_SMALLBOX_BODY_WILLPOWER": "당신의 기사들은 [b:행동력]과 [b:의지력]을 동시에 소모하는 강력한 능력을 사용할 수 있습니다.",
    "TUTORIAL_SMALLBOX_TITLE_CRITICALWOUNDSB": "치명적인 부상을 입은 기사",
    "TUTORIAL_AGRAVAIN_PALAMEDESTAKECOVER": "엄폐 위치로 전진하라!",
    "TUTORIAL_AGRAVAIN_IOLANTHUSTAKECOVERAND": "내가 이 이단을 멈추겠다.",
    "TUTORIAL_SMALLBOX_BODY_FORCESTRIKE": "[b:1 의지력]을 소모하고 사이킥의 힘으로 대부분의 공격을 강화할 수 있습니다. 근접 공격 포스 타격은 피해 +1을 제공합니다.",
    "TUTORIAL_SMALLBOX_TITLE_OVERWATCHE": "완전 엄폐 상태에서 벗어나기",
    "COMBAT_TUTORIAL_Seed_Extraction_D_Title": "씨앗 추출",
    "TUTORIAL_SMALLBOX_BODY_OVERWATCHE": "[b:완전 엄폐 상태]에서 조준하게 되면 더 나은 사격 위치를 얻기 위해 자동으로 몸을 노출시키게 됩니다",
    "TUTORIAL_SMALLBOX_BODY_CRITICAL": "근접 공격이 [b:치명타]로 적중하게 되면 적의 [b:목표 부위]에 피해를 주어 전투를 유리하게 만들 수 있습니다.",
    "TUTORIAL_SMALLBOX_BODY_STUN": "블러드레터를 [b:기절] 상태로 만들었습니다! [b:기절]상태의 적은 항상 다음 공격으로 치명적인 피해를 입습니다, 이로 인해 당신은 목표에 쉽게 정밀 타겟팅을 진행 할 수 있습니다.",
    "TUTORIAL_SMALLBOX_TITLE_EXECUTE": "처형",
    "TUTORIAL_SMALLBOX_BODY_EXECUTE": "대부분의 적들은 기절 상태일 때 [b:처형]을 진행할 수 있습니다. 적을 처형 하게 되면 모든 기사들 에게 +1 행동력을 줄 수 있습니다.",
    "TUTORIAL_SMALLBOX_TITLE_REFRESH": "행동력 재생",
    "TUTORIAL_SMALLBOX_BODY_REFRESH": "팔라미데스는 처형을 통해 [b:+1 행동력]을 얻었습니다! 그는 적들을 파괴 하기 위해 즉시 다시 행동할 수 있습니다.",
    "TUTORIAL_SMALLBOX_TITLE_FORCESTRIKE": "사이킥 강화",
    "TUTORIAL_SMALLBOX_TITLE_SWITCH_CHARACTERS": "캐릭터 전환",
    "TUTORIAL_SMALLBOX_TITLE_CRITICALWOUNDS": "치유",
    "TUTORIAL_SMALLBOX_INSTR_WOUNDRECOVERY": "우서를 석조 받침대 뒤로 이동 시키십시오.",
    "TUTORIAL_SMALLBOX_BODY_CRITICALWOUNDSB": "나이트가 처음으로 체력이 0이 되면 [b:치명적인 부상] 상태가 되어 3턴 동안 전투를 진행 할 수 없습니다. 치유 관련 행동을 사용하면 즉시 회복됩니다.",
    "TUTORIAL_SMALLBOX_TITLE_CLEAR_THE_GAP": "균열을 넘어가기",
    "TUTORIAL_SMALLBOX_BODY_CLEAR_THE_GAP": "파워 아머를 입은 그레이 나이트는 먼 거리를 도약할 수 있습니다. 균열을 뛰어넘어 반대쪽으로 이동하세요.",
    "TUTORIAL_SMALLBOX_TITLE_OVERWATCHC": "경계와 다중사격",
    "TUTORIAL_AGRAVAIN_HAHTHEBLOODGODS": "하, 피의 신의 미치광이 꼭두각시들이로구나.",
    "TUTORIAL_SMALLBOX_TITLE_SET_WAYPOINT": "경유지 설정",
    "TUTORIAL_SMALLBOX_BODY_SET_WAYPOINT": "{0}으로 [b:경유지]를 설정하여 화염 주위를 탐색하십시오.",
    "TUTORIAL_SMALLBOX_BODY_MOVE_2": "{0}으로 다른 [b:경유지]를 설정한 다음 {0}을 다시 눌러 이동 할 것인지 확인합니다.",
    "TUTORIAL_BLOODLETTER_LEFT_ARM_HIT": "약화됨",
    "TUTORIAL_BLOODLETTER_LEFT_ARM_CRIT": "불구",
    "TUTORIAL_AGRAVAIN_PUNISHTHATCRAVENFOOL": "저 미치광이를 처단하라!",
    "TUTORIAL_AGRAVAIN_GRANTHEMNOQUARTER": "놈들에게 일말의 기회도 주지 마라.",
    "TUTORIAL_AGRAVAIN_YOUREOUTOFCOVER": "엄폐상태에서 벗어났군, 우서! 이지스의 방호를 믿게나!",
    "TUTORIAL_AGRAVAIN_TIMESTANDSAGAINSTUS": "시간은 우리 편이 아니군. 내가 대성당을 무너뜨리겠다!",
    "TUTORIAL_AGRAVAIN_HMMMILLBRINGDOWN": "흠... 제가 대성당의 기둥 중 하나를 무너뜨려 이 비열한 자들을 파멸로 인도하겠습니다.",
    "TUTORIAL_AGRAVAIN_DELIVERTHEEMPERORSJUDGEMENT": "황제 폐하의 심판을 내리게, 우서!",
    "TUTORIAL_AGRAVAIN_ADVANCEANDTRAINYOUR": "그 출입구로 이동해서 당신의 볼터를 강화시키고 증진 시키십시오.",
    "TUTORIAL_AGRAVAIN_UNLEASHYOURBLESSED": "적들이 노출되는 순간 축복받은 탄환들을 쏟아부으십시오.",
    "TUTORIAL_AGRAVAIN_DEPLOYYOURFRAGGRENADE": "형제여, 파편 수류탄을 던지게!",
    "TUTORIAL_AGRAVAIN_JOINUTHERATTHE": "팔라메데스, 악마들의 돌진에 대비하라.",
    "TUTORIAL_AGRAVAIN_THESESOULLESSCURS": "이 영혼 없는 저주는 더 이상 우리를 방해 할 수 없을 것이다!",
    "TUTORIAL_AGRAVAIN_ENDTHATDAEMONPALAMEDES": "그 악마를 끝네시오, 팔라메데스!",
    "TUTORIAL_AGRAVAIN_BOTHDAEMONSMUSTBE": "두 악마들을 반드시 파멸 시켜야 합니다.",
    "TUTORIAL_AGRAVAIN_FINISHTHATKHORNATEBEAST": "저 코른의 야수를 끝내게, 형재여!",
    "TUTORIAL_AGRAVAIN_EXCELLENTIWILLMOVE": "훌룡하다. 다시 앞으로 나아 가겠다.",
    "TUTORIAL_AGRAVAIN_ICANSENSEENEMY": "적의 지원군이 느껴집니다.",
    "TUTORIAL_SMALLBOX_BODY_SWITCH_CHARACTERS": "아직 행동하지 않은 그레이 나이트로 변경하십시오.",
    "TUTORIAL_SMALLBOX_BODY_CRITICALWOUNDS": "몇몇 나이트들 은 전투 중에 다른 나이트를 치유할 수 있는 능력을 가지고 있습니다. 야전 수술을 선택하십시오.",
    "TUTORIAL_SMALLBOX_BODY_WOUNDRECOVERY": "[b:치명적인 부상] 상태에서 회복된 기사는 임무 종료 시까지 [b:최대 체력의 50%]만 유지 시킬 수 있습니다. 또한 전투 당 한 번만 회복 시킬 수 있습니다.",
    "TUTORIAL_SMALLBOX_BODY_OVERWATCHC": "경계는 캐릭터가 충분한 탄약을 가지고 있는 경우 사용 시 남은 [b:행동력]당 1의 원거리 공격을 부여합니다.",
    "TUTORIAL_AGRAVAIN_DAEMONSIWILLNOT": "악마놈들! 나는 너희같은 나약한 놈들에게 저지당하지 않을 것이다.",
    "TUTORIAL_AGRAVAIN_UTHERDISPENSETHATHERETIC": "우서, 자네의 검으로 저 이단을 제거하게.",
    "TUTORIAL_AGRAVAIN_IOLANTHUSYOURBROTHERIS": "이올란투스, 당신의 형제가 제압당했습니다. 전진하여 복수하십시오.",
    "TUTORIAL_AGRAVAIN_ISENSEDARKPOWERS": "나의 내면 에서 어둠의 힘이 느껴진다....",
    "TUTORIAL_AGRAVAIN_WECANNOTLOSEANOTHER": "우린 더 이상 전투 형제 들을 잃을 수 없네, 이올란투스.",
    "TUTORIAL_AGRAVAIN_THEREISNOTMUCH": "형제들이여 , 시간이 많지 않지만 우린 다가오는 전투에 대비해야 하네.",
    "TUROAIL_AGRAVAIN_PALAMEDESRESUSCITATEUTHERSO": "팔라메데스, 우서를 소생시켜 저 악마들로부터 여기를 지켜내십시오.",
    "TUTORIAL_AGRAVAIN_TAKEUPDEFENSIVEPOSITIONS": "팔라메데스 방어 태세를 유지 하십시오, 적의 지원군이 곧 들이닥칠 것 입니다!",
    "TUTORIAL_AGRAVAIN_YOURRESOLVEISCOMMENDABLE": "당신의 결의는 강철 같군요, 우서. 팔라메데스에게 합류하여 대성당을 지키십시오.",
    "TUTORIAL_AGRAVAIN_IOLANTHUSWITHME": "이올란투스 나와 함께 가세! 전방에 있는 벽에 균열이 있네!",
    "TUTORIAL_AGRAVAIN_IWILLBREACH": "내가 안쪽 성소를 부수겠네!",
    "TUTORIAL_AGRAVAIN_TOMYSIDE": "내 곁에 있게,이올란투스!",
    "TUTORIAL_EREKHUL_YOUARENOTHINGMORTAL": "하찮은 필멸자놈, 넌 아무것도 아니다 !",
    "TUTORIAL_AGRAVAIN_IWILLSHOWYOU": "내 분노를 보여주마 이 더러운 악마야!",
    "TUTORIAL_PALAMEDES_UTHERWEMUSTPROTECT": "우서, 우린 반드시 대성당을 사수해야 하네!",
    "TUTORIAL_AGRAVAIN_OURBROTHERSHAVEBOUGHT": "이올란투스, 우리 형제들이 귀중한 시간을 벌어 주었네.",
    "TUTORIAL_AGRAVAIN_FLANKTHATDAEMONAND": "저 악마의 측면으로 이동하여 마음껏 사격 하시오!",
    "TUTORIAL_AGRAVAIN_THISENDSNOWDAEMON": "이제 끝아다, 악마여!",
    "TUTORIAL_AGRAVAIN_FORTHEEMPEROR": "황제폐하를 위하여!",
    "KORAMAR_SMALLBOX_TITLE_WARPSURGE": "워프 파동",
    "OBJECTIVES_TUTORIAL_Bloom_Vents_Body": "블룸스폰 스프레더는 우리가 먼저 파괴하지 않는 한 균사를 가까운 시스템으로 전염 시킵니다, 블룸 분출구를 정화 하면 분산이 1턴 동안 지연됩니다.",
    "OBJECTIVES_TUTORIAL_Bloom_Vents_Title": "블룸 분출구",
    "OBJECTIVES_TUTORIAL_Gnarlmaw_Title": "블룸스폰 재생력",
    "TUTORIAL_AGRAVAIN_ADOLOROUSBLOW": "비통한 일격 이였소 형재여.",
    "TUTORIAL_AGRAVAIN_YOUPROFANETHISSACRED": "넌 니 주인의 더러운 불꽃으로 이 신성한 장소를 더럽히고 있다 이 불경한 것 아! 이제 끝을 보자 악마야.",
    "KORAMAR_SMALLBOX_BODY_WARPSURGE": "워프 파동 정도는 행성의 타락 수준에 따라 그리고 사이킥 능력을 사용하여 의지력을 소모할 때마다 증가합니다. 정도가 100%에 도달하면 예측할 수 없는 이밴트와 함께 워프 파동이 발생합니다.",
    "OBJECTIVES_TUTORIAL_Info_View_Title": "유닛 정보",
    "OBJECTIVES_TUTORIAL_Gnarlmaw_Body": "블룸스폰 스프레더는 지역에 있는 Feculent Gnarlmaws에서 흘러 나옵니다. Feculent Gnarlmaws를 먼저 파괴하면 방출기를 더 빠르게 제거 할 수 있지만 너무 오래 시간을 끌지 않도록 주의하십시오.",
    "OBJECTIVES_TUTORIAL_Info_View_Body": "적을 강조 표시하고 {0}을 눌러 보세요,유닛의 상태 및 능력에 대한 자세한 정보를 확인 할 수 있습니다.",
    "COMBAT_CONTEXTUAL_TUTORIAL_First_Armour_Title": "적의 장갑",
    "COMBAT_CONTEXTUAL_TUTORIAL_First_Armour_Body": "일부 적들은 [b:장갑]로 보호되며, 체력을 잃기 전에 각 장갑 포인트가 1의 피해를 흡수 합니다.",
    "COMBAT_CONTEXTUAL_TUTORIAL_First_Armour_Instruction": "너글의 재생력 으로 인해 적의 턴이 시작 될 때마다 [b:장갑]이 복원 됩니다.",
    "COMBAT_CONTEXTUAL_TUTORIAL_Willpower_Recovery_Title": "의지력 회복",
    "COMBAT_CONTEXTUAL_TUTORIAL_Willpower_Recovery_Body": "사령관님, 당신의 나이트들은 대부분의 적을 파괴 해야만 의지력을 회복 하여 사이킥 능력을 더 많이 사용 할 수 있습니다.",
    "COMBAT_CONTEXTUAL_TUTORIAL_Willpower_Recovery_Instruction": "당신의 나이트들은 대부분의 적을 파괴할 때 +1 의지력을 얻습니다.",
    "COMBAT_CONTEXTUAL_TUTORIAL_Wails_of_Chaos_Title": "혼돈의 비통",
    "COMBAT_CONTEXTUAL_TUTORIAL_Ritual_of_Destruction_Title": "파괴의 의식",
    "COMBAT_CONTEXTUAL_TUTORIAL_Ritual_of_Destruction_Body": "오직 이단심문관 바키르만이 파괴의 의식을 시작할 수 있습니다. 일단 의식을 시작하면 그녀는 움직일 수 없습니다.",
    "COMBAT_CONTEXTUAL_TUTORIAL_Wails_of_Chaos_Body": "매 턴, 의식을 시작하기 전 까지 카오스 게이트는 당신을 제거하기 위해 소환할 수 있는 지원군을 늘릴 것 입니다. 서둘러 이동하십시오!",
    "SHIP_CONTEXTUAL_TUTORIAL_Gatekeeper_Morgellus_Title": "부식의 왕자 모르겔러스",
    "SHIP_CONTEXTUAL_TUTORIAL_Gatekeeper_Malathian_Title": "수확자 말라시안",
    "SHIP_CONTEXTUAL_TUTORIAL_Gatekeeper_Cruciatus_Title": "너그러운 크루시아터스",
    "SHIP_TUTORIAL_Welcome_To_Edict_Title": "악의의 칙령함에 어서 오십시오",
    "SHIP_CONTEXTUAL_TUTORIAL_Stratagem_0_Title": "스트라타젬",
    "SHIP_CONTEXTUAL_TUTORIAL_CombatStratagem_A_Title": "스트라타젬",
    "SHIP_CONTEXTUAL_TUTORIAL_CombatStratagem_B_Title": "스트라타젬",
    "SHIP_CONTEXTUAL_TUTORIAL_Gatekeeper_Aeger_Title": "자비로운 에이가",
    "SHIP_CONTEXTUAL_TUTORIAL_First_Augmetic_Title": "이식물",
    "SHIP_CONTEXTUAL_TUTORIAL_Exterminatus_Title": "익스터미나투스",
    "SHIP_CONTEXTUAL_TUTORIAL_MasterworksUpgrades_Title": "순수의 인장",
    "SHIP_CONTEXTUAL_TUTORIAL_MasterworksUpgrades_Body": "사령관, 이제 제가 이 더러운 블룸 씨앗을 정화해 축성한 재로 순수의 인장을 만들어 막사의 장비를 강화할 수 있습니다.",
    "SHIP_CONTEXTUAL_TUTORIAL_Hull_Damage_Title": "선체 내구도",
    "SHIP_CONTEXTUAL_TUTORIAL_Exterminatus_Body": "익스터미나투스 어뢰가 장착되었습니다. 사용해 행성의 블룸을 완전히 지워 버릴 수 있습니다.",
    "SHIP_TUTORIAL_Welcome_To_Edict_Body": "사령관 아그라베인의 죽음과 함께 당신은 위성 타이탄으로 가는 여정에 악의의 칙령함 임시 사령관으로 진급했습니다. 간단한 임무처럼 보이지만 제한된 자원을 관리하고 그 과정에서 마주하는 모든 위협에 대응해야 합니다.\n\n\n타격팀 사이포스를 자유롭게 사용하실 수 있습니다.",
    "SHIP_CONTEXTUAL_TUTORIAL_Glorious_Deeds_Body": "영광스러운 과업은 임무의 위험도를 증가시키는 보조 목표입니다. 성공 시 청구 자원 보상을 제공합니다. 임무 시작 전에 수락 여부를 선택해야만 합니다.",
    "SHIP_TUTORIAL_Ectar_Join_In_Strategium_Title": "스트라테지움으로 간다",
    "SHIP_TUTORIAL_Ectar_Join_In_Strategium_Body": "스트라테지움에 와주시기 바랍니다 사령관.",
    "SHIP_TUTORIAL_Ectar_Promotion_Intro_Title": "올릭을 승격",
    "SHIP_TUTORIAL_Ectar_Promotion_Intro_Body": "한 전투 형제가 그의 가치를 증명했습니다, 그의 행동에 찬사를 보내도록 합시다!",
    "SHIP_TUTORIAL_Ectar_Promotion_A_Body": "올릭 형제는 저스티카의 재능이 있습니다, 그가 전장에서 자네를 지원하기 위해 어떤 훈련에 집중할지 정해주십시오.",
    "SHIP_TUTORIAL_Ectar_Promotion_B_Title": "재능 선택",
    "SHIP_TUTORIAL_Ectar_Promotion_A_Title": "재능 배정",
    "SHIP_TUTORIAL_Ectar_Promotion_B_Body": "승격할 때마다 기사는 능력을 올려줄 수 있는 능력 점수를 [g:2] 얻습니다. ",
    "SHIP_TUTORIAL_Ectar_Promotion_B_Instruction": "[g:2] 능력 점수를 사용하시면 됩니다.",
    "SHIP_TUTORIAL_Ectar_Navigation_Intro_Title": "천체 지도로 간다",
    "SHIP_TUTORIAL_Ectar_Navigation_A_Title": "솔을 선택",
    "SHIP_TUTORIAL_Ectar_Navigation_Intro_Body": "훌륭합니다! 끝났다면 천체 지도에 와주십시오.",
    "SHIP_TUTORIAL_Ectar_Navigation_A_Instruction_KBM": "목적지를 {0}로 선택.",
    "SHIP_TUTORIAL_Ectar_Navigation_A_Instruction_Cont": "목적지를 {0} + {1}로 선택.",
    "SHIP_TUTORIAL_Ectar_Navigation_B_Title": "여행을 시작",
    "SHIP_TUTORIAL_Ectar_Navigation_B_Instruction": "여정 버튼 선택",
    "SHIP_TUTORIAL_LUNETTE_Chaos_Detected_A_Title": "카오스 감지됨",
    "SHIP_TUTORIAL_VAKIR_Chaos_Detected_B_Title": "카오스 감지됨",
    "SHIP_CONTEXTUAL_TUTORIAL_Warp_Storm_Title": "워프 스톰",
    "SHIP_TUTORIAL_Ectar_Navigation_A_Body": "우리 함선은 시급히 수리가 필요합니다, 그러니 타이탄에 돌아가 그랜드 마스터에게 보고를 해야합니다.",
    "SHIP_TUTORIAL_Ectar_Navigation_B_Body": "타이탄으로 복귀하기 위한 여정 시작 지시.",
    "SHIP_CONTEXTUAL_TUTORIAL_Bloom_Eruption_3_Title": "임무 자료",
    "SHIP_CONTEXTUAL_TUTORIAL_Bloom_Eruption_1_Title": "임무 보기",
    "SHIP_CONTEXTUAL_TUTORIAL_Armoury_Of_Titan_Title": "보상 선택",
    "IGNORED_PURGATION_LOSE_GAME_footer": "게임 오버",
    "COMBAT_TUTORIAL_Seed_Extraction_A_Body": "씨앗을 추출하기 위해서는 씨앗 운반자에게 근접 공격으로 치명타를 일으켜야 합니다.",
    "SHIP_TUTORIAL_LUNETTE_Chaos_Detected_A_Body": "질병 피해를 받는 세계는 어느 정도의 너글의 부패를 갖고 있지만, 예상보다 훨씬 높다. 우리는 이것을 조사해야합니다.",
    "SHIP_TUTORIAL_LUNETTE_Chaos_Detected_A_Instruction": "{0} 에서 카오스 감지됨.",
    "SHIP_TUTORIAL_VAKIR_Chaos_Detected_B_Description": "낮은 수준의 워프 부패는 설명할 수 없는 현상과 변이를 증가시키지만, 역병과 관련있다면 더 증가합니다. 즉시 행성에 강하해야합니다. 사령관!",
    "SHIP_TUTORIAL_ECTAR_Mission_Title": "순간이동실로 가십시오",
    "SHIP_TUTORIAL_ECTAR_Mission_Body": "사령관, 이 이단심문관을 지원하는 것도 우리의 의무지만, 최대한 빨리 이번 임무를 완료해야 합니다. 타이탄의 그랜드 마스터는 우리의 보고를 기다리고 있습니다.",
    "SHIP_TUTOIRAL_Configure_Knight_Title": "기사 설정",
    "SHIP_TUTOIRAL_Configure_Knight_Body": "당신은 기사의 무장을 감정하고, 직면한 전투에 가장 적합한지 확인해야 합니다.",
    "SHIP_TUTOIRAL_Configure_Knight_Instruction": "{0}을(를) 눌러서 이 기사의 장비를 설정합니다.",
    "SHIP_TUTOIRAL_Loadout_A_Title": "할버드 선택",
    "SHIP_TUTOIRAL_Loadout_A_Instruction": "{0}을(를) 눌러서 근접 무기에 할버드를 선택합니다.",
    "SHIP_TUTOIRAL_Loadout_B_Title": "할버드 장착",
    "SHIP_TUTOIRAL_Loadout_B_Body": "어떤 할버드를 장착할 것인지 선택하십시오. 당신의 선택은 타이탄으로 돌아갈 때까지 제한될 것입니다.",
    "SHIP_TUTOIRAL_Loadout_B_Instruction": "{0}을(를) 눌러서 네메시스 포스 할버드를 장착합니다.",
    "SHIP_TUTORIAL_Ectar_Research_Intro_Title": "리브리스로 이동",
    "SHIP_TUTORIAL_Pox_Walker_Necropsy_Popup_Title": "연구 시작하기",
    "SHIP_TUTORIAL_Pox_Walker_Necropsy_Popup_Body": "회수한 시체를 부검하여 내가 무엇을 알 수 있을지 보겠습니다.",
    "SHIP_TUTORIAL_Pox_Walker_Necropsy_Popup_Instruction": "폭스워커 부검 연구 프로젝트를 선택하십시오.",
    "SHIP_TUTORIAL_Vakir_Research_Outtro_Title": "연구 떠나기",
    "SHIP_TUTORIAL_Lunete_Go_To_Manufactorum_Title": "제조 공장으로 이동",
    "SHIP_TUTORIAL_Lunete_Go_To_Manufactorum_Body": "사령관, 자원의 부족으로 고생중입니다. 제조공장으로 와주시길 요청드립니다.",
    "SHIP_TUTORIAL_Plasma_1_Popup_Title": "수리 시작하기",
    "SHIP_TUTORIAL_Plasma_1_Popup_Body": "더 광범위한 수리를 하려면 칙령함의 출력을 개선해야합니다.",
    "SHIP_TUTORIAL_Plasma_1_Popup_Instruction": "플라즈마 원자로 수리 프로젝트를 선택",
    "SHIP_TUTORIAL_Lunete_Manufactorum_Outtro_Title": "천체 지도로 이동",
    "SHIP_TUTOIRAL_Loadout_A_Body": "네메시스 포스 할버드는 근처의 적에게 선제 타격을 가할 수 있으므로, 이 무기를 장비하는 것을 제안합니다.",
    "SHIP_TUTORIAL_Ectar_Research_Intro_Body": "임무를 완료했습니다, 사령관. 우리... 제안은... 리브리스에서 이야기를 하는 것입니다.",
    "SHIP_TUTORIAL_Vakir_Research_Outtro_Body": "일단 시작하겠습니다. 내가 방해받지 않도록 당신의 승무원들에게 통지하십시오.",
    "SHIP_TUTORIAL_Lunete_Manufactorum_Outtro_Body": "이제 논리 엔진과 접속해야합니다. 저는 당신이 좋은 선택을 할 것으로 믿습니다...",
    "SHIP_TUTORIAL_Ectar_Advance_Title": "천체 지도 상태",
    "SHIP_TUTORIAL_Ectar_Advance_Time_A": "사령관님, 현재 섹터를 표시하기 위해 천체 지도를 조정했지만 아직은 정보가 많이 없습니다.",
    "SHIP_TUTORIAL_Advance_Time_Popup_Title": "시간 가속",
    "SHIP_TUTORIAL_Advance_Time_Popup_Body": "도미누스가 스캐너의 전원을 복구할 때까지 기다리는 것을 제안합니다.",
    "SHIP_TUTORIAL_Advance_Time_Popup_Instruction": "시간 가속 옵션을 선택 하십시오.",
    "SHIP_TUTORIAL_Advance_Time_2_FullPopup_Title": "시간 가속 중",
    "SHIP_TUTORIAL_Advance_Time_2_FullPopup_SubTitle": "적 활동 없음",
    "SHIP_TUTORIAL_Advance_Time_2_Popup_Title": "시간 가속",
    "SHIP_TUTORIAL_Advance_Time_2_Popup_Body": "스캐너에서 현재 적의 활동이 탐지되지 않았습니다.",
    "SHIP_TUTORIAL_Advance_Time_2_Popup_Instruction": "새로운 임무가 나타날 때까지 기다리는 동안 시간을 가속합니다.",
    "SHIP_TUTORIAL_Cannot_Complete_Popup_Title": "블룸 확산",
    "SHIP_TUTORIAL_Cannot_Complete_Popup_Body": "사령관, 칙령함은 모든 미션이 만료되기 전에 도달할 수 없을 것입니다. 워프 엔진과 예언실 시스템을 복원하면 시간적 여유를 가지고 임무에 도달하기 쉬워질 것입니다.",
    "COMBAT_TUTORIAL_Seed_Extraction_A_Title": "씨앗 추출 중",
    "COMBAT_TUTORIAL_Seed_Extraction_A_Instr": "치명타는 근접 또는 원거리 공격으로 발생할 수 있습니다.",
    "COMBAT_TUTORIAL_Seed_Extraction_B_Title": "대상의 상세 정보",
    "COMBAT_TUTORIAL_Seed_Extraction_B_Body": "대상의 상세 정보 UI를 열어서 이 공격으로 발생할 수 있는 치명타 확률을 확인하십시오.\n",
    "COMBAT_TUTORIAL_Seed_Extraction_B_Instr": "치명타는 무작위로 발동되지만, 백분율이 높을수록 치명타를 줄 가능성이 높아집니다.\n",
    "COMBAT_TUTORIAL_Seed_Extraction_C_Title": "치명타 확률",
    "COMBAT_TUTORIAL_Seed_Extraction_C_Instr": "처음에 치명타를 주지 못하였다면, 시드 추출을 다시 시도하십시오.\n",
    "COMBAT_TUTORIAL_Seed_Extraction_D_Body": "씨앗 아이콘을 가진 목표 부위를 선택하여 적으로부터 씨앗을 추출하십시오.",
    "SHIP_CONTEXTUAL_TUTORIAL_Flowering_Mission_A_Title": "개화 임무",
    "SHIP_CONTEXTUAL_TUTORIAL_Flowering_Mission_A_Instruction": "이 시스템을 선택",
    "SHIP_CONTEXTUAL_TUTORIAL_Flowering_Mission_B_Title": "개화 임무",
    "SHIP_CONTEXTUAL_TUTORIAL_Flowering_Mission_B_Body": "5번의 개화 임무에 실패하면, 모르부스가 진격하여 이 구역은 파멸할 것입니다!",
    "SHIP_CONTEXTUAL_TUTORIAL_Flowering_Mission_B_Instruction": "모르부스가 진격하는 것을 막으십시오!",
    "SHIP_CONTEXTUAL_TUTORIAL_Bloom_Eruption_1_Instruction": "{0} 임무가 있는 시스템을 선택",
    "SHIP_CONTEXTUAL_TUTORIAL_Bloom_Eruption_2_Title": "임무 상세 정보 보기",
    "SHIP_CONTEXTUAL_TUTORIAL_Bloom_Eruption_2_Body": "블룸과 싸우기 위한 임무 장소로 이 행성을 확인하였습니다. 더 조사해야 합니다.",
    "SHIP_CONTEXTUAL_TUTORIAL_Bloom_Eruption_2_Instruction": "시스템에 강조된 {0}을(를) 클릭하여 임무 상세 정보를 보기",
    "SHIP_CONTEXTUAL_TUTORIAL_Lunete_Warp_Storm": "사령관, 오스펙스 검출로 이 구역의 워프 스톰이 형성되고 있는 것이 발견되었습니다. 그것을 통과하지 않도록 해야합니다. 나는 이미 머신 스피릿들의 울부짓음을 들었습니다.",
    "SHIP_TUTORIAL_Advance_Time_2_FullPopup_Body": "이 구역에서 부인할 수 없는 부패의 징조가 나타났지만, 적들의 활동하지 않는 것으로 보입니다. 적들이 스스로 나타날 때까지 시간 가속하고 우리가 개입할 수 있는 임무를 만들어야합니다. 그 동안, 도미누스는 칙령함의 일부를 복원할 수 있고 이단심문관은 그녀의 연구를 계속할 수 있을 겁니다.",
    "COMBAT_TUTORIAL_Seed_Extraction_C_Body": "공격으로 치명타를 줄 확률은 기사의 무기, 능력 및 대상의 치명타 피격률에 영향을 받습니다.",
    "SHIP_CONTEXTUAL_TUTORIAL_Flowering_Mission_A_Body": "블룸은 치명적인 수준의 부패로 퍼지고 있습니다!  지금 막지 않으면, 모르부스가 진격합니다!",
    "SHIP_CONTEXTUAL_TUTORIAL_Bloom_Eruption_1_Body": "사령관! 우리 프로그노스티카가 3개의 개별적인... 블룸을 감지하였습니다. 그것들 중 하나를 조사해야합니다.",
    "SHIP_CONTEXTUAL_TUTORIAL_Bloom_Eruption_3_Body": "여기서 이 임무의 상세 정보를 볼 수 있고, 성공하였을 때 타이탄의 무기고으로부터 제공받을 수 있는 자원 정보도 포함됩니다.",
    "SHIP_CONTEXTUAL_TUTORIAL_Death_Guard_Fleets_Title": "데스 가드 함대",
    "SHIP_CONTEXTUAL_TUTORIAL_Death_Guard_Fleets_Body": "데스 가드 함대와 충돌하면 칙령함이 파손될 수 있는 이밴트가 발생됩니다. 또한 이 함대는 근접한 지역의 임무를 방해할 수 있습니다.",
    "SHIP_CONTEXTUAL_TUTORIAL_Critical_Wounds_Title": "치명상",
    "SHIP_CONTEXTUAL_TUTORIAL_Grandmaster_1_Title": "청구 자원 사용",
    "SHIP_CONTEXTUAL_TUTORIAL_Grandmaster_1_Body": "매번 그랜드마스터의 보고가 끝나고, 청구자원을 사용하여 무기고 슬롯을 잠금 해제하고 업그레이드할 수 있습니다.",
    "SHIP_CONTEXTUAL_TUTORIAL_Grandmaster_2_Title": "자원슬롯 선택",
    "SHIP_CONTEXTUAL_TUTORIAL_Grandmaster_3_Title": "슬롯 업그레이드",
    "SHIP_CONTEXTUAL_TUTORIAL_Warp_Storm_Body": "워프 스톰을 통과하면 칙령함에 불리한 현상이 발생할 확률이 높습니다. 또한 워프 스톰의 경계 내에서 발생하는 임무를 방해합니다.",
    "SHIP_CONTEXTUAL_TUTORIAL_Critical_Wounds_Body": "치명적인 부상을 입은 기사는 최소 1의 회복력이 남아 있는 한 부상에서 살아남을 수 있습니다. 그리고 그들은 아포세카리온에서 회복되면 당장 현장으로 복귀할 것 입니다.",
    "SHIP_CONTEXTUAL_TUTORIAL_Grandmaster_2_Body": "자원 슬롯을 사용하면 미션임무 종료 시 새로운 기사 지원군, 서비터, 마도서 및 기타 자원을 획득 할 수 있습니다",
    "SHIP_CONTEXTUAL_TUTORIAL_Stratagem_0_Body": "이단심문관 바키르는 전장에서 당신을 지원하기 위한 사이킥 기술을 개발하였습니다. 인터페이스에서 사용가능한 전략을 골라서 선택하십시오.",
    "SHIP_CONTEXTUAL_TUTORIAL_Grandmaster_3_Body": "보고당 한 번만 각 슬롯을 잠금 해제하거나 업그레이드 할 수 있습니다. 슬롯 업그레이드는더 좋고 많은 장비와 자원을 사용할 수 있는 기회를 증가시킵니다.",
    "SHIP_CONTEXTUAL_TUTORIAL_Glorious_Deeds_Title": "영광스러운 과업",
    "SHIP_CONTEXTUAL_TUTORIAL_Armoury_Of_Titan_Body": "당신이 원하는 만큼 보상을 선택할 수 있습니다. 사용되지 않은 청구 자원은 다음 번의 그랜드 마스터의 보고에서 사용할 수 있습니다.",
    "SHIP_CONTEXTUAL_TUTORIAL_Stratagem_2_Title": "수은 선택",
    "SHIP_CONTEXTUAL_TUTORIAL_Stratagem_2_Body": "지금은 하나의 스트라타젬만 갖을 수 있습니다. 수은을 선택하세요.",
    "SHIP_CONTEXTUAL_TUTORIAL_Prognosticar_1_Title": "프로그노스티카",
    "SHIP_CONTEXTUAL_TUTORIAL_Prognosticar_1_Body": "예언실의 기능을 복원하였고 프로그노스티카 성가대를 검토해야합니다.",
    "SHIP_CONTEXTUAL_TUTORIAL_Prognosticar_1_Instruction": "조정 버튼 선택",
    "SHIP_CONTEXTUAL_TUTORIAL_Prognosticar_2_Title": "조정 시스템",
    "SHIP_CONTEXTUAL_TUTORIAL_Prognosticar_2_Body": "프로그노스티카가 시스템에 적응되면, 그들은 임무 시간을 늘리고 인접한 모든 시스템에 이점을 제공합니다.",
    "SHIP_CONTEXTUAL_TUTORIAL_Prognosticar_2_Instruction": "프로그노스티카를 조정할 시스템 선택",
    "SHIP_CONTEXTUAL_TUTORIAL_Slow_Finding_Sacrista_Title": "활성된 워프 스톰을 탐색",
    "SHIP_CONTEXTUAL_TUTORIAL_Slow_Finding_Sacrista_Body": "사령관님, 블룸이 이 구역을 장악하기 전에 드라이고경 에게 연락을 취할 적절한 장소를 찾아야 합니다! 활성화된 워프 스톰 안에서 임시 연락 지역을 찾아야 합니다.",
    "SHIP_CONTEXTUAL_TUTORIAL_MissionExpired_Title": "블룸 전염",
    "SHIP_CONTEXTUAL_TUTORIAL_CombatStratagem_B_Instruction": "스트라타젬은 임무당 한번만 사용할수 있습니다!",
    "SHIP_CONTEXTUAL_TUTORIAL_CombatStratagem_B_Body": "{0}가 있는 스트라타잼을 선택하여 적용하세요.",
    "SHIP_CONTEXTUAL_TUTORIAL_Expanded_Starmap_Instruction": "리브리스에서 다른 사람들과 합류하는 것을 확인 하십시오",
    "SHIP_CONTEXTUAL_TUTORIAL_Expanded_Starmap_Body": "사령관님, Bloom이 섹터외곽의 새로운 영역을 감염시켰습니다. 이에 따라 천체 지도를 확장 시켰습니다.",
    "SHIP_CONTEXTUAL_TUTORIAL_Expanded_Starmap_Title": "새로운 지역",
    "SHIP_CONTEXTUAL_TUTORIAL_Final_Battle_Rear_Guard_Objective": "후방보호: 전진 하는 데스 가드를 파괴 하십시오",
    "SHIP_CONTEXTUAL_TUTORIAL_Final_Battle_Rear_Guard_Title": "후방보호대",
    "SHIP_CONTEXTUAL_TUTORIAL_Final_Battle_Vanguard_Objective": "선봉대: 블룸의 근원을 파괴하라",
    "SHIP_CONTEXTUAL_TUTORIAL_Final_Battle_Vanguard_Body": "드레이고 경께서 4명의 지원자들 에게 선봉대에 합류할 것을 요청했습니다. 이 형제들은 우리보다 먼저 내부 성소로 들어가 그 안에 들어 있는 블룸의 근원을 파괴할 것입니다.",
    "SHIP_CONTEXTUAL_TUTORIAL_Final_Battle_Vanguard_Title": "선봉대",
    "SHIP_CONTEXTUAL_TUTORIAL_Save_Instruction": "원하는 경우 지금 게임을 저장할 수 있습니다",
    "SHIP_CONTEXTUAL_TUTORIAL_Save_Title": "진행 상황을 저장 할까요?",
    "SHIP_CONTEXTUAL_TUTORIAL_Gatekeeper_Municifus_Title": "죽지 않는 무니피쿠스",
    "SHIP_CONTEXTUAL_TUTORIAL_Gatekeeper_Cruciatus_Body": "분석: 우리는 타락한 제국 기사이자 고통과 고뇌의 상인 변종 수확자 돌로러스와 조우했습니다. 이 타락한 영혼이 고귀 했었을 당시의 그의 인간적 약점을 이용할 수 없을까요?",
    "SHIP_CONTEXTUAL_TUTORIAL_Gatekeeper_Malathian_Body": "분석: 우리는 공포와 죽음의 화신이자 모르터스 변종의 수확자 인 그레이트 언 클린 원과 조우 했습니다. 이 생물은 생명력을 흡수 할 수 있는 것처럼 보입니다,하지만 이 힘에 지나치게 의존 하려는 경향을 보입니다.",
    "SHIP_CONTEXTUAL_TUTORIAL_Wounded_Knights_Body": "기사들이 전투에서 부상댱한 상태로 돌아오면 회복할 시간이 필요합니다. 부상당한 기사는 여전히 전투 임무에 투입될 수 있지만 최대 체력에 불이익이 있습니다.",
    "SHIP_CONTEXTUAL_TUTORIAL_New_Seed_Strains_Instruction": "연구 프로젝트를 진행하려면 시드가 필요합니다.",
    "SHIP_CONTEXTUAL_TUTORIAL_New_Seed_Strains_Body": "사령관님, 각 변종은 고유한 숙주에 의해 퍼집니다... 연구를 진행하려면 더 많은 표본을 수집해야 합니다.",
    "SHIP_CONTEXTUAL_TUTORIAL_New_Seed_Strains_Title": "새로운 시드",
    "SHIP_CONTEXTUAL_TUTORIAL_Hull_Repair_Instruction": "메뉴에서 선체 수리를 선택하십시오.",
    "SHIP_CONTEXTUAL_TUTORIAL_Hull_Repair_Body": "방어 시스템 패널에 접속 하셔서 선체 수리를 시작 할수 있습니다.",
    "SHIP_CONTEXTUAL_TUTORIAL_Hull_Repair_Title": "선체 수리",
    "SHIP_CONTEXTUAL_TUTORIAL_Hull_Damage_Instruction": "수리를 원하시면 제조공장에 방문 하십시오.",
    "SHIP_CONTEXTUAL_TUTORIAL_Hull_Damage_Body": "지령관님, 칙령함이 손상되어 수리가 필요합니다.",
    "SHIP_CONTEXTUAL_TUTORIAL_First_Bloom_Spreading_Title": "전염 임무",
    "SHIP_CONTEXTUAL_TUTORIAL_Recruit_Knight_Instruction": "병영을 업그레이드 하여 징집 랭크를 올리십시오.",
    "SHIP_CONTEXTUAL_TUTORIAL_Recruit_Knight_Title": "기사 징집",
    "SHIP_CONTEXTUAL_TUTORIAL_First_Augmetic_Body": "전투 후 치명적인 부상을 입은 기사는 이식물을 장착합니다. 이식물은 부정적인 영향을 미치지 않지만 아포세카리온의 수술실이 업그레이드 되면 추가 전투 보너스를 제공합니다.",
    "SHIP_CONTEXTUAL_TUTORIAL_MissionExpired_Body": "블룸이 우리가 다른 곳을 점령하는 동안 이 행성에 퍼졌습니다. 우리는 이 역병을 억제하기 위해 최선을 다해야 합니다.",
    "SHIP_CONTEXTUAL_TUTORIAL_First_Bloom_Spreading_Body": "사령관님, 역병을 인근 시스템에 퍼뜨리겠다고 위협하는 새로운 형태의 블룸 활동을 감지 했습니다. 우리는 그것을 우선 처리해야 합니다!",
    "SHIP_CONTEXTUAL_TUTORIAL_Recruit_Knight_Body": "새로운 기사는 적은 청구 자원 으로 위성 타이탄 에서 징집할 수 있습니다. 명단이 부족하면 언제든 모집이 가능합니다.",
    "SHIP_CONTEXTUAL_TUTORIAL_CombatStratagem_A_Body": "바키르는 이제 궤도에서 효과적인 스트라타젬으로 당신을 지원할 수 있습니다.\n----------\n{0}을 눌러 스트라타젬 메뉴에 접속합니다.",
    "SHIP_CONTEXTUAL_TUTORIAL_Final_Battle_Rear_Guard_Body": "데스 가드의 거대한 군대가 드레이고 경의 위치에 접근 하고 있습니다. 이 분대는 블룸의 근원이 잘려지거나 우리가 패배할 때까지 우리를 막을 것입니다.",
    "SHIP_CONTEXTUAL_TUTORIAL_Save_Description": "업데이트: 계속 진행하기 전에 현재 진행 상황을 로그에 기록하고 있습니다.",
    "SHIP_CONTEXTUAL_TUTORIAL_Gatekeeper_Aeger_Body": "분석: 우리는 괴로움을 가져오는 자, 그리고 그레이트 언클린 원, 수두 변종의 수확자를 조우 했습니다. 이 데몬은 제거되지 않을 경우 골치 아프 게도 수 많은 사악한 너글링을 불러올 것 입니다.",
    "SHIP_CONTEXTUAL_TUTORIAL_Gatekeeper_Municifus_Body": "분석: 우리는 성장과 돌연변이의 관리자 이자 그레이터 카오스 스폰의 피조물인 변종 수확자 텐타러스 와 마주했습니다. 우리는 그 놀라운 치유 능력에 대항할 방법을 찾아야 합니다.",
    "SHIP_CONTEXTUAL_TUTORIAL_Gatekeeper_Morgellus_Body": "분석: 우리는 부식과 파멸의 가증스러운 플레이그 헐크인 변종 수확자 네크로서스 와 조우 했습니다. 이 끔찍한 것을 살려 두어서는 안됩니다, 반드시 저 끔찍한 것의 각 사지를 찢어 죽여야 합니다!",
    "SHIP_CONTEXTUAL_TUTORIAL_Slow_Completing_Sacrista_Title": "사크리스타 배치",
    "SHIP_CONTEXTUAL_TUTORIAL_Slow_Completing_Sacrista_Body": "사령관님, 블룸에 대한 우리의 분투는 피할 수 없는 일을 지연시킬 뿐입니다 . 시크리스타에 배치하고 슈프림 그랜드 마스터 께 연락을 시도해야 합니다.",
    "SHIP_CONTEXTUAL_TUTORIAL_Stratagem_1_Title": "스트라타잼 선택",
    "SHIP_CONTEXTUAL_TUTORIAL_Stratagem_1_Body": "스트라타잼을 로드하려면 이 슬롯을 선택하십시오. 나중에 추가 슬롯을 이용하실 수 있습니다.",
    "SHIP_CONTEXTUAL_TUTORIAL_Slow_Starting_Purgation_A_Title": "심각한 경고",
    "SHIP_CONTEXTUAL_TUTORIAL_Slow_Starting_Purgation_A_Body": "사령관님, 우리의 프로그노스티카가 이 구역에 재앙이 있을 것임을 예언 하고 있습니다.",
    "IGNORED_PURGATION_LOSE_GAME_description": "어리석은 놈! 우리가 가야 할 길은 확고 했지만, 너는 너의 프레그노스티카의 경고를 무시했다. 이제 저자들이 모르부스가 우리에게 다가 오고 있다고 보고하고 있다... 너는 너의 죄악 으로 인해 너글의 끔찍한 포옹속 에서 썩어 갈 것 이다!",
    "SHIP_CONTEXTUAL_TUTORIAL_Slow_Starting_Purgation_B_Title": "의식을 시작 해야 합니다!",
    "IGNORED_PURGATION_LOSE_GAME_title": "무시된 경고",
    "IGNORED_PURGATION_LOSE_GAME_subtitle": "모르부가 왔다",
    "SHIP_CONTEXTUAL_TUTORIAL_Slow_Starting_Purgation_B_Body": "사령관님, 저를 믿을 이유가 없다는 것을 압니다만 이것이 유일한 방법입니다. 더 늦기 전에 명령을 주십시오!"
}
