{
    "SeedResonance_Intro1_Text": "이단심문관 바키르: 사령관님, 리브리스에 있는 블룸 씨앗이 걱정됩니다. 씨앗 중 몇 개가 선체와 충돌한 워프 에너지와 반응해 활발하게 공명하기 시작했습니다. 방향을 바꿔 다른 방법을 찾아보는 것이 좋을 것 같습니다.",
    "SeedResonance_Choice_1B_Script01_Text": "씨앗 중 하나가 사이킥적 울부짖음과 함께 파문을 일으켜 바키르에게 상처를 입혔습니다.",
    "ServitorsCorrupted_Intro1_Text": "도미누스 루네테: 비상: 워프 스톰을 통과한 이후 다수의 서비터가 잘못된 행동을 보이고 있습니다. 영향을 받은 개체는 전부 격리되었으나, 사이킥 오염의 가능성이 여전히 높습니다. ",
    "SeedResonance_Choice2_MenuText": "씨앗들을 파괴한다.",
    "SeedResonance_Choice0_MenuText": "뒤로 가기",
    "SeedResonance_Choice_0_Script01_Text": "도미누스 루네테: 항로를 반전합니다.",
    "SeedResonance_Choice_2_Script01_Text": "이단심문관 바키르: 아쉽군요, 하지만 물론 따르겠습니다.",
    "ServitorsCorrupted_Choice0_MenuText": "항로를 반전한다.",
    "SeedResonance_Choice1_MenuText": "폭풍을 뚫고 나아간다.",
    "SeedResonance_Choice_1A_Script01_Text": "씨앗들의 공명이 더 이상 문제를 일으키지 않고 사라졌습니다.",
    "ServitorsCorrupted_Choice1_MenuText": "폭풍을 뚫고 나아간다.",
    "ServitorsCorrupted_Choice2_MenuText": "당장 그것들을 파괴한다!",
    "ServitorsCorrupted_Choice_0_Script01_Text": "도미누스 루네테: 현실우주로 돌아옵니다.",
    "ServitorsCorrupted_Choice_1_Script01_Text": "도미누스 루네테: 승인됨. 보수 작업이 예정되어 있습니다.",
    "ServitorsCorrupted_Choice_1_Script02A_Text": "영향을 받은 서비터 하나가 명령을 재구성하는 루네테를 공격했습니다. 그것은 즉시 파괴되었습니다.",
    "ServitorsCorrupted_Choice_1_Script02B_Text": "루네테의 진단 결과, 서비터의 이상 행동은 단순히 렉스메카닉이 명령을 잘못 구성했기 때문인 것으로 밝혀졌습니다.",
    "ServitorsCorrupted_Choice_2_Script01_Text": "도미누스 루네테: 정화 의례 제정되었습니다.",
    "SeedResonance_Choice1_MenuTextB": "[b:당신: 폭풍을 뚫고 전진한다.]",
    "SeedResonance_Choice2_MenuTextB": "[b:당신: 씨앗을 파괴한다.]",
    "ServitorsCorrupted_Choice2_MenuTextB": "[b:당신: 당장 저들을 파괴하라!]",
    "SeedResonance_Choice0_MenuTextB": "[b:당신: 배를 돌려라]",
    "ServitorsCorrupted_Choice0_MenuTextB": "[b:당신: 항로를 반대로 돌린다.]",
    "ServitorsCorrupted_Choice1_MenuTextB": "[b:당신: 폭풍을 뚫고 전진한다.]"
}
