{
  "ARCHETYPE_Cultist": "Cultist of Nurgle",
  "ARCHETYPE_Description_Cultist": "The Cultists of Nurgle are individually no match for a Grey Knight, but they roam in packs and come armed with a variety of weapons",
  "ARCHETYPE_ApostatePreacher": "Apostate Preacher",
  "ARCHETYPE_Description_ApostatePreacher": "The Apostate Preacher of Nurgle is a leader of cultists who can bestow vile boons upon his allies.",
  "ARCHETYPE_Poxwalker": "Poxwalker",
  "ARCHETYPE_Description_Poxwalker": "These poor infected have been cursed by one of Nurgle's plagues: The walking pox.  Although physically weak, their sheer numbers can overwhelm.",
  "ARCHETYPE_PlagueMarine": "Plague Marine",
  "ARCHETYPE_Description_PlagueMarine": "These corrupted Astartes have dedicated their souls to the service of the Chaos God Nurgle.  With their disgusting power armour bloated with plague and corruption, they are highly resilient and immune to pain.",
  "ARCHETYPE_PlagueChampion": "Plague Champion",
  "ARCHETYPE_Description_PlagueChampion": "A commander of the Plague Marines, this Champion can issue ruthless orders that provide valuable combat Boons to his allies.",
  "ARCHETYPE_PlagueBearer": "Plague Bearer",
  "ARCHETYPE_Description_PlagueBearer": "Footsoldiers of Nurgle's legions, the Plaguebearer is a lesser Daemon who wields a Plaguesword that can strike vile Afflictions on its targets.",
  "ARCHETYPE_PlagueRidden": "Plague Ridden",
  "ARCHETYPE_Description_PlagueRidden": "A sergeant amongt legions of Plaguebearers, this disgusting creature can spew vile afflictions on its enemies and bestow the gift of Nurgle's mutations on its allies.",
  "ARCHETYPE_Nurgling": "Nurgling",
  "ARCHETYPE_Description_Nurgling": "The Mites of Nurgle often accompany the Great Unclean One's into battle as a mischievous retinue.  Small and difficult to target, they are only dangerous when they appear in hordes.",
  "ARCHETYPE_Helbrute": "Helbrute",
  "ARCHETYPE_Description_Helbrute": "This nightmarish mockery of an Astartes Dreadnought is an unstable, but powerful force armed with a variety of weaponry and strong armour.  Its greatest strength is its rage, which it unleashes in retaliation on its enemies.",
  "ARCHETYPE_BlightlordTerminator": "Blightlord Terminator",
  "ARCHETYPE_Description_BlightlordTerminator": "The Blightlord Terminators are an elite cadre of the Death Guard, armed with a powerful Reaper Autocannon for long-range suppression, while still formidable in close range wielding a Bubotic Axe.",
  "ARCHETYPE_BlightlordChampion": "Blightlord Champion",
  "ARCHETYPE_Description_BlightlordChampion": "The Champion is the most elite of the Blightlord Terminator units, armed with a Flail of Corruption and heavy shield, they will rush at the head of the vanguard, terrifying their foes. ",
  "ARCHETYPE_FoetidBloatDrone": "Foetid Bloat-Drone",
  "ARCHETYPE_Description_FoetidBloatDrone": "This floating Daemon Engine of Nurgle is armed with a heavy Frag Missile Launcher that can unleash a deadly barrage over a wide area from above.",
  "ARCHETYPE_DaemonPrince": "Daemon Prince",
  "ARCHETYPE_Description_DaemonPrince": "Daemon Prince Description",
  "ARCHETYPE_ChaosSpawn": "Chaos Spawn",
  "ARCHETYPE_Description_ChaosSpawn": "A fearsome foe, the Chaos Spawn is a mindless abomination afflicted with a wide range of Nurgle's mutations.  Its deadly claw can be used to pin and execute a Grey Knight if left to its own devices.",
  "ARCHETYPE_MyphiticBlightHauler": "Myphitic Blight Hauler",
  "ARCHETYPE_Description_MyphiticBlightHauler": "This tracked Daemon Engine provides the Death Guard with heavy firepower when needed.  It is equipped with a fearsome close-range Multi-Melta and long-range Frag Missile Launcher.",
  "ARCHETYPE_GreatUncleanOne": "Aeger the Benevolent",
  "ARCHETYPE_Description_GreatUncleanOne": "We have found him, the Reaper of the Poxus Strain: Aeger the Benevolent.  A Greater Daemon embodying corruption and disease, he is known to consort with a small army of Nurgling \"Nephews\".",
  "ARCHETYPE_PlagueHulk": "Morgellus the Corroded Prince",
  "ARCHETYPE_Description_PlagueHulk": "We have located the Reaper of the Necrosus Strain: Morgellus the Corroded Prince.  This Plague Hulk of Nurgle is a fearsome avatar of rust and rot, equipped with an impressive array of firepower.",
  "ARCHETYPE_Malathian": "Malathian the Harvester",
  "ARCHETYPE_Description_Malathian": "Malathian the Harvester, Reaper of the Mortus Strain, has been located below.  As a vile avatar of fear and death, he leads a ceaseless army of Plaguebearers and inflicts curses through his Effigies of corruption.",
  "ARCHETYPE_ChaosKnight": "Cruciatus the Generous",
  "ARCHETYPE_Description_ChaosKnight": "Our Prognosticars sense the presence of Cruciatus the Generous below: A Knight Desecrator corrupted to the service of Nurgle, and now Reaper of the Dolorus Strain.  His armaments far outweigh the capabilities of even our Knights.",
  "ARCHETYPE_Munificus": "Munificus the Undying",
  "ARCHETYPE_Description_Munificus": "We have discovered the location of the Greater Chaos Spawn: Munificus the Undying, Reaper of the Tentarus Strain.  This creature is constantly evolving and seems to be capable of healing at an astonishing rate. ",
  "ARCHETYPE_Mortarion": "Mortarion",
  "ARCHETYPE_Description_Mortarion": "Mortarion Description (N/A - Don't Translate)",
  "ARCHETYPE_UnknownArchetype": "Unknown Minion of Chaos",
  "ARCHETYPE_Description_UnknownArchetype": "Our Prognosticars have augured that we will face minions of Chaos on the planet's surface.  If we Attune a Prognosticar to this system, they will be able to tell us more.",
  "ARCHETYPE_Erekhul": "Erekhul (N/A - Don't Translate)",
  "ARCHETYPE_Description_Erekhul": "Erekhul Description (N/A - Don't Translate)",
  "ARCHETYPE_BloodLetter": "Bloodletter (N/A - Don't Translate)",
  "ARCHETYPE_Description_BloodLetter": "Bloodletter Description (N/A - Don't Translate)",
  "BODY_PART_DESTROYED": "Destroyed",
  "BODY_PART_KILLS_ON_DESTRUCTION": "Death",
  "BODY_PART_KILLS_ON_DESTRUCTION_DESC": "Instantly kill the target",
  "BODY_PART_HEAD": "Head",
  "BODY_PART_LEFT_ARM": "Left Arm",
  "BODY_PART_RIGHT_ARM": "Right Arm",
  "BODY_PART_LEGS": "Legs",
  "BODY_PART_MAIN_BODY": "Torso",
  "BODY_PART_BACK": "Back",
  "BODY_PART_WINGS": "Wings",
  "BODY_PART_HELBRUTE_REACTOR": "Reactor",
  "BODY_PART_HELBRUTE_PLASMACANNON": "Plasma Cannon",
  "BODY_PART_HELBRUTE_POWERSCOURGE": "Power Scourge",
  "BODY_PART_PLAGUEBELCHER": "Plague Belcher",
  "BODY_PART_ABDOMEN": "Abdomen",
  "BODY_PART_HEAD_MYPHITIC_BLIGHT_HAULER": "Eye",
  "BODY_PART_RIGHT_ARM_MYPHITIC_BLIGHT_HAULER": "Frag Missile Launcher",
  "BODY_PART_MAIN_BODY_MYPHITIC_BLIGHT_HAULER": "Hull",
  "BODY_PART_LEFT_ARM_MYPHITIC_BLIGHT_HAULER": "Multi-Melta",
  "BODY_PART_LEGS_MYPHITIC_BLIGHT_HAULER": "Tracks",
  "BODY_PART_HEAD_KADEX": "Kadex Rotor",
  "BODY_PART_RIGHT_ARM_KADEX": "Kadex Claw Hand",
  "BODY_PART_MAIN_BODY_KADEX": "Torso",
  "BODY_PART_LEFT_ARM_KADEX": "Kadex Staff",
  "BODY_PART_LEGS_KADEX": "Kadex Cannister",
  "BODY_PART_CRUCIATUS_HEAD": "Cruciatus Head",
  "BODY_PART_CRUCIATUS_LEFT_SHOULDER": "Cruciatus Left Shoulder",
  "BODY_PART_CRUCIATUS_RIGHT_SHOULDER": "Cruciatus Right Shoulder",
  "BODY_PART_CRUCIATUS_LASER_DESTRUCTOR": "Cruciatus Laser Destructor",
  "BODY_PART_CRUCIATUS_ION_SHIELD_GENERATOR": "Cruciatus Ion Shield Generator",
  "BODY_PART_CRUCIATUS_THUNDER_STRIKE_GAUNTLET": "Cruciatus Thunder Strike Gauntlet",
  "BODY_PART_CRUCIATUS_LEG_GYRO": "Cruciatus Leg Gyro",
  "BODY_PART_CRUCIATUS_LEG_PLATE": "[g:+{0}%] CRIT Vulnerability [b:(<sprite name=SPT_InfinityGreen>)]",
  "BODY_PART_CRUCIATUS_LEG_PLATE_HIT_EFFECT": "Increases target's CRIT Vulnerability by [g:{0}%].",
  "BODY_PART_MORGELLUS_LEFT_LEG": "Left Leg",
  "BODY_PART_MORGELLUS_RIGHT_LEG": "Right Leg",
  "BODY_PART_MORGELLUS_LEFT_CLAW": "Left Claw",
  "BODY_PART_MORGELLUS_RIGHT_CLAW": "Right Claw",
  "BODY_PART_MORGELLUS_LEFT_ARM": "Left Arm",
  "BODY_PART_MORGELLUS_RIGHT_ARM": "Right Arm",
  "BODY_PART_MORGELLUS_REACTOR_PIPES": "Reactor Pipes",
  "BODY_PART_MORGELLUS_REACTOR_WIRES": "Reactor Wires",
  "BODY_PART_MORGELLUS_MAIN_BODY": "Main Body",
  "BODY_PART_MALATHIAN_BILESWORD": "Bilesword",
  "BODY_PART_MALATHIAN_BILEBLADE": "Bileblade",
  "BODY_PART_MALATHIAN_BELLY_MOUTH": "Belly Mouth",
  "BODY_PART_MALATHIAN_LEFT_UPPER_ARM": "Left Upper Arm - Mouth",
  "BODY_PART_MALATHIAN_RIGHT_UPPER_ARM": "Right Upper Arm - Mouth",
  "BODY_PART_MALATHIAN_LEGS": "Legs",
  "BODY_PART_MALATHIAN_SORES": "Sores",
  "BODY_PART_EFFIGY_OF_DEATH": "Effigy of Death",
  "BODY_PART_EFFIGY_OF_DESPAIR": "Effigy of Despair",
  "BODY_PART_EFFIGY_OF_INFIRMITY": "Effigy of Infirmity",
  "BODY_PART_MUNIFICUS_HEAD": "Disable: [b:Bile Spray (<sprite name=SPT_InfinityGreen>)]",
  "BODY_PART_MUNIFICUS_HEAD_NAME": "Head",
  "BODY_PART_MUNIFICUS_HEAD_DESC": "The target can no longer use [b:Bile Spray].",
  "BODY_PART_MUNIFICUS_DISEASEDTALON_TITLE": "Disable: [b:Diseased Talon (<sprite name=SPT_InfinityGreen>)]",
  "BODY_PART_MUNIFICUS_DISEASEDTALON_NAME": "Diseased Talon",
  "BODY_PART_MUNIFICUS_DISEASEDTALON_DESC": "The target cannot attack with its [b:Diseased Talon].",
  "BODY_PART_MUNIFICUS_NEEDLER": "Disable: [b:Needler (<sprite name=SPT_InfinityGreen>)]",
  "BODY_PART_MUNIFICUS_NEEDLER_NAME": "Needler",
  "BODY_PART_MUNIFICUS_NEEDLER_TITLE": "The target cannot attack with its [b:Needler].",
  "BODY_PART_MUNIFICUS_MUCUSLAUNCHER_LEFT": "Mucus Launcher",
  "BODY_PART_MUNIFICUS_MUCUSLAUNCHER_RIGHT": "Mucus Launcher",
  "BODY_PART_MUNIFICUS_PUSSAC_LEFT": "Pus Sac",
  "BODY_PART_MUNIFICUS_PUSSAC_RIGHT": "Pus Sac",
  "BODY_PART_MUNIFICUS_FLESHYABUNDANCE_LEFT": "Fleshy Abundance",
  "BODY_PART_MUNIFICUS_FLESHYABUNDANCE_RIGHT": "Fleshy Abundance",
  "BODY_PART_MUNIFICUS_TAIL": "Tail",
  "BODY_PART_MUNIFICUS_SUPPURATINGHEART": "Suppurating Heart",
  "BODY_PART_MUNIFICUS_SUPPURATINGLUNGS": "Suppurating Lungs",
  "BODY_PART_MUNIFICUS_UNDERSIDE": "-2 Max HP",
  "BODY_PART_MUNIFICUS_UNDERSIDE_HIT_EFFECT": "The target loses 2 Max HP.",
  "BODY_PART_MORTARION_PHOSPHEX_BOMBS": "Phosphex Bombs",
  "BODY_PART_MORTARION_LANTERN": "Lantern",
  "BODY_PART_MORTARION_SILENCE": "Silence",
  "BODY_PART_MORTARION_WINGS": "Wings",
  "BODY_PART_MORTARION_REBREATHER": "Rebreather",
  "BODY_PART_MORTARION_BACK_TUBES_LEFT": "Back Tubes Right",
  "BODY_PART_MORTARION_BACK_TUBES_RIGHT": "Back Tubes Left",
  "BODY_PART_MAIN_BODY_BLOOMSPAWN_BLOOMSTEM": "Trunk",
  "HELBRUTE_TORSO_ON_HIT_TORSO": "Reveal Abdomen",
  "HELBRUTE_TORSO_ON_HIT_TORSO_DESCRIPTION": "Expose the target's armour to reveal a vulnerable Target Point.",
  "CLASS_Subtitle": "Class Specialty",
  "CLASS_Justicar_Title": "Justicar",
  "CLASS_Justicar_Description": "The Justicar gains [g:+{armourBonus}] [b:Armour] with their [b:Aegis Shield] ability.",
  "CLASS_Interceptor_Title": "Interceptor",
  "CLASS_Interceptor_Description": "The Interceptor’s [b:Melee Attacks] cannot be [b:Parried].",
  "CLASS_Apothecary_Title": "Apothecary",
  "CLASS_Apothecary_Description": "The Apothecary can equip the [b:Narthecium], giving them access to the [b:Battlefield Medicine] ability.",
  "CLASS_Purgator_Title": "Purgator",
  "CLASS_Purgator_Description": "The Purgator can equip the [b:Psycannon], [b:Psilencer] and [b:Incinerator] Ranged Weapons.",
  "CLASS_Paladin_Title": "Paladin",
  "CLASS_Paladin_Description": "The Paladin has access to the [b:Storm Shield] and can only equip [b:Terminator Armour]",
  "CLASS_Librarian_Title": "Librarian",
  "CLASS_Librarian_Description": "The Librarian gains [g:+{willpowerAmount}] Max WP starting from Rank 1 and can only equip [b:Terminator Armour].",
  "CLASS_Chaplain_Title": "Chaplain",
  "CLASS_Chaplain_Description": "The Chaplain gains [g:+1] [b:Armour] by default and can only equip [b:Terminator Armour].",
  "CLASS_Purifier_Title": "Purifier",
  "CLASS_Purifier_Description": "The Purifier can equip the [b:Psycannon], [b:Psilencer] or [b:Incinerator], and is immune to damage effects from [b:Hazards].",
  "CLASS_ForceCommander_Title": "Force Commander",
  "CLASS_ForceCommander_Description": "Force Commander Description",
  "CLASS_KaldorDraigo_Title": "The Supreme Grand Master",
  "CLASS_KaldorDraigo_Description": "Kaldor Draigo Description",
  "CLASS_Inquisitor_Title": "Inquisitor",
  "CLASS_Inquisitor_Description": "Inquisitor Description",
  "CLASS_GarranCrowe_Title": "Purifier",
  "CLASS_GarranCrowe_Description": "Garran Crowe Purifier Description",
  "CLASS_Cultist_Autogun_Nurgle_Title": "Nurgle Cultist",
  "CLASS_Cultist_Autogun_Khorne_Title": "Khorne Cultist",
  "CLASS_Cultist_HeavyStubber_Nurgle_Title": "Nurgle Heavy Stubber",
  "CLASS_Cultist_HeavyStubber_Khorne_Title": "Khorne Heavy Stubber",
  "CLASS_Cultist_Grenader_Nurgle_Title": "Nurgle Grenadier",
  "CLASS_ApostatePreacher_Title": "Apostate Preacher",
  "CLASS_Poxwalker_Title": "Poxwalker",
  "CLASS_BloatedPoxwalker_Title": "Bloated Poxwalker",
  "CLASS_GroanedPoxwalker_Title": "Groaned Poxwalker",
  "CLASS_PlagueMarine_PlagueBelcher_Title": "Plague Marine",
  "CLASS_PlagueMarine_Boltgun_Title": "Plague Marine",
  "CLASS_PlagueChampion_Title": "Plague Champion",
  "CLASS_PlagueBearer_Title": "Plague Bearer",
  "CLASS_PlagueRidden_Title": "Plague Ridden",
  "CLASS_Nurgling_Title": "Nurgling",
  "CLASS_Helbrute_Title": "Helbrute",
  "CLASS_BlightLordTerminator_Title": "Blightlord Terminator",
  "CLASS_BlightLordChampion_Title": "Blightlord Champion",
  "CLASS_FoetidBloatDrone_Title": "Foetid Bloat-Drone",
  "CLASS_Erekhul_Title": "Erekhul",
  "CLASS_BloodLetter_Title": "Bloodletter",
  "CLASS_Kadex1_Title": "Kadex",
  "CLASS_Kadex2_Title": "Kadex",
  "CLASS_Kadex3_Title": "Kadex",
  "CLASS_Kadex1Clone_Title": "Kadex",
  "CLASS_Kadex2Clone_Title": "Kadex",
  "CLASS_Kadex3Clone_Title": "Kadex",
  "CLASS_MyphiticBlightHauler_Title": "Myphitic Blight Hauler",
  "CLASS_ChaosSpawn_Title": "Chaos Spawn",
  "CLASS_Bloomspawn_Spreader_Title": "Bloomspawn Spreader",
  "CLASS_Bloomspawn_Grower_Title": "Feculent Gnarlmaw",
  "CLASS_Aeger_Title": "Aeger",
  "CLASS_Morgellus_Title": "Morgellus",
  "CLASS_NurglingSpawner_Title": "Nurgling Spawner",
  "CLASS_Cruciatus_Title": "Cruciatus",
  "CLASS_Malathian_Title": "Malathian",
  "CLASS_Munificus_Title": "Munificus",
  "CLASS_EffigyOfDeath_Title": "Effigy Of Death",
  "CLASS_EffigyOfDespair_Title": "Effigy Of Despair",
  "CLASS_EffigyOfInfirmity_Title": "Effigy Of Infirmity",
  "CLASS_EffigyOfSuffering_Title": "Effigy Of Suffering",
  "CLASS_BloomBranch_Title": "Bloom Branch",
  "CLASS_BloomBulb_Title": "Bloom Bulb",
  "CLASS_BloomSprout_Title": "Bloom Sprout",
  "CLASS_Bloomspawn_BloomStem_Title": "Bloom Stem",
  "CLASS_MalignantGrowth_Title": "Malignant Growth",
  "CLASS_BloomspawnPreacher_Title": "Apostate Preacher",
  "CLASS_Mortarion_Title": "Mortarion",
  "CLASS_PhosphexCarrier_Title": "Phosphex Carrier",
  "CLASS_EmptyClass_Title": "Scenario Knight",
  "CLASS_Aeger_Title_Full": "Aeger the Benevolent",
  "CLASS_Morgellus_Title_Full": "Morgellus, the Corroded Prince",
  "CLASS_Cruciatus_Title_Full": "Cruciatus the Generous",
  "CLASS_Malathian_Title_Full": "Malathian the Harvester",
  "CLASS_Munificus_Title_Full": "Munificus the Undying",
  "AUGMETIC_LOC_HEAD": "Head",
  "AUGMETIC_LOC_LEFT_ARM": "Left Arm",
  "AUGMETIC_LOC_RIGHT_ARM": "Right Arm",
  "AUGMETIC_LOC_TORSO": "Torso",
  "AUGMETIC_LOC_LEFT_LEG": "Left Leg",
  "AUGMETIC_LOC_RIGHT_LEG": "Right Leg",
  "AUGMETIC_CerebralImplant": "Cerebral Implant",
  "AUGMETIC_AugmeticEye": "Augmetic Eye",
  "AUGMETIC_CortexImplant": "Cortex Implant",
  "AUGMETIC_Psybooster": "Psi-Booster",
  "AUGMETIC_MuscleCasing": "Muscle Casing",
  "AUGMETIC_AugmeticHand": "Augmetic Hand",
  "AUGMETIC_ElbowActuator": "Elbow Actuator",
  "AUGMETIC_Synthmuscle": "Synthmuscle",
  "AUGMETIC_Locomotion": "Locomotion Augmetics",
  "AUGMETIC_AugmeticElbow": "Augmetic Elbow",
  "AUGMETIC_AugmeticHeart": "Augmetic Heart",
  "AUGMETIC_RespiraryFilterImplant": "Respirary Filter",
  "AUGMETIC_SubskinBodyArmour": "Armour Reinforcement",
  "AUGMETIC_EnhancedKneeJoint": "Enhanced Knee Joint",
  "AUGMETIC_AugmeticFoot": "Augmetic Foot",
  "AUGMETIC_SubskinLegArmourLeft": "Subskin Leg Armour",
  "AUGMETIC_SubskinLegArmourRight": "Subskin Leg Armour",
  "AUGMETIC_SkullReinforcement": "Skull Reinforcement",
  "AUGMETIC_JointReinforcementArmLeft": "Joint Reinforcement",
  "AUGMETIC_JointReinforcementArmRight": "Joint Reinforcement",
  "AUGMETIC_ReinforcementTorso": "Torso Reinforcement",
  "AUGMETIC_MuscularRebuildLegRight": "Muscular Rebuild",
  "AUGMETIC_MuscularRebuildLegLeft": "Muscular Rebuild",
  "AUGMETIC_Autosanguine": "Autosanguine",
  "CHARACTER_Customize": "Customize",
  "CHARACTER_Accept": "{0}Accept",
  "TALENT_NAME_Talent_Farseer": "Farseer",
  "TALENT_NAME_Talent_ThrowingArm": "Throwing Arm",
  "TALENT_NAME_Talent_Quartermaster": "Quartermaster",
  "TALENT_NAME_Talent_ZealousScholar": "Zealous Scholar",
  "TALENT_NAME_Talent_BattleProdigy": "Battle Prodigy",
  "TALENT_NAME_Talent_DevotedPractitioner": "Devoted Practitioner",
  "TALENT_NAME_Talent_VenerableSoul": "Venerable Soul",
  "TALENT_NAME_Talent_OmnissiahsChosen": "Omnissiah's Chosen",
  "TALENT_NAME_Talent_Blademaster": "Blademaster",
  "TALENT_NAME_Talent_EagleEye": "Eagle Eye",
  "TALENT_NAME_Talent_CrackShot": "Crack Shot",
  "TALENT_NAME_Talent_SureStrike": "Sure Strike",
  "TALENT_NAME_Talent_LightningReflexes": "Lightning Reflexes",
  "TALENT_NAME_Talent_Resilient": "Resilient",
  "TALENT_NAME_Talent_Daemonbane": "Daemonbane",
  "TALENT_NAME_Talent_Cultbane": "Cultbane",
  "TALENT_NAME_Talent_Enginebane": "Enginebane",
  "TALENT_NAME_Talent_Deathless": "Deathless",
  "TALENT_NAME_Talent_Indomitable": "Indomitable",
  "TALENT_NAME_Talent_Duelist": "Duelist",
  "TALENT_NAME_Talent_Provident": "Provident",
  "TALENT_NAME_Talent_SkullKeeper": "Skull Keeper",
  "TALENT_NAME_Talent_GreatDestiny": "Great Destiny",
  "TALENT_NAME_Talent_FastRecovery": "Fast Recovery",
  "TALENT_NAME_Talent_Guerilla": "Aegis Adept",
  "CHARACTER_MAX_LEVEL": "Max"
}