{
  "CLASS_PERK_Apothecary_IronArmBiomancy_Title": "Iron Arm Biomancy",
  "CLASS_PERK_Apothecary_IronArmBiomancy_SubTitle": "Psychic Boon",
  "CLASS_PERK_Apothecary_IronArmBiomancy_Duration_Title": "Iron Arm Biomancy - Duration Upgrade",
  "CLASS_PERK_Apothecary_IronArmBiomancy_Duration_SubTitle": "Upgrade - Duration",
  "CLASS_PERK_Apothecary_IronArmBiomancy_Stun_Title": "Iron Arm Biomancy - Stun Upgrade",
  "CLASS_PERK_Apothecary_IronArmBiomancy_Stun_SubTitle": "Upgrade - Stun",
  "CLASS_PERK_Apothecary_SurgicalAdept_Title": "Surgical Adept",
  "CLASS_PERK_Apothecary_SurgicalAdept_SubTitle": "Auto ([g:{autoChance}%], [g:{autoUses}] / Turn)",
  "CLASS_PERK_Apothecary_Scourging_Title": "Scourging",
  "CLASS_PERK_Apothecary_Scourging_SubTitle": "Psychic Blast",
  "CLASS_PERK_Apothecary_Scourging_Upgrade_A_Title": "Scourging - Upgrade Area",
  "CLASS_PERK_Apothecary_Scourging_Upgrade_A_SubTitle": "Upgrade - Area",
  "CLASS_PERK_Apothecary_Scourging_Upgrade_B_Title": "Scourging - Upgrade Area",
  "CLASS_PERK_Apothecary_Scourging_Upgrade_B_SubTitle": "Upgrade - Area",
  "CLASS_PERK_Apothecary_GrimSurgeon_Title": "Grim Surgeon",
  "CLASS_PERK_Apothecary_GrimSurgeon_SubTitle": "Passive",
  "CLASS_PERK_Apothecary_ServoSkullSlot_Title": "Unlock Servo Skull Slot",
  "CLASS_PERK_Apothecary_ServoSkullSlot_SubTitle": "Equipment Unlock",
  "CLASS_PERK_Apothecary_ServoSkullSlot_Description": "This Knight has an extra [b:Wargear Slot] to equip [b:Servo Skulls].",
  "CLASS_PERK_Apothecary_ApothecarionSkull_Title": "Unlock Apothecarion Skull",
  "CLASS_PERK_Apothecary_ApothecarionSkull_SubTitle": "Unlock - Apothecarion Skull",
  "CLASS_PERK_Apothecary_ApothecarionSkull_Description": "When equipped in a [b:Wargear Slot], this Knight’s [b:Biomancy] abilities target [g:any] Range.",
  "CLASS_PERK_Apothecary_ExtraServoSkullA_Title": "Upgrade - Ammo",
  "CLASS_PERK_Apothecary_ExtraServoSkullA_SubTitle": "Upgrade - Ammo",
  "CLASS_PERK_Apothecary_ExtraServoSkullB_Title": "Upgrade - Ammo",
  "CLASS_PERK_Apothecary_ExtraServoSkullB_SubTitle": "Upgrade - Ammo",
  "CLASS_PERK_Apothecary_WarpSpeedBiomancy_Title": "Warp Speed Biomancy",
  "CLASS_PERK_Apothecary_WarpSpeedBiomancy_SubTitle": "Pyschic Boon",
  "CLASS_PERK_Apothecary_WarpSpeedBiomancy_UpgradeA_Title": "Warp Speed Biomancy - Upgrade Duration",
  "CLASS_PERK_Apothecary_WarpSpeedBiomancy_UpgradeA_SubTitle": "Upgrade - Move Speed",
  "CLASS_PERK_Apothecary_WarpSpeedBiomancy_UpgradeB_Title": "Warp Speed Biomancy - Upgrade Crit Damage",
  "CLASS_PERK_Apothecary_WarpSpeedBiomancy_UpgradeB_SubTitle": "Upgrade - CRIT DMG",
  "CLASS_PERK_Apothecary_Passive_MidLeft_Title": "Upgrade Health Points",
  "CLASS_PERK_Apothecary_Passive_MidLeft_SubTitle": "Passive",
  "CLASS_PERK_Apothecary_PsyboltBleed_Title": "Afflict Bleed Upgrade",
  "CLASS_PERK_Apothecary_PsyboltBleed_SubTitle": "Upgrade - Afflict Bleed",
  "CLASS_PERK_Apothecary_TerminatorArmour_Title": "Terminator Armour",
  "CLASS_PERK_Apothecary_TerminatorArmour_SubTitle": "Equipment",
  "CLASS_PERK_Apothecary_TerminatorArmour_Description": "This Knight can equip [b:Terminator Armour].",
  "CLASS_PERK_Apothecary_Passive_MidMid_A_Title": "Willpower",
  "CLASS_PERK_Apothecary_Passive_MidMid_A_SubTitle": "Passive",
  "CLASS_PERK_Apothecary_Passive_MidMid_B_Title": "Willpower",
  "CLASS_PERK_Apothecary_Passive_MidMid_B_SubTitle": "Passive",
  "CLASS_PERK_Apothecary_BattlefieldMedicine_ExtraHeal_Title": "Upgrade - [b:Heal]",
  "CLASS_PERK_Apothecary_BattlefieldMedicine_ExtraHeal_SubTitle": "Upgrade - Heal",
  "CLASS_PERK_Apothecary_BattlefieldMedicine_ExtraHeal2_Title": "Upgrade - [b:Heal]",
  "CLASS_PERK_Apothecary_BattlefieldMedicine_ExtraHeal2_SubTitle": "Upgrade - Heal",
  "CLASS_PERK_Apothecary_BattlefieldMedicine_Psy_Title": "Warp Charge",
  "CLASS_PERK_Apothecary_BattlefieldMedicine_Psy_SubTitle": "Warp Charge",
  "CLASS_PERK_Apothecary_Passive_MidRight_Title": "Willpower",
  "CLASS_PERK_Apothecary_Passive_MidRight_SubTitle": "Passive",
  "CLASS_PERK_Apothecary_EnduranceBiomancy_Title": "Endurance Biomancy",
  "CLASS_PERK_Apothecary_EnduranceBiomancy_SubTitle": "Psychic Boon",
  "CLASS_PERK_Apothecary_EnduranceBiomancy_UpgradeA_Title": "Endurance Biomancy - Upgrade Resistance",
  "CLASS_PERK_Apothecary_EnduranceBiomancy_UpgradeA_SubTitle": "Upgrade Resistance",
  "CLASS_PERK_Apothecary_EnduranceBiomancy_UpgradeB_Title": "Endurance Biomancy - Upgrade Duration",
  "CLASS_PERK_Apothecary_EnduranceBiomancy_UpgradeB_SubTitle": "Upgrade Duration",
  "CLASS_PERK_Apothecary_SympatheticBiomancy_Title": "Sympathetic Biomancy",
  "CLASS_PERK_Apothecary_SympatheticBiomancy_SubTitle": "Auto ([g:{autoChance}%], [g:{autoUses}] / Turn)",
  "CLASS_PERK_Apothecary_EmperorsJudgement_Title": "Emperors Judgement",
  "CLASS_PERK_Apothecary_EmperorsJudgement_SubTitle": "Psychic Blast",
  "CLASS_PERK_Apothecary_EmperorsJudgement_UpgradeA_Title": "Emperors Judgement - Upgrade Area",
  "CLASS_PERK_Apothecary_EmperorsJudgement_UpgradeA_SubTitle": "Upgrade - Area",
  "CLASS_PERK_Apothecary_EmperorsJudgement_Warpcharge_Title": "Emperors Judgement - Warp Charge",
  "CLASS_PERK_Apothecary_EmperorsJudgement_Warpcharge_SubTitle": "Warp Charge",
  "CLASS_PERK_Apothecary_Passive_BottomMid_Title": "Willpower",
  "CLASS_PERK_Apothecary_Passive_BottomMid_SubTitle": "Passive",
  "CLASS_PERK_Apothecary_Extract_Title": "Extract Seed",
  "CLASS_PERK_Apothecary_Extract_SubTitle": "Upgrade - Extract Seed",
  "CLASS_PERK_Apothecary_Passive_BottomRight_Title": "Upgrade - Crit Damage",
  "CLASS_PERK_Apothecary_Passive_BottomRight_SubTitle": "Upgrade - CRIT DMG",
  "CLASS_PERK_Apothecary_ForceStrikeBleed_Title": "Force Strike Bleed",
  "CLASS_PERK_Apothecary_ForceStrikeBleed_SubTitle": "Upgrade - Afflict Bleed",
  "CLASS_PERK_Apothecary_RuthlessPrecision_Title": "Ruthless Precision",
  "CLASS_PERK_Apothecary_RuthlessPrecision_SubTitle": "Auto ([g:{autoChance}%], [g:{autoUses}] / Turn)",
  "CLASS_PERK_Apothecary_DefaultPerk_Title": "Aegis Shield",
  "CLASS_PERK_Apothecary_DefaultPerk_SubTitle": "Psychic Support",
  "CLASS_PERK_Apothecary_DefaultPerk_Description": "The Apothecary can equip the Narthecium, giving them access to the Battlefield Medicine ability.",
  "CLASS_PERK_Chaplain_InvocationOfFocus_Title": "Invocation of Focus",
  "CLASS_PERK_Chaplain_InvocationOfFocus_SubTitle": "Litany",
  "CLASS_PERK_Chaplain_InvocationOfFocus_UpgradeRight_SubTitle": "Upgrade - Auto Chance",
  "CLASS_PERK_Chaplain_InvocationOfFocus_UpgradeLeft_SubTitle": "Upgrade - Auto Chance",
  "CLASS_PERK_Chaplain_TopLeftPassive_PsyPower_Title": "Focus",
  "CLASS_PERK_Chaplain_TopLeftPassive_PsyPower_SubTitle": "Passive",
  "CLASS_PERK_Chaplain_RefrainOfConvergence_Title": "Refrain of Convergence",
  "CLASS_PERK_Chaplain_RefrainOfConvergence_SubTitle": "Litany",
  "CLASS_PERK_Chaplain_RefrainOfConvergence_UpgradeLeft_SubTitle": "Upgrade - Resistance",
  "CLASS_PERK_Chaplain_RefrainOfConvergence_UpgradeRight_SubTitle": "Upgrade - Resistance",
  "CLASS_PERK_Chaplain_BonusWargear_Passive_Title": "Equipment Slot",
  "CLASS_PERK_Chaplain_BonusWargear_Passive_SubTitle": "Equipment",
  "CLASS_PERK_Chaplain_BonusWargear_Passive_Description": "This Knight has an extra [b:Wargear Slot] to equip Passive Equipment.",
  "CLASS_PERK_Chaplain_LitanyOfFaith_Title": "Litany of Faith",
  "CLASS_PERK_Chaplain_LitanyOfFaith_SubTitle": "Litany",
  "CLASS_PERK_Chaplain_LitanyOfFaith_UpgradeLeft_SubTitle": "Upgrade - Armour",
  "CLASS_PERK_Chaplain_LitanyOfFaith_UpgradeRight_SubTitle": "Upgrade - Armour",
  "CLASS_PERK_Chaplain_AutoRuthlessPrecision_Title": "Ruthless Precission",
  "CLASS_PERK_Chaplain_AutoRuthlessPrecision_SubTitle": "Auto ([g:{autoChance}%], [g:{autoUses}] / Turn)",
  "CLASS_PERK_Chaplain_EmperorsWill_Title": "The Emperor's Will",
  "CLASS_PERK_Chaplain_EmperorsWill_SubTitle": "Psychic Support",
  "CLASS_PERK_Chaplain_EmperorsWill_UpgradeBottom_SubTitle": "Upgrade - Reduce AP Cost",
  "CLASS_PERK_Chaplain_EmperorsWill_WarpCharge_SubTitle": "Warp Charge",
  "CLASS_PERK_Chaplain_MidLeftPassive_BonusWP_Title": "Willpower",
  "CLASS_PERK_Chaplain_MidLeftPassive_BonusWP_SubTitle": "Passive",
  "CLASS_PERK_Chaplain_Rosarius_Title": "Rosarius",
  "CLASS_PERK_Chaplain_Rosarius_SubTitle": "Passive",
  "CLASS_PERK_Chaplain_MidMidPassive_BonusWP_Top_Title": "Willpower",
  "CLASS_PERK_Chaplain_MidMidPassive_BonusWP_Top_SubTitle": "Passive",
  "CLASS_PERK_Chaplain_MidMidPassive_BonusWP_Left_Title": "Willpower",
  "CLASS_PERK_Chaplain_MidMidPassive_BonusWP_Left_SubTitle": "Passive",
  "CLASS_PERK_Chaplain_MidMidPassive_BonusWP_Right_Title": "Willpower",
  "CLASS_PERK_Chaplain_MidMidPassive_BonusWP_Right_SubTitle": "Passive",
  "CLASS_PERK_Chaplain_Provoke_Title": "Provoke",
  "CLASS_PERK_Chaplain_Provoke_SubTitle": "Psychic Attack",
  "CLASS_PERK_Chaplain_Provoke_Area_SubTitle": "Upgrade - Area",
  "CLASS_PERK_Chaplain_Provoke_Psy_SubTitle": "Warp Charge",
  "CLASS_PERK_Chaplain_MidRightPassive_BonusWP_Title": "Willpower",
  "CLASS_PERK_Chaplain_MidRightPassive_BonusWP_SubTitle": "Passive",
  "CLASS_PERK_Chaplain_IntonementForGuidance_Title": "Intonement for Guidance",
  "CLASS_PERK_Chaplain_IntonementForGuidance_SubTitle": "Litany",
  "CLASS_PERK_Chaplain_IntonementForGuidance_UpgradeLeft_SubTitle": "Upgrade - CRIT",
  "CLASS_PERK_Chaplain_IntonementForGuidance_UpgradeRight_SubTitle": "Upgrade - CRIT",
  "CLASS_PERK_Chaplain_AutoMentalFocus_Title": "Mental Focus",
  "CLASS_PERK_Chaplain_AutoMentalFocus_SubTitle": "Auto ([g:{autoChance}%], [g:{autoUses}] / Turn)",
  "CLASS_PERK_Chaplain_LitanyOfHate_Title": "Litany of Hate",
  "CLASS_PERK_Chaplain_LitanyOfHate_SubTitle": "Litany",
  "CLASS_PERK_Chaplain_LitanyOfHate_UpgradeLeft_SubTitle": "Upgrade - Uses Per Turn",
  "CLASS_PERK_Chaplain_LitanyOfHate_UpgradeRight_SubTitle": "Upgrade - Uses  Per Turn",
  "CLASS_PERK_Chaplain_BottomMidPassive_BonusWP_Title": "Willpower",
  "CLASS_PERK_Chaplain_BottomMidPassive_BonusWP_SubTitle": "Passive",
  "CLASS_PERK_Chaplain_WordOfPower_Title": "Words of Power",
  "CLASS_PERK_Chaplain_WordOfPower_SubTitle": "Litany",
  "CLASS_PERK_Chaplain_WordOfPower_UpgradeLeft_SubTitle": "Upgrade - CRIT DMG",
  "CLASS_PERK_Chaplain_WordOfPower_UpgradeRight_SubTitle": "Upgrade - CRIT DMG",
  "CLASS_PERK_Chaplain_BottomRightPassive_Rosarius_Title": "Rosarius",
  "CLASS_PERK_Chaplain_BottomRightPassive_Rosarius_SubTitle": "Passive",
  "CLASS_PERK_Chaplain_ReactionStrike_Armour_Pierce_Title": "Upgrade - Rearstrike",
  "CLASS_PERK_Chaplain_DefaultPerk_Title": "Aegis Shield",
  "CLASS_PERK_Chaplain_DefaultPerk_SubTitle": "Psychic Support",
  "CLASS_PERK_Interceptor_TeleportStrike_Title": "Teleport Strike",
  "CLASS_PERK_Interceptor_TeleportStrike_SubTitle": "Teleport Attack",
  "CLASS_PERK_Interceptor_TeleportStrike_Psyboost_SubTitle": "Warp Charge",
  "CLASS_PERK_Interceptor_TeleportStrikeDamage_SubTitle": "Upgrade - Damage",
  "CLASS_PERK_Interceptor_TeleportBoost_Title": "Teleport Boost",
  "CLASS_PERK_Interceptor_TeleportBoost_SubTitle": "Auto ([g:{autoChance}%], [g:{autoUses}] Use / Turn)",
  "CLASS_PERK_Interceptor_PsychicSuppression_Title": "Psychic Suppression",
  "CLASS_PERK_Interceptor_PsychicSuppression_SubTitle": "Psychic Attack",
  "CLASS_PERK_Interceptor_PsychicSuppression_DurationA_SubTitle": "Upgrade - Duration",
  "CLASS_PERK_Interceptor_PsychicSuppression_DurationB_SubTitle": "Upgrade - Duration",
  "CLASS_PERK_Interceptor_UnlockPsilencer_Title": "Psilencer",
  "CLASS_PERK_Interceptor_UnlockPsilencer_SubTitle": "Equipment",
  "CLASS_PERK_Interceptor_UnlockPsilencer_Description": "This Knight can now equip the [b:Psilencer] Ranged Weapon.",
  "CLASS_PERK_Interceptor_MeleeCritChanceA_Title": "Upgrade - CRIT",
  "CLASS_PERK_Interceptor_MeleeCritChanceA_SubTitle": "Upgrade - CRIT",
  "CLASS_PERK_Interceptor_MeleeCritChanceB_Title": "Upgrade - CRIT",
  "CLASS_PERK_Interceptor_MeleeCritChanceB_SubTitle": "Upgrade - CRIT",
  "CLASS_PERK_Interceptor_BonusCritDamage_Title": "Upgrade - CRIT DAMAGE",
  "CLASS_PERK_Interceptor_BonusCritDamage_SubTitle": "Upgrade - CRIT DMG",
  "CLASS_PERK_Interceptor_RuthlessPrecision_Title": "Ruthless Precision",
  "CLASS_PERK_Interceptor_RuthlessPrecision_SubTitle": "Auto ([g:{autoChance}%], [g:{autoUses}] / Turn)",
  "CLASS_PERK_Interceptor_PersonalTeleportation_Title": "Teleport",
  "CLASS_PERK_Interceptor_PersonalTeleportation_SubTitle": "Teleport Move",
  "CLASS_PERK_Interceptor_TeleportIncreasedRange_SubTitle": "Upgrade - Range",
  "CLASS_PERK_Interceptor_TeleportSwapAllies_SubTitle": "Upgrade - Swap Allies",
  "CLASS_PERK_Interceptor_Max_Willpower_A_Title": "Willpower",
  "CLASS_PERK_Interceptor_Max_Willpower_A_SubTitle": "Passive",
  "CLASS_PERK_Interceptor_Psybolt_SubTitle": "Upgrade - Psybolt",
  "CLASS_PERK_Interceptor_ForceStrike_SubTitle": "Upgrade - Force Strike",
  "CLASS_PERK_Interceptor_Max_Willpower_B_Title": "Willpower",
  "CLASS_PERK_Interceptor_Max_Willpower_B_SubTitle": "Passive",
  "CLASS_PERK_Interceptor_Max_Willpower_C_Title": "Willpower",
  "CLASS_PERK_Interceptor_Max_Willpower_C_SubTitle": "Passive",
  "CLASS_PERK_Interceptor_Hammerhand_Title": "Hammerhand",
  "CLASS_PERK_Interceptor_Hammerhand_SubTitle": "Psychic Melee Attack",
  "CLASS_PERK_Interceptor_Hammerhand_CritDamage_SubTitle": "Upgrade - CRIT DMG",
  "CLASS_PERK_Interceptor_Hammerhand_Psyboost_SubTitle": "Warp Charge",
  "CLASS_PERK_Interceptor_Max_Willpower_D_Title": "Willpower",
  "CLASS_PERK_Interceptor_Max_Willpower_D_SubTitle": "Passive",
  "CLASS_PERK_Interceptor_SupportFire_SubTitle": "Auto ([g:{autoChance}%], [g:{autoUses}] / Turn)",
  "CLASS_PERK_Interceptor_SupportFire_DamageA_SubTitle": "Upgrade - Damage",
  "CLASS_PERK_Interceptor_SupportFire_DamageB_SubTitle": "Upgrade - Damage",
  "CLASS_PERK_Interceptor_EnduringReflexes_Title": "Enduring Reflexes",
  "CLASS_PERK_Interceptor_EnduringReflexes_SubTitle": "Passive",
  "CLASS_PERK_Interceptor_DefaultPerk_Title": "Aegis Shield",
  "CLASS_PERK_Interceptor_DefaultPerk_SubTitle": "Psychic Support",
  "CLASS_PERK_Interceptor_AegisShield_Psyboost_Title": "Warp Charge",
  "CLASS_PERK_Interceptor_AegisShield_Psyboost_SubTitle": "Warp Charge",
  "CLASS_PERK_Interceptor_AegisShield_ArmourA_SubTitle": "Upgrade - Armour",
  "CLASS_PERK_Interceptor_AegisShield_ArmourB_SubTitle": "Upgrade - Armour",
  "CLASS_PERK_Interceptor_BonusWargear_Passive_Title": "Wargear Slot",
  "CLASS_PERK_Interceptor_BonusWargear_Passive_SubTitle": "Equipment",
  "CLASS_PERK_Interceptor_BonusWargear_Passive_Description": "This Knight has an extra [b:Wargear Slot] to equip any type of Wargear",
  "CLASS_PERK_Interceptor_CleansingStrike_Title": "Cleansing Strike",
  "CLASS_PERK_Interceptor_CleansingStrike_SubTitle": "Psychic Melee Attack",
  "CLASS_PERK_Interceptor_CleansingStrike_Damage_SubTitle": "Upgrade - Damage",
  "CLASS_PERK_Interceptor_CleansingStrike_Psyboost_SubTitle": "Warp Charge",
  "CLASS_PERK_Interceptor_SupportFire_Title": "Support Fire",
  "CLASS_PERK_Interceptor_Bonus_HP_Title": "Health",
  "CLASS_PERK_Interceptor_Bonus_HP_SubTitle": "Passive",
  "CLASS_PERK_Justicar_RendTheUnclean_Title": "Rend the Unclean",
  "CLASS_PERK_Justicar_RendTheUnclean_SubTitle": "Psychic Blast Attack",
  "CLASS_PERK_Justicar_RendTheUnclean_Damage_SubTitle": "Upgrade - Damage",
  "CLASS_PERK_Justicar_RendTheUnclean_Psy_SubTitle": "Warp Charge",
  "CLASS_PERK_Justicar_Max_Willpower_A_Title": "Willpower",
  "CLASS_PERK_Justicar_Max_Willpower_A_SubTitle": "Passive",
  "CLASS_PERK_Justicar_DefaultPerk_Title": "Aegis Shield",
  "CLASS_PERK_Justicar_DefaultPerk_SubTitle": "Psychic Boon",
  "CLASS_PERK_Justicar_AegisShield_ArmourA_SubTitle": "Upgrade - Armour",
  "CLASS_PERK_Justicar_AegisShield_ArmourB_SubTitle": "Upgrade - Armour",
  "CLASS_PERK_Justicar_AegisShield_Psyboost_Title": "Warp Charge",
  "CLASS_PERK_Justicar_AegisShield_Psyboost_SubTitle": "Warp Charge",
  "CLASS_PERK_Justicar_Fortress_Title": "Fortress",
  "CLASS_PERK_Justicar_Fortress_SubTitle": "Psychic Boon",
  "CLASS_PERK_Justicar_Provoke_Title": "Provoke",
  "CLASS_PERK_Justicar_Provoke_SubTitle": "Psychic Attack",
  "CLASS_PERK_Justicar_Provoke_Area_SubTitle": "Upgrade - Area",
  "CLASS_PERK_Justicar_Provoke_Psy_SubTitle": "Warp Charge",
  "CLASS_PERK_Justicar_EnduringReflexes_Title": "Enduring Reflexes",
  "CLASS_PERK_Justicar_EnduringReflexes_SubTitle": "Passive",
  "CLASS_PERK_Justicar_HammerHand_Title": "Hammerhand",
  "CLASS_PERK_Justicar_HammerHand_SubTitle": "Psychic Melee Attack",
  "CLASS_PERK_Justicar_Hammerhand_CritDamage_SubTitle": "Upgrade - CRIT DMG",
  "CLASS_PERK_Justicar_Hammerhand_Psy_SubTitle": "Warp Charge",
  "CLASS_PERK_Justicar_Max_Willpower_C_Title": "Willpower",
  "CLASS_PERK_Justicar_Max_Willpower_C_SubTitle": "Passive",
  "CLASS_PERK_Justicar_BasicPsybolt_SubTitle": "Upgrade - Psybolt Damage",
  "CLASS_PERK_Justicar_TerminatorArmour_Title": "Terminator Armour",
  "CLASS_PERK_Justicar_TerminatorArmour_SubTitle": "Equipment",
  "CLASS_PERK_Justicar_TerminatorArmour_Description": "This Knight can now equip [b:Terminator Armour].",
  "CLASS_PERK_Justicar_Max_Willpower_D_Title": "Willpower",
  "CLASS_PERK_Justicar_Max_Willpower_D_SubTitle": "Passive",
  "CLASS_PERK_Justicar_Bonus_HP_Title": "Health",
  "CLASS_PERK_Justicar_Bonus_HP_SubTitle": "Passive",
  "CLASS_PERK_Justicar_RangedCritChance_SubTitle": "Upgrade - CRIT",
  "CLASS_PERK_Justicar_RangedCritDmg_SubTitle": "Upgrade - CRIT DMG",
  "CLASS_PERK_Justicar_PsycannonSlot_Title": "Psycannon",
  "CLASS_PERK_Justicar_PsycannonSlot_SubTitle": "Equipment",
  "CLASS_PERK_Justicar_PsycannonSlot_Description": "This Knight can now equip the [b:Psycannon] Ranged Weapon.",
  "CLASS_PERK_Justicar_Automatic_Reload_Title": "Rapid Reload",
  "CLASS_PERK_Justicar_Automatic_Reload_SubTitle": "Auto ([g:{autoChance}%], [g:{autoUses}] Use / Turn)",
  "CLASS_PERK_Justicar_BasicForceStrike_SubTitle": "Upgrade - Force Strike (DMG)",
  "CLASS_PERK_Justicar_ForceStrike_ArmourBreakA_SubTitle": "Upgrade - Force Strike (Armour Break)",
  "CLASS_PERK_Justicar_ForceStrike_ArmourBreakB_SubTitle": "Upgrade - Force Strike (Armour Break)",
  "CLASS_PERK_Justicar_RuthlessPrecision_Title": "Ruthless Precision",
  "CLASS_PERK_Justicar_RuthlessPrecision_SubTitle": "Auto ([g:{autoChance}%], [g:{autoUses}] / Turn)",
  "CLASS_PERK_Justicar_HonourTheChapter_Title": "Honour The Chapter",
  "CLASS_PERK_Justicar_HonourTheChapter_SubTitle": "Psychic Boon",
  "CLASS_PERK_Justicar_HonourTheChapter_BonusAP_SubTitle": "Upgrade - AP",
  "CLASS_PERK_Justicar_HonourTheChapter_Psy_SubTitle": "Warp Charge",
  "CLASS_PERK_Justicar_BonusWargear_Passive_Title": "Equipment Slot",
  "CLASS_PERK_Justicar_BonusWargear_Passive_SubTitle": "Equipment",
  "CLASS_PERK_Justicar_BonusWargear_Passive_Description": "This Knight has an extra [b:Wargear Slot] to equip [b:Passive Equipment].",
  "CLASS_PERK_Justicar_CrushingCharge_Title": "Crushing Charge",
  "CLASS_PERK_Justicar_CrushingCharge_SubTitle": "Psychic Attack",
  "CLASS_PERK_Justicar_CrushingCharge_Hobbled_SubTitle": "Upgrade - Hobbled",
  "CLASS_PERK_Justicar_CrushingCharge_Stun_SubTitle": "Upgrade - Stun",
  "CLASS_PERK_Justicar_Bonus_HP_B_Title": "Health",
  "CLASS_PERK_Justicar_Bonus_HP_B_SubTitle": "Passive",
  "CLASS_PERK_Justicar_RangedCritChance_Title": "Upgrade - CRIT",
  "CLASS_PERK_Justicar_RangedCritDmg_Title": "Upgrade - CRIT DAMAGE",
  "CLASS_PERK_Librarian_Psybolt_CritDamageA_SubTitle": "Upgrade - CRIT DMG",
  "CLASS_PERK_Librarian_Psybolt_CritDamageB_SubTitle": "Upgrade - CRIT DMG",
  "CLASS_PERK_Librarian_Psybolt_ArmourPierce_SubTitle": "Upgrade - Armour Pierce",
  "CLASS_PERK_Librarian_ReturnFire_Title": "Return Fire",
  "CLASS_PERK_Librarian_ReturnFire_SubTitle": "Auto ([g:{autoChance}%], [g:{autoUses}] Use / Turn)",
  "CLASS_PERK_Librarian_EmpyreanDomination_Title": "Empyrean Domination",
  "CLASS_PERK_Librarian_EmpyreanDomination_SubTitle": "Psychic Support",
  "CLASS_PERK_Librarian_EmpyreanDomination_WarpSurgeBonus_SubTitle": "Upgrade - Warp Surge Suppression",
  "CLASS_PERK_Librarian_EmpyreanDomination_Psyboost_SubTitle": "Warp Charge",
  "CLASS_PERK_Librarian_PsyPower_A_Title": "Focus",
  "CLASS_PERK_Librarian_PsyPower_A_SubTitle": "Passive",
  "CLASS_PERK_Librarian_VortexofDoom_Title": "Vortex of Doom",
  "CLASS_PERK_Librarian_VortexofDoom_SubTitle": "Psychic Blast Attack",
  "CLASS_PERK_Librarian_VortexofDoom_Damage_SubTitle": "Upgrade - Damage",
  "CLASS_PERK_Librarian_VortexofDoom_Psy_SubTitle": "Warp Charge",
  "CLASS_PERK_Librarian_MaxWP_A_Title": "Willpower",
  "CLASS_PERK_Librarian_MaxWP_A_SubTitle": "Passive",
  "CLASS_PERK_Librarian_DefaultPerk_Title": "Aegis Shield",
  "CLASS_PERK_Librarian_DefaultPerk_SubTitle": "Psychic Boon",
  "CLASS_PERK_Librarian_AegisShield_ArmourA_SubTitle": "Upgrade - Warp Charge",
  "CLASS_PERK_Librarian_AegisShield_ArmourB_SubTitle": "Upgrade - Warp Charge",
  "CLASS_PERK_Librarian_AegisShield_Psyboost_Title": "Warp Charge",
  "CLASS_PERK_Librarian_AegisShield_Psyboost_SubTitle": "Warp Charge",
  "CLASS_PERK_Librarian_Fortress_Title": "Fortress",
  "CLASS_PERK_Librarian_Fortress_SubTitle": "Psychic Boon",
  "CLASS_PERK_Librarian_MaxWP_B_Title": "Willpower",
  "CLASS_PERK_Librarian_MaxWP_B_SubTitle": "Passive",
  "CLASS_PERK_Librarian_MaxWP_C_Title": "Willpower",
  "CLASS_PERK_Librarian_MaxWP_C_SubTitle": "Passive",
  "CLASS_PERK_Librarian_MaxWP_D_Title": "Willpower",
  "CLASS_PERK_Librarian_MaxWP_D_SubTitle": "Passive",
  "CLASS_PERK_Librarian_PsyPower_B_Title": "Focus",
  "CLASS_PERK_Librarian_PsyPower_B_SubTitle": "Passive",
  "CLASS_PERK_Librarian_Smite_Title": "Smite",
  "CLASS_PERK_Librarian_Smite_SubTitle": "Psychic Attack",
  "CLASS_PERK_Librarian_Smite_Damage_SubTitle": "Upgrade - Damage",
  "CLASS_PERK_Librarian_Smite_UnlimitedRange_SubTitle": "Upgrade - Unlimited Range",
  "CLASS_PERK_Librarian_Smite_Psyboost_SubTitle": "Warp Charge",
  "CLASS_PERK_Librarian_Sanctuary_Title": "Sanctuary",
  "CLASS_PERK_Librarian_Sanctuary_SubTitle": "Psychic Support Blast",
  "CLASS_PERK_Librarian_Sanctuary_ArmourA_SubTitle": "Upgrade - Armour",
  "CLASS_PERK_Librarian_Sanctuary_ArmourB_SubTitle": "Upgrade - Armour",
  "CLASS_PERK_Librarian_Sanctuary_Psy_SubTitle": "Warp Charge",
  "CLASS_PERK_Librarian_GateofInfinity_Title": "Gate of Infinity",
  "CLASS_PERK_Librarian_GateofInfinity_SubTitle": "Teleport Move",
  "CLASS_PERK_Librarian_GateofInfinity_Range_SubTitle": "Upgrade - Range",
  "CLASS_PERK_Librarian_GateofInfinity_Psy_SubTitle": "Warp Charge",
  "CLASS_PERK_Librarian_TeleportBoost_Title": "Teleport Boost",
  "CLASS_PERK_Librarian_TeleportBoost_SubTitle": "Auto ([g:{autoChance}%], [g:{autoUses}] Use / Turn)",
  "CLASS_PERK_Librarian_PsychicShriek_Title": "Psychic Shriek",
  "CLASS_PERK_Librarian_PsychicShriek_SubTitle": "Psychic Blast Attack",
  "CLASS_PERK_Librarian_PsychicShriek_StunDamage_SubTitle": "Upgrade - Stun",
  "CLASS_PERK_Librarian_PsychicShriek_Psy_SubTitle": "Warp Charge",
  "CLASS_PERK_Librarian_PriceOfPower_Title": "Price of Power",
  "CLASS_PERK_Librarian_PriceOfPower_SubTitle": "Auto ([g:{autoChance}%], [g:{autoUses}] / Turn)",
  "CLASS_PERK_Librarian_MaxWP_E_Title": "Willpower",
  "CLASS_PERK_Librarian_MaxWP_E_SubTitle": "Passive",
  "CLASS_PERK_Librarian_DarkExcommunication_Title": "Dark Excommunication",
  "CLASS_PERK_Librarian_DarkExcommunication_SubTitle": "Psychic Attack",
  "CLASS_PERK_Librarian_DarkExcommunication_Psy_SubTitle": "Warp Charge",
  "CLASS_PERK_Librarian_DarkExcommunication_Range_SubTitle": "Upgrade - Range",
  "CLASS_PERK_Librarian_AutoAegisShield_Title": "Aegis Reaction",
  "CLASS_PERK_Librarian_AutoAegisShield_SubTitle": "Auto ([g:{autoChance}%], [g:{autoUses}] Use / Turn)",
  "CLASS_PERK_Librarian_FocalConcentration_Title": "Focal Concentration",
  "CLASS_PERK_Librarian_FocalConcentration_SubTitle": "Passive",
  "CLASS_PERK_Librarian_Resistance_Bonus_Title": "Enhanced Resistance",
  "CLASS_PERK_Librarian_Resistance_Bonus_SubTitle": "Passive",
  "CLASS_PERK_Librarian_ForceStrike_SubTitle": "Upgrade - [b:Force Strike]",
  "CLASS_PERK_Librarian_Psybolt_SubTitle": "Upgrade - [b:Psybolt]",
  "CLASS_PERK_Librarian_Sanctuary_HazardDuration_SubTitle": "Upgrade - Duration",
  "CLASS_PERK_Librarian_WardingStave_A_SubTitle": "Upgrade - Aegis Shield",
  "CLASS_PERK_Librarian_WardingStave_B_SubTitle": "Upgrade - Aegis Shield",
  "CLASS_PERK_Librarian_ForceStrike_Upgrade_SubTitle": "Upgrade - Afflict [b:Silence]",
  "CLASS_PERK_Librarian_BonusRange_SubTitle": "Upgrade - Range",
  "CLASS_PERK_Librarian_Psybolt_Damage_SubTitle": "Upgrade - [b:Psybolt]",
  "CLASS_PERK_Paladin_DefendPosition_Title": "Defend Position",
  "CLASS_PERK_Paladin_DefendPosition_UpgradeArmour_SubTitle": "Upgrade - Armour",
  "CLASS_PERK_Paladin_DefendPosition_UpgradeArea_SubTitle": "Upgrade - Area",
  "CLASS_PERK_Paladin_DefendPosition_WarpCharge_SubTitle": "Warp Charge",
  "CLASS_PERK_Paladin_Auto_OnlyInDeath_Title": "Only In Death",
  "CLASS_PERK_Paladin_Auto_OnlyInDeath_SubTitle": "Auto - ([g:{autoChance}%], [g:{autoUses}] / Mission)",
  "CLASS_PERK_Paladin_Smite_Title": "Smite",
  "CLASS_PERK_Paladin_Smite_SubTitle": "Psychic Attack",
  "CLASS_PERK_Paladin_Smite_DamageBonus_Left_SubTitle": "Upgrade - Damage",
  "CLASS_PERK_Paladin_Smite_WarpCharge_Title": "Warp Charge",
  "CLASS_PERK_Paladin_Smite_WarpCharge_SubTitle": "Warp Charge",
  "CLASS_PERK_Paladin_TopMidPassive_BonusWP_Title": "Willpower",
  "CLASS_PERK_Paladin_TopMidPassive_BonusWP_SubTitle": "Passive",
  "CLASS_PERK_Paladin_FuryOfAncients_Title": "Fury of Ancients",
  "CLASS_PERK_Paladin_FuryOfAncients_SubTitle": "Psychic Spread Attack",
  "CLASS_PERK_Paladin_FuryOfAncients_Range_SubTitle": "Upgrade - Range",
  "CLASS_PERK_Paladin_FuryOfAncients_WarpCharge_SubTitle": "Warp Charge",
  "CLASS_PERK_Paladin_TopRightPassive_BonusWP_Title": "Willpower",
  "CLASS_PERK_Paladin_TopRightPassive_BonusWP_SubTitle": "Passive",
  "CLASS_PERK_Paladin_MidLeftPassive_MeleeCritChance_Right_SubTitle": "Upgrade - CRIT",
  "CLASS_PERK_Paladin_MidLeftPassive_MeleeCritDamage_Top_SubTitle": "Upgrade - CRIT DMG",
  "CLASS_PERK_Paladin_MidLeftPassive_MeleeCritDamage_Bottom_SubTitle": "Upgrade - CRIT DMG",
  "CLASS_PERK_Paladin_AutoRuthlessPrecision_Title": "Ruthless Precision",
  "CLASS_PERK_Paladin_AutoRuthlessPrecision_SubTitle": "Auto ([g:{autoChance}%], [g:{autoUses}] / Turn)",
  "CLASS_PERK_Paladin_ForceStrike_Stun_SubTitle": "Upgrade - Stun",
  "CLASS_PERK_Paladin_Psycannon_Unlock_Title": "Psycannon",
  "CLASS_PERK_Paladin_Psycannon_Unlock_SubTitle": "Equipment",
  "CLASS_PERK_Paladin_Psycannon_Unlock_Description": "This Knight can now equip the Psycannon [b:Special Weapon].",
  "CLASS_PERK_Paladin_MidMidPassive_BonusHP_Top_Title": "Health",
  "CLASS_PERK_Paladin_MidMidPassive_BonusHP_Top_SubTitle": "Passive",
  "CLASS_PERK_Paladin_MidMidPassive_BonusHP_Bottom_Title": "Health",
  "CLASS_PERK_Paladin_MidMidPassive_BonusHP_Bottom_SubTitle": "Passive",
  "CLASS_PERK_Paladin_Ranged_CritChance_Bonus_Title": "Upgrade - CRIT",
  "CLASS_PERK_Paladin_Ranged_CritChance_Bonus_SubTitle": "Upgrade - CRIT",
  "CLASS_PERK_Paladin_Ranged_Ammo_Bonus_Title": "Upgrade - AMMO",
  "CLASS_PERK_Paladin_Ranged_Ammo_Bonus_SubTitle": "Upgrade - AMMO",
  "CLASS_PERK_Paladin_Ranged_Damage_Bonus_Title": "Upgrade - CRIT DAMAGE",
  "CLASS_PERK_Paladin_Ranged_Damage_Bonus_SubTitle": "Upgrade - CRIT DMG",
  "CLASS_PERK_Paladin_AutoMentalFocus_Title": "Mental Focus",
  "CLASS_PERK_Paladin_AutoMentalFocus_SubTitle": "Auto ([g:{autoChance}%], [g:{autoUses}] / Turn)",
  "CLASS_PERK_Paladin_HammerHand_Title": "Hammerhand",
  "CLASS_PERK_Paladin_HammerHand_SubTitle": "Psychic Melee Attack",
  "CLASS_PERK_Paladin_HammerHand_CritDamage_SubTitle": "Upgrade - CRIT DMG",
  "CLASS_PERK_Paladin_HammerHand_WarpCharge_SubTitle": "Warp Charge",
  "CLASS_PERK_Paladin_BottomLeftPassive_BonusWP_Title": "Willpower",
  "CLASS_PERK_Paladin_BottomLeftPassive_BonusWP_SubTitle": "Passive",
  "CLASS_PERK_Paladin_EmperorsWill_Title": "The Emperor's Will",
  "CLASS_PERK_Paladin_EmperorsWill_SubTitle": "Psychic Support",
  "CLASS_PERK_Paladin_EmperorsWill_APCost_SubTitle": "Upgrade - Reduce AP Cost",
  "CLASS_PERK_Paladin_EmperorsWill_WarpCharge_SubTitle": "Warp Charge",
  "CLASS_PERK_Paladin_BottomMidPassive_BonusWP_Title": "Willpower",
  "CLASS_PERK_Paladin_BottomMidPassive_BonusWP_SubTitle": "Passive",
  "CLASS_PERK_Paladin_ArcaneWeapons_Title": "Arcane Weapons",
  "CLASS_PERK_Paladin_ArcaneWeapons_SubTitle": "Psychic Boon",
  "CLASS_PERK_Paladin_ArcaneWeapons_CritDamage_SubTitle": "Upgrade - CRIT DMG",
  "CLASS_PERK_Paladin_ArcaneWeapons_WarpCharge_SubTitle": "Warp Charge",
  "CLASS_PERK_Paladin_BottomRightPassive_BonusWP_Title": "Willpower",
  "CLASS_PERK_Paladin_BottomRightPassive_BonusWP_SubTitle": "Passive",
  "CLASS_PERK_Paladin_StormShield_Description": "The Storm Shield can be equipped instead of a [b:Ranged Weapon] to provide the Paladin with extra [b:Armour].",
  "CLASS_PERK_Paladin_StormShield_Title": "Storm Shield",
  "CLASS_PERK_Paladin_DefaultPerk_Title": "Aegis Shield",
  "CLASS_PERK_Paladin_DefaultPerk_SubTitle": "Psychic Support",
  "CLASS_PERK_Paladin_MidLeftPassive_MeleeCritDamage_Top_Title": "Upgrade - CRIT DAMAGE",
  "CLASS_PERK_Paladin_MidLeftPassive_MeleeCritDamage_Bottom_Title": "Upgrade - CRIT DAMAGE",
  "CLASS_PERK_Paladin_MidLeftPassive_MeleeCritChance_Right_Title": "Upgrade - CRIT",
  "CLASS_PERK_Purgator_PsilencerIgnoreHalfCover_SubTitle": "Upgrade - Ignore (Cover)",
  "CLASS_PERK_Purgator_PsilencerCritDamage_SubTitle": "Upgrade - CRIT DMG",
  "CLASS_PERK_Purgator_PsilencerRange_SubTitle": "Upgrade - Range",
  "CLASS_PERK_Purgator_SupportFire_Title": "Support Fire",
  "CLASS_PERK_Purgator_SupportFire_SubTitle": "Auto ([g:{autoChance}%], [g:{autoUses}] Use / Turn)",
  "CLASS_PERK_Purgator_EmperorsLight_Title": "Emperor's Light",
  "CLASS_PERK_Purgator_EmperorsLight_SubTitle": "Psychic Blast Attack",
  "CLASS_PERK_Purgator_EmperorsLight_AreaIncrease_SubTitle": "Upgrade - Area",
  "CLASS_PERK_Purgator_EmperorsLight_Psyboost_SubTitle": "Warp Charge",
  "CLASS_PERK_Purgator_Max_Willpower_A_Title": "Willpower",
  "CLASS_PERK_Purgator_Max_Willpower_A_SubTitle": "Passive",
  "CLASS_PERK_Purgator_BonusGrenadeSlot_Title": "Grenade Upgrades",
  "CLASS_PERK_Purgator_BonusGrenadeSlot_SubTitle": "Unlock - Grenade Slot",
  "CLASS_PERK_Purgator_BonusGrenadeSlot_Description": "This Knight has an extra [b:Wargear Slot] to equip [b:Grenades].",
  "CLASS_PERK_Purgator_GrenadeRadius_SubTitle": "Upgrade - Area",
  "CLASS_PERK_Purgator_GrenadeUsesA_SubTitle": "Upgrade - Ammo",
  "CLASS_PERK_Purgator_GrenadeUsesB_SubTitle": "Upgrade - Ammo",
  "CLASS_PERK_Purgator_RangedAmmoA_Title": "Upgrade - Ammo",
  "CLASS_PERK_Purgator_RangedAmmoA_SubTitle": "Upgrade - Ammo",
  "CLASS_PERK_Purgator_RangedAmmoB_Title": "Upgrade - Ammo",
  "CLASS_PERK_Purgator_RangedAmmoB_SubTitle": "Upgrade - Ammo",
  "CLASS_PERK_Purgator_RangedWeaponCritDamage_SubTitle": "Upgrade - CRIT DMG",
  "CLASS_PERK_Purgator_ReturnFire_Title": "Return Fire",
  "CLASS_PERK_Purgator_ReturnFire_SubTitle": "Auto ([g:{autoChance}%], [g:{autoUses}] Use / Turn)",
  "CLASS_PERK_Purgator_Psyboost_ArmourPierce_SubTitle": "Upgrade - Armour Pierce",
  "CLASS_PERK_Purgator_Max_Willpower_B_Title": "Willpower",
  "CLASS_PERK_Purgator_Max_Willpower_B_SubTitle": "Passive",
  "CLASS_PERK_Purgator_Max_Willpower_C_Title": "Willpower",
  "CLASS_PERK_Purgator_Max_Willpower_C_SubTitle": "Passive",
  "CLASS_PERK_Purgator_Max_Willpower_D_Title": "Willpower",
  "CLASS_PERK_Purgator_Max_Willpower_D_SubTitle": "Passive",
  "CLASS_PERK_Purgator_SanctifiedKillZone_Title": "Sanctified Kill Zone",
  "CLASS_PERK_Purgator_SanctifiedKillZone_SubTitle": "Psychic Blast Attack",
  "CLASS_PERK_Purgator_SanctifiedKillZoneDuration_SubTitle": "Upgrade - Duration",
  "CLASS_PERK_Purgator_SanctifiedKillZone_Psyboost_SubTitle": "Warp Charge",
  "CLASS_PERK_Purgator_EnduringReflexes_Title": "Enduring Reflexes",
  "CLASS_PERK_Purgator_EnduringReflexes_SubTitle": "Passive",
  "CLASS_PERK_Purgator_PsychicOnslaught_UpgradeDamageA_SubTitle": "Upgrade - DMG",
  "CLASS_PERK_Purgator_PsychicOnslaught_UpgradeDamageB_SubTitle": "Upgrade - DMG",
  "CLASS_PERK_Purgator_PsychicOnslaught_UpgradeRadius_SubTitle": "Upgrade - Area",
  "CLASS_PERK_Purgator_Automatic_Reload_Title": "Rapid Reload",
  "CLASS_PERK_Purgator_Automatic_Reload_SubTitle": "Auto ([g:{autoChance}%], [g:{autoUses}] Use / Turn)",
  "CLASS_PERK_Purgator_AstralAim_Title": "Astral Aim",
  "CLASS_PERK_Purgator_AstralAim_SubTitle": "Psychic Ranged Attack",
  "CLASS_PERK_Purgator_AstralAim_UpgradeA_SubTitle": "Upgrade - CRIT DMG",
  "CLASS_PERK_Purgator_AstralAim_Psyboost_SubTitle": "Warp Charge",
  "CLASS_PERK_Purgator_MentalFocus_Title": "Mental Focus",
  "CLASS_PERK_Purgator_MentalFocus_SubTitle": "Auto ([g:{autoChance}%], [g:{autoUses}] Use / Turn)",
  "CLASS_PERK_Purgator_ArcaneWeapons_Title": "Arcane Weapons",
  "CLASS_PERK_Purgator_ArcaneWeapons_SubTitle": "Psychic Boon",
  "CLASS_PERK_Purgator_ArcaneWeapons_CritDamage_SubTitle": "Upgrade - CRIT DMG",
  "CLASS_PERK_Purgator_ArcaneWeapons_Psyboost_SubTitle": "Warp Charge",
  "CLASS_PERK_Purgator_Max_Willpower_E_Title": "Willpower",
  "CLASS_PERK_Purgator_Max_Willpower_E_SubTitle": "Passive",
  "CLASS_PERK_Purgator_DefaultPerk_Title": "Aegis Shield",
  "CLASS_PERK_Purgator_DefaultPerk_SubTitle": "Psychic Support",
  "CLASS_PERK_Purgator_RangedWeaponCritDamage_Title": "Upgrade - CRIT DAMAGE",
  "CLASS_PERK_Purgator_PsilencerRange_Title": "Psilencer - Upgrade - Range",
  "CLASS_PERK_Purgator_PsilencerCritDamage_Title": "Psilencer - Upgrade - CRIT DAMAGE",
  "CLASS_PERK_Purifier_Hammerhand_Title": "Hammerhand",
  "CLASS_PERK_Purifier_Hammerhand_SubTitle": "Psychic Melee Attack",
  "CLASS_PERK_Purifier_Hammerhand_CritDamage_SubTitle": "Upgrade - CRIT DMG",
  "CLASS_PERK_Purifier_HammerHand_AfflictFlame_SubTitle": "Warp Charge - Afflict Flame",
  "CLASS_PERK_Purifier_Bonus_HP_Title": "Health",
  "CLASS_PERK_Purifier_Bonus_HP_SubTitle": "Passive",
  "CLASS_PERK_Purifier_CleansingFlame_Title": "Cleansing Flame",
  "CLASS_PERK_Purifier_CleansingFlame_SubTitle": "Psychic Blast Attack",
  "CLASS_PERK_Purifier_CleansingFlame_AfflictPurge_SubTitle": "Upgrade - Purge",
  "CLASS_PERK_Purifier_CleansingFlame_WarpCharge_SubTitle": "Warp Charge",
  "CLASS_PERK_Purifier_EternalFlame_Title": "Eternal Flame",
  "CLASS_PERK_Purifier_EternalFlame_SubTitle": "Passive",
  "CLASS_PERK_Purifier_AstralAim_Title": "Astral Aim",
  "CLASS_PERK_Purifier_AstralAim_SubTitle": "Psychic Ranged Attack",
  "CLASS_PERK_Purifier_AstralAim_RangedCrit_SubTitle": "Upgrade - CRIT DMG",
  "CLASS_PERK_Purifier_AstralAim_WarpCharge_SubTitle": "Warp Charge",
  "CLASS_PERK_Purifier_Automatic_Reload_Title": "Rapid Reload",
  "CLASS_PERK_Purifier_Automatic_Reload_SubTitle": "Auto ([g:{autoChance}%], [g:{autoUses}] / Turn)",
  "CLASS_PERK_Purifier_MidLeftPassive_MeleeCritRight_Title": "Upgrade - CRIT",
  "CLASS_PERK_Purifier_MidLeftPassive_MeleeCritRight_SubTitle": "Upgrade - CRIT",
  "CLASS_PERK_Purifier_MidLeftPassive_AfflictTop_Title": "Upgrade - Afflict",
  "CLASS_PERK_Purifier_MidLeftPassive_AfflictTop_SubTitle": "Upgrade - Afflict",
  "CLASS_PERK_Purifier_MidLeftPassive_AfflictBottom_Title": "Upgrade - Afflict",
  "CLASS_PERK_Purifier_MidLeftPassive_AfflictBottom_SubTitle": "Upgrade - Afflict",
  "CLASS_PERK_Purifier_SoulBlaze_Title": "Soul Blaze",
  "CLASS_PERK_Purifier_SoulBlaze_SubTitle": "Auto ([g:{autoChance}%], [g:{autoUses}] / Turn)",
  "CLASS_PERK_Purifier_ForceStrike_Purge_SubTitle": "Upgrade - Purge",
  "CLASS_PERK_Purifier_MidMidPassive_BonusWP_Right_Title": "Willpower",
  "CLASS_PERK_Purifier_MidMidPassive_BonusWP_Right_SubTitle": "Passive",
  "CLASS_PERK_Purifier_MidMidPassive_BonusWP_Top_Title": "Willpower",
  "CLASS_PERK_Purifier_MidMidPassive_BonusWP_Top_SubTitle": "Passive",
  "CLASS_PERK_Purifier_MidMidPassive_Bottom_Title": "Upgrade Resistance",
  "CLASS_PERK_Purifier_MidMidPassive_Bottom_SubTitle": "Passive",
  "CLASS_PERK_Purifier_IncineratorRangeBonus_SubTitle": "Upgrade - Range",
  "CLASS_PERK_Purifier_IncineratorDamageBonus_SubTitle": "Upgrade - Damage",
  "CLASS_PERK_Purifier_IncineratorArcBonus_SubTitle": "Upgrade - Arc",
  "CLASS_PERK_Purifier_Vengeance_Title": "Vengeance",
  "CLASS_PERK_Purifier_Vengeance_SubTitle": "Auto ([g:{autoChance}%], [g:{autoUses}] / Turn)",
  "CLASS_PERK_Purifier_UnstoppableConflagration_Title": "Unstoppable Conflagration",
  "CLASS_PERK_Purifier_UnstoppableConflagration_SubTitle": "Auto ([g:{autoChance}%], [g:{autoUses}] / Turn)",
  "CLASS_PERK_Purifier_UnstoppableConflagration_Damage_SubTitle": "Upgrade - DMG/Use",
  "CLASS_PERK_Purifier_UnstoppableConflagration_Resistance_SubTitle": "Upgrade - Resistance/Use",
  "CLASS_PERK_Purifier_BottomLeftPassive_Resistance_Title": "Upgrade Resistance",
  "CLASS_PERK_Purifier_BottomLeftPassive_Resistance_SubTitle": "Passive",
  "CLASS_PERK_Purifier_BonusWargear_Grenade_Title": "Grenade Slot",
  "CLASS_PERK_Purifier_BonusWargear_Grenade_SubTitle": "Unlock - Grenade Slot",
  "CLASS_PERK_Purifier_BonusWargear_Grenade_Description": "This Knight has an extra [b:Wargear Slot] to equip Grenades.",
  "CLASS_PERK_Purifier_GrenadeRadius_SubTitle": "Upgrade - Area",
  "CLASS_PERK_Purifier_GrenadeDamage_SubTitle": "Upgrade - DMG",
  "CLASS_PERK_Purifier_GrenadeAmmo_SubTitle": "Upgrade - Ammo",
  "CLASS_PERK_Purifier_FlamesOfPurity_Title": "Flames of Purity",
  "CLASS_PERK_Purifier_FlamesOfPurity_AfflictBlind_SubTitle": "Upgrade - Afflict Blinded",
  "CLASS_PERK_Purifier_FlamesOfPurity_Damage_SubTitle": "Upgrade - Damage",
  "CLASS_PERK_Purifier_FlamesOfPurity_Knockback_SubTitle": "Upgrade - Knockback",
  "CLASS_PERK_Purifier_BottomRightPassive_BonusWP_Title": "Willpower",
  "CLASS_PERK_Purifier_BottomRightPassive_BonusWP_SubTitle": "Passive",
  "CLASS_PERK_Purifier_DefaultPerk_Title": "Aegis Shield",
  "CLASS_PERK_Purifier_DefaultPerk_SubTitle": "Psychic Support",
  "CLASS_PERK_Purifier_PurifyingFlame_Title": "Purifying Flame",
  "CLASS_PERK_Purifier_BlazingRounds_Title": "Blazing Rounds",
  "CLASS_PERK_Purifier_ImmuneToHazards_Title": "Immune to Hazards",
  "CLASS_PERK_Purifier_SpecialWeaponsSlot_Title": "Special Weapons",
  "CLASS_PERK_Purifier_SpecialWeaponDamageBonus_Title": "Special Weapon Damage Bonus",
  "CLASS_PERK_Purifier_SpecialWeaponsSlot_Description": "This Knight can now equip the [b:Psycannon], [b:Psilencer], and [b:Incinerator].  These require 2 hands when in [b:Power Armour].",
  "CLASS_PERK_GarranCrowe_Default_Title": "Aegis Shield",
  "CLASS_PERK_GarranCrowe_Default_SubTitle": "Psychic Support",
  "CLASS_PERK_GarranCrowe_HammerHand_Title": "Hammerhand",
  "CLASS_PERK_GarranCrowe_HammerHand_SubTitle": "Psychic Melee Attack",
  "CLASS_PERK_GarranCrowe_HammerHand_WarpCharge_SubTitle": "Warp Charge - Afflict Flame",
  "CLASS_PERK_GarranCrowe_CleansingFlame_Title": "Cleansing Flame",
  "CLASS_PERK_GarranCrowe_CleansingFlame_SubTitle": "Psychic Blast Attack",
  "CLASS_PERK_GarranCrowe_CleansingFlame_WarpCharge_SubTitle": "Warp Charge",
  "CLASS_PERK_GarranCrowe_SoulBlaze_Title": "Soul Blaze",
  "CLASS_PERK_GarranCrowe_SoulBlaze_SubTitle": "Auto ([g:{autoChance}%], [g:{autoUses}] / Turn)",
  "CLASS_PERK_GarranCrowe_EmpyreanDomination_Title": "Empyrean Domination",
  "CLASS_PERK_GarranCrowe_EmpyreanDomination_SubTitle": "Psychic Support",
  "CLASS_PERK_GarranCrowe_EternalFlame_Title": "Eternal Flame",
  "CLASS_PERK_GarranCrowe_EternalFlame_SubTitle": "Passive",
  "CLASS_PERK_GarranCrowe_RendTheUnclean_Title": "Rend the Unclean",
  "CLASS_PERK_GarranCrowe_RendTheUnclean_SubTitle": "Psychic Blast Attack",
  "CLASS_PERK_GarranCrowe_CrushingCharge_Title": "Crushing Charge",
  "CLASS_PERK_GarranCrowe_CrushingCharge_SubTitle": "Psychic Attack",
  "CLASS_PERK_ExperimentalInoculation_Title": "Experimental Inoculation",
  "CLASS_PERK_ExperimentalInoculation_SubTitle": "Passive",
  "ABILITY_NAME_ExperimentalInoculation": "Experimental Inoculation",
  "ABILITY_DESC_ExperimentalInoculation": "This Knight gains [g:+{resistanceAmount}%] [b:Resistance], which increases his chance to [b:Resist] Afflictions.",
  "CLASS_PERK_Champion_Title": "Champion",
  "CLASS_PERK_Champion_SubTitle": "Passive",
  "ABILITY_NAME_Champion": "Champion",
  "ABILITY_DESC_Champion": "This knight gains [g:+{healthBonus}]  [b:Max HP], [g:+{willpowerAmount}] [b:Max WP], [g:+{critChance}%] [b:CRIT]",
  "KNIGHT_CLASS_PERK_DETAIL_NAME_PrecisionTargeting": "Precision Targeting",
  "KNIGHT_CLASS_PERK_DETAIL_DESC_PrecisionTargeting": "If this ability CRITS, you can choose to destroy one of the target's body parts.",
  "KNIGHT_CLASS_PERK_DETAIL_NAME_ArmourPierce": "Armour Pierce",
  "KNIGHT_CLASS_PERK_DETAIL_DESC_ArmourPierce": "All DMG ignores the target's [b:Armour].",
  "KNIGHT_CLASS_PERK_DETAIL_NAME_WarpSurge": "Warp Surge",
  "KNIGHT_CLASS_PERK_DETAIL_DESC_WarpSurge": "[b:Warp Surges] are unpredictable Warp events that occur by an increasing chance when more psychic abilities are used.",
  "ABILITY_CLASS_TYPE_NAME_Litany": "Litanies",
  "ABILITY_CLASS_TYPE_SUBTITLE_Litany": "Psychic Support",
  "ABILITY_CLASS_TYPE_DESC_Litany": "[b:Litanies] provide positive effects to all Knights when activated, only one Litany can be used  at any given time.",
  "ABILITY_CLASS_TYPE_NAME_Psybolt": "Psybolt",
  "ABILITY_CLASS_TYPE_SUBTITLE_Psybolt": "Psychic Ranged Attack",
  "ABILITY_CLASS_TYPE_DESC_Psybolt": "[b:Psybolts] augment the Knight’s [b:Ranged Attacks] with Storm Bolters for additional Willpower.",
  "ABILITY_CLASS_TYPE_NAME_ForceStrike": "Force Strike",
  "ABILITY_CLASS_TYPE_SUBTITLE_ForceStrike": "Force Strike",
  "ABILITY_CLASS_TYPE_DESC_ForceStrike": "A [b:Force Strike] augments the Knight’s Melee Attacks with Nemesis Force Weapons for additional Willpower."
}