{
  "WARP_SURGE_FROZEN": "Warp Surge Frozen",
  "COMBAT_EVENT_TYPE_BossPhase": "Crisis Ability",
  "COMBAT_EVENT_TYPE_NurglingSwarm": "Nurgling Swarm",
  "COMBAT_EVENT_TYPE_PowerOfTheBloom": "Power of The Bloom",
  "WARP_SURGE_TYPE_Reinforcements": "Reinforcements",
  "WARP_SURGE_TYPE_Seeding": "Seeding",
  "WARP_SURGE_TYPE_Spreading": "Spreading",
  "WARP_SURGE_TYPE_Mission": "Mission",
  "WARP_SURGE_TYPE_Recon": "Stratagem",
  "WARP_SURGE_TYPE_General": "Warp Surge",
  "WARP_SURGE_TYPE_Poxus": "Poxus",
  "WARP_SURGE_TYPE_Necrosus": "Necrosus",
  "WARP_SURGE_TYPE_Mortus": "Mortus",
  "WARP_SURGE_TYPE_Tentarus": "Tentarus",
  "WARP_SURGE_TYPE_Dolorus": "Dolorus",
  "WARP_SURGE_ReinforcementsCount": "[b:({0} Reinforcements left)]",
  "COMBAT_EVENT_TYPE_Rearguard": "Rearguard",
  "WARP_SURGE_NO_SURGES": "--",
  "WARP_SURGE_TITLE_emptyEvent": "Empty Event",
  "WARP_SURGE_TITLE_plagueHost": "Plague Host",
  "WARP_SURGE_TITLE_curseOfTheBloom": "Curse of the Bloom",
  "WARP_SURGE_TITLE_grandfathersCurse": "Grandfather's Curse",
  "WARP_SURGE_TITLE_denizensOfTheWarp": "Denizens of the Warp",
  "WARP_SURGE_TITLE_missionObjectiveReinforcements": "New Enemy Reinforcements",
  "WARP_SURGE_TITLE_poxGift": "Pox Gift",
  "WARP_SURGE_TITLE_lesserPoxGift": "Lesser Pox Gift",
  "WARP_SURGE_TITLE_plagueGift": "Plague Gift",
  "WARP_SURGE_TITLE_lesserMutation": "Bloom Mutation",
  "WARP_SURGE_TITLE_nurglesRevoltingRegeneration": "Revolting Regeneration",
  "WARP_SURGE_TITLE_theGrandfathersBlessing": "Grandfather's Blessing",
  "WARP_SURGE_TITLE_thePowerOfMutation": "Power of Mutation",
  "WARP_SURGE_TITLE_bloomspawnPrison": "Bloomspawn Prison",
  "WARP_SURGE_TITLE_kissOfFraility": "Miasma of Frailty",
  "WARP_SURGE_TITLE_theFalteringPox": "The Faltering Pox",
  "WARP_SURGE_TITLE_nurglesEmbrace": "Nurgle's Embrace",
  "WARP_SURGE_TITLE_innexorableBlight": "Inexorable Blight",
  "WARP_SURGE_TITLE_taintedBlades": "Tainted Blades",
  "WARP_SURGE_TITLE_theRelentlessHost": "The Relentless Host",
  "WARP_SURGE_TITLE_weaponVirus": "Weapon Virus",
  "WARP_SURGE_TITLE_bladesOfRust": "Blades of Rust",
  "WARP_SURGE_TITLE_theUnbreakingHost": "The Unbreakable Host",
  "WARP_SURGE_TITLE_punishTheWitch": "Punish the Witch",
  "WARP_SURGE_TITLE_psychicFeedback": "Psychic Feedback",
  "WARP_SURGE_TITLE_empyreanSurge": "Empyrean Surge",
  "WARP_SURGE_TITLE_drainingBlades": "Draining Blades",
  "WARP_SURGE_TITLE_withoutRelief": "Without Relief",
  "WARP_SURGE_TITLE_fieldsOfAgony": "Fields of Agony",
  "WARP_SURGE_TITLE_searingBlades": "Searing Blades",
  "WARP_SURGE_TITLE_putridDetonation": "Putrid Detonation",
  "WARP_SURGE_TITLE_greaterMutation": "Greater Mutation",
  "WARP_SURGE_TITLE_lesserBloomspawnEruption": "Bloomspawn Eruption",
  "WARP_SURGE_TITLE_theBloomProtects": "The Bloom Protects",
  "WARP_SURGE_TITLE_theGrandfathersGift": "The Grandfather's Gift",
  "WARP_SURGE_TITLE_greaterBloomspawnEruption": "Greater Bloomspawn Eruption",
  "COMBAT_EVENT_TITLE_nurglingSwarmEvent": "Nurgling Swarm",
  "COMBAT_EVENT_TITLE_bloomRootReinforcementPoxus": "Defenders of Poxus",
  "COMBAT_EVENT_TITLE_bloomRootReinforcementNecrosus": "Defenders of Necrosus",
  "COMBAT_EVENT_TITLE_bloomRootReinforcementMortus": "Defenders of Mortus",
  "COMBAT_EVENT_TITLE_bloomRootReinforcementDolorus": "Defenders of Dolorus",
  "COMBAT_EVENT_TITLE_bloomRootReinforcementTentarus": "Defenders of Tentarus",
  "COMBAT_EVENT_TITLE_powerOfTheBloomPoxus": "Power of the Bloom: Poxus",
  "COMBAT_EVENT_TITLE_powerOfTheBloomNecrosus": "Power of the Bloom: Necrosus",
  "COMBAT_EVENT_TITLE_powerOfTheBloomMortus": "Power of the Bloom: Mortus",
  "COMBAT_EVENT_TITLE_powerOfTheBloomDolorus": "Power of the Bloom: Dolorus",
  "COMBAT_EVENT_TITLE_powerOfTheBloomTentarus": "Power of the Bloom: Tentarus",
  "COMBAT_EVENT_TITLE_rearguardEvent": "Defend the Portal",
  "WARP_SURGE_TITLE_guardiansOfTheSeeds": "Guardians of the Seeds",
  "WARP_SURGE_TITLE_defendTheBloomspawn": "Defend the Bloomspawn",
  "WARP_SURGE_TITLE_wailsOfChaos": "Wails of Chaos",
  "WARP_SURGE_TITLE_defendersOfTheGate": "Defenders of the Gate",
  "WARP_SURGE_DESC_emptyEvent": "The Warp has dispersed!",
  "WARP_SURGE_DESC_plagueHost": "Enemy forces gain [g:+1] Reinforcements.",
  "WARP_SURGE_DESC_curseOfTheBloom": "Your Knights suffer [r:-1] Max HP for the remainder of the mission.",
  "WARP_SURGE_DESC_grandfathersCurse": "Your Knights suffer [r:-1] Max WP for the remainder of the mission.",
  "WARP_SURGE_DESC_denizensOfTheWarp": "A Warp Rift has opened:  Enemy Reinforcements will arrive next turn.",
  "WARP_SURGE_DESC_missionObjectiveReinforcements": "Unexpected enemy reinforcements have arrived from the Warp!  [b:(Does not draw from your reinforcements pool)]",
  "WARP_SURGE_DESC_poxGift": "Poxwalkers will rise from corpses next turn!",
  "WARP_SURGE_DESC_lesserPoxGift": "Lesser Poxwalkers rise from nearby corpses immediately!",
  "WARP_SURGE_DESC_plagueGift": "Plaguebearers will rise from corpses next turn!",
  "WARP_SURGE_DESC_lesserMutation": "Some of our Enemies gain Mutations!",
  "WARP_SURGE_DESC_greaterMutation": "Many of our Enemies gain Mutations!",
  "WARP_SURGE_DESC_nurglesRevoltingRegeneration": "All Enemies Heal 50% of their Max HP!",
  "WARP_SURGE_DESC_theGrandfathersBlessing": "All Enemies gain +5 Armour for 1 Turn!",
  "WARP_SURGE_DESC_thePowerOfMutation": "All strain-specific Mutations on Enemies are doubled in power!",
  "WARP_SURGE_DESC_bloomspawnPrison": "One of your Knights is trapped by a Bloomspawn Growth.  Cleanse it to free them.",
  "WARP_SURGE_DESC_kissOfFraility": "A Zone of Weakness appears for the next 3 Turns!",
  "WARP_SURGE_DESC_theFalteringPox": "One of your Knights suffers the Hobbled Affliction for 3 Turns!",
  "WARP_SURGE_DESC_nurglesEmbrace": "Plague Zones appear for the next 3 Turns!",
  "WARP_SURGE_DESC_innexorableBlight": "All of your Knights have their Resistance set to [g:0%] for 5 Turns!",
  "WARP_SURGE_DESC_taintedBlades": "All Enemy [b:Melee Attacks] Afflict [b:Immobilized] ([g:100%], [g:1 Turn]) for the next 3 Turns!",
  "WARP_SURGE_DESC_theRelentlessHost": "All Enemies cannot be Stunned for the next 3 Turns!",
  "WARP_SURGE_DESC_weaponVirus": "Zones that disables [b:Ranged Weapons] appear for the next 3 Turns!",
  "WARP_SURGE_DESC_bladesOfRust": "All Enemy [b:Melee Attacks] gain Armour Pierce for the next 3 Turns!",
  "WARP_SURGE_DESC_theUnbreakingHost": "All Enemies gain -50% CRIT Vulnerability for the next 5 Turns!",
  "WARP_SURGE_DESC_punishTheWitch": "Your Knights suffer 1 DMG when using Psychic Abilities for the next 3 Turns!",
  "WARP_SURGE_DESC_psychicFeedback": "Your Knights Psychic Abilities cost +1 WP for the next 3 Turns!",
  "WARP_SURGE_DESC_empyreanSurge": "Your Stratagems cannot be activated for the next 5 Turns!",
  "WARP_SURGE_DESC_drainingBlades": "All Enemy [b:Melee Attacks] Afflict [b:Drained] for the next 3 Turns!",
  "WARP_SURGE_DESC_withoutRelief": "Your Knights Heal abilities reduce to [g:0] for the next 3 Turns!",
  "WARP_SURGE_DESC_fieldsOfAgony": "Deadly Hazard Zones appear for the next 3 Turns!",
  "WARP_SURGE_DESC_searingBlades": "All Enemy [b:Melee Attacks] deal -1 Max HP for the next 3 Turns!",
  "WARP_SURGE_DESC_putridDetonation": "Enemies explode on death, dealing 3 DMG in an Area for the next 3 Turns!",
  "WARP_SURGE_DESC_lesserBloomspawnEruption": "New Bloomspawn have emerged in the battle!",
  "WARP_SURGE_DESC_theBloomProtects": "All Bloomspawn gain +5 Armour for the next 3 Turns!",
  "WARP_SURGE_DESC_theGrandfathersGift": "One Enemy gains many Mutations!",
  "WARP_SURGE_DESC_greaterBloomspawnEruption": "Many new Bloomspawn have everged in the battle!",
  "COMBAT_EVENT_DESC_nurglingSwarmEvent": "Nurglings Swarm!",
  "COMBAT_EVENT_DESC_morgellusFinaleEvent": "All Platforms will be destroyed.",
  "COMBAT_EVENT_DESC_bloomRootReinforcementPoxus": "Brings forth a [b:Chaos Spawn]. Mortarion is protected by the [b:Root of Poxus].",
  "COMBAT_EVENT_DESC_bloomRootReinforcementNecrosus": "Brings forth a [b:Foetid Bloat Drone]. Mortarion is protected by the [b:Root of Necrosus].",
  "COMBAT_EVENT_DESC_bloomRootReinforcementMortus": "Brings forth a [b:Plague Ridden]. Mortarion is protected by the [b:Root of Mortus].",
  "COMBAT_EVENT_DESC_bloomRootReinforcementDolorus": "Brings forth a [b:Helbrute]. Mortarion is protected by the [b:Root of Dolorus].",
  "COMBAT_EVENT_DESC_bloomRootReinforcementTentarus": "Brings forth a [b:Myphitic Blight Hauler]. Mortarion is protected by the [b:Root of Tentarus].",
  "COMBAT_EVENT_DESC_powerOfTheBloomPoxus": "Mortarion attunes to the Root of Poxus",
  "COMBAT_EVENT_DESC_powerOfTheBloomNecrosus": "Mortarion attunes to the Root of Necrosus",
  "COMBAT_EVENT_DESC_powerOfTheBloomMortus": "Mortarion attunes to the Root of Mortus",
  "COMBAT_EVENT_DESC_powerOfTheBloomDolorus": "Mortarion attunes to the Root of Dolorus",
  "COMBAT_EVENT_DESC_powerOfTheBloomTentarus": "Mortarion attunes to the Root of Tentarus",
  "COMBAT_EVENT_DESC_rearguardEvent": "Repel the Forces of Chaos!",
  "BLOOM_STRAIN_POXUS_OBJECTIVE": "Kaldor Draigo Must Destroy the Poxus Root",
  "BLOOM_STRAIN_MORTUS_OBJECTIVE": "Kaldor Draigo Must Destroy the Mortus Root",
  "BLOOM_STRAIN_NECROSUS_OBJECTIVE": "Kaldor Draigo Must Destroy the Necrosus Root",
  "BLOOM_STRAIN_TENTARUS_OBJECTIVE": "Kaldor Draigo Must Destroy the Tentarus Root",
  "BLOOM_STRAIN_DOLORUS_OBJECTIVE": "Kaldor Draigo Must Destroy the Dolorus Root",
  "COMBAT_EVENT_OBJECTIVE_DefeatRearguard": "Prevent as many Enemies from entering as possible.",
  "WARP_SURGE_DESC_guardiansOfTheSeeds": "A Warp Rift has opened. Enemies will arrive to seek retribution next turn.",
  "WARP_SURGE_DESC_defendTheBloomspawn": "A Warp Rift has opened. Enemies will arrive to defend the Bloomspawn next turn.",
  "WARP_SURGE_DESC_wailsOfChaos": "The Chaos Gate cries out for aid! Enemy forces gain [g:+1] Reinforcements.",
  "WARP_SURGE_DESC_defendersOfTheGate": "Enemy reinforcements have arrived!",
  "WARP_SURGE_DESC_defendersOfTheGate_Rift": "A Warp Rift has opened: the Chaos Gate's Defenders will arrive next turn.",
  "STRATAGEM_QUICKSILVER_NAME": "Quicksilver",
  "STRATAGEM_QUICKSILVER_DESCRIPTION": "Target a [b:Knight] who gains [g:+{numAP}] AP.",
  "STRATAGEM_HEAL_1_NAME": "Heal 1",
  "STRATAGEM_HEAL_1_DESCRIPTION": "Target a [b:Knight] to [b:Heal] [g:All].",
  "STRATAGEM_PRECISION_TELEPORT_NAME": "Gate of Infinity",
  "STRATAGEM_PRECISION_TELEPORT_DESCRIPTION": "All Knights [b:Teleport] to any visible location.",
  "STRATAGEM_WILLPOWER_NAME": "Willpower 1",
  "STRATAGEM_WILLPOWER_DESCRIPTION": "Target a [b:Knight] who recovers [g:All] [b:WP].",
  "STRATAGEM_STRENGTH_OF_SPIRIT_NAME": "Strength of Spirit",
  "STRATAGEM_STRENGTH_OF_SPIRIT_DESCRIPTION": "All [b:Knights] gain [g:+{critChance}%] CRIT for [g:{effectDuration}] turns.",
  "STRATAGEM_SURGE_PREVENTION_1_NAME": "Surge Prevention 1",
  "STRATAGEM_SURGE_PREVENTION_1_DESCRIPTION": "Reduce Warp Surge by [g:{warpSurgeDown}]%.",
  "STRATAGEM_SURGE_PREVENTION_2_NAME": "Surge Prevention 2",
  "STRATAGEM_SURGE_PREVENTION_2_DESCRIPTION": "Reduce Warp Surge by [g:{warpSurgeDown}]% for [g:{effectDuration}] turns.",
  "STRATAGEM_BLOOM_EXCISION_NAME": "Bloom Excision",
  "STRATAGEM_BLOOM_EXCISION_DESCRIPTION": "Target a Blast over Area [g:{radius}] to {instantEffect}.  Afflicted targets lose all [b:Mutations].",
  "STRATAGEM_PRECISION_BOMBARD_NAME": "Precision Bombard",
  "STRATAGEM_PRECISION_BOMBARD_DESCRIPTION": "Target a Blast over Area [g:{radius}] to deal [g:{damage}] DMG.  [b:Knockback].",
  "STRATAGEM_HEAL_2_NAME": "Heal 2",
  "STRATAGEM_HEAL_2_DESCRIPTION": "All Knights {instantEffect}.",
  "STRATAGEM_TORPOR_NAME": "Torpor",
  "STRATAGEM_TORPOR_DESCRIPTION": "All visible Enemies: {statusEffect}.",
  "STRATAGEM_WORD_OF_THE_EMPEROR_NAME": "Word of the Emperor",
  "STRATAGEM_WORD_OF_THE_EMPEROR_DESCRIPTION": "All visible Enemies: {instantEffect}.",
  "STRATAGEM_SANCTUARY_NAME": "High Sanctuary",
  "STRATAGEM_SANCTUARY_DESCRIPTION": "All [b:Knights] gain [g:+{armourBonus}] Armour for [g:{effectDuration}] turns.",
  "STRATAGEM_RIGHTEOUS_ENDURANCE_NAME": "Righteous Endurance",
  "STRATAGEM_RIGHTEOUS_ENDURANCE_DESCRIPTION": "All [b:Fallen Knights]: Recover immediately with [g:50%] [b:Max HP].",
  "STRATAGEM_TIDE_OF_SHADOWS_NAME": "Tide of Shadows",
  "STRATAGEM_TIDE_OF_SHADOWS_DESCRIPTION": "All [b:Knights] gain [g:+{resistanceAmount}%] [b:Resistance] for [g:{effectDuration}] turns. [b:Purify].",
  "STRATAGEM_WILLPOWER_2_NAME": "Willpower 2",
  "STRATAGEM_WILLPOWER_2_DESCRIPTION": "All Knights: Recover [g:{numWP}] [b:WP].",
  "STRATAGEM_MASS_PURIFICATION_NAME": "Mass Purification",
  "STRATAGEM_MASS_PURIFICATION_DESCRIPTION": "All Knights [b:Purify] and {instantEffect}.  Affected Knights lose all their Afflictions.",
  "STRATAGEM_DOMINATE_NAME": "Dominate",
  "STRATAGEM_DOMINATE_DESCRIPTION": "Target an [b:Enemy]: {statusEffect}.",
  "WARP_SURGE_WEAPON_VIRUS_TOAST": "Ammo Destroyed",
  "WARP_SURGE_RELENTLESS_HOST_TOAST": "Immune (Stun)"
}