{
  "CREDITS_CEO_Creative_Director": "CEO & Creative Director",
  "CREDITS_CTO": "CTO",
  "CREDITS_Technical_Director": "Technical Director",
  "CREDITS_Art_Director": "Art Director",
  "CREDITS_Programming": "Programming",
  "CREDITS_Design_Lead": "Design Lead",
  "CREDITS_Character_Lead": "Character Lead",
  "CREDITS_Animation_Lead": "Animation Lead",
  "CREDITS_Environment_Lead": "Environment Lead",
  "CREDITS_Technical_Art_Lead": "Technical Art Lead",
  "CREDITS_Design": "Design",
  "CREDITS_Art": "Art",
  "CREDITS_UI_Design": "UI Design",
  "CREDITS_Production_Assistance_Audio_Manager": "Production Assistance & Audio Manager",
  "CREDITS_Original_Story": "Original Story",
  "CREDITS_Script_Writing": "Script Writing",
  "CREDITS_Script_Editing": "Script Editing",
  "CREDITS_Lead_Music_Composer": "Lead Music Composer",
  "CREDITS_Assistant_Music_Composer": "Assistant Music Composer",
  "CREDITS_QA_Lead": "QA Lead",
  "CREDITS_Quality_Assurance": "Quality Assurance",
  "CREDITS_Additional_Rigging": "Additional Rigging",
  "CREDITS_Additional_Artwork": "Additional Artwork",
  "CREDITS_Additional_Design": "Additional Design",
  "CREDITS_Additional_Programming": "Additional Programming",
  "CREDITS_AdditionalProductionSupport": "Additional Production Support",
  "CREDITS_Internal_Trailer_Storyboarding_Development": "Internal Trailer Storyboarding & Development",
  "CREDITS_Partners_Complex_Games": "Partners (Complex Games)",
  "CREDITS_Production_Babies": "Production Babies",
  "CREDITS_Special_Thanks_Complex_Games": "Special Thanks (Complex Games)",
  "CREDITS_Polarbomb_VFX": "VFX Production (Polarbomb VFX)",
  "CREDITS_Lead_VFX_Artist": "Lead VFX Artist",
  "CREDITS_Voice_Performance": "Voice Performance",
  "CREDITS_Main_Cast": "Main Cast",
  "CREDITS_Kai": "Grand Master Vardan Kai",
  "CREDITS_Vakir": "Inquisitor Kartha Vakir",
  "CREDITS_Ectar": "Brother Purifier Ectar",
  "CREDITS_Lunete": "Dominus Lunete Ozmarantis",
  "CREDITS_Mortarion_Kadex": "Primarch Mortarion / Kadex Illkarion",
  "CREDITS_Draigo": "Supreme Grandmaster Kaldor Draigo",
  "CREDITS_Agravain": "Force Commander Agravain",
  "CREDITS_Aeger_Malathian_Cruciatus": "Aeger / Malathian / Cruciatus",
  "CREDITS_Morgellus": "Morgellus the Corroded Prince",
  "CREDITS_Erekhul": "Erekhul",
  "CREDITS_The_Avatar_of_Khaine": "The Avatar of Khaine",
  "CREDITS_The_Astropath": "The Astropath",
  "CREDITS_Captain_Ferani_Evereck": "Captain Ferani Evereck",
  "CREDITS_Battlefield_Cast": "Battlefield Cast",
  "CREDITS_Grey_Knights": "Grey Knights",
  "CREDITS_Helbrute": "Helbrute",
  "CREDITS_Blightlords": "Blightlords",
  "CREDITS_Plague_Champion": "Plague Champion",
  "CREDITS_Plague_Marines": "Plague Marines",
  "CREDITS_Plaguebearers": "Plaguebearers",
  "CREDITS_Apostate_Preacher": "Apostate Preacher",
  "CREDITS_Poxwalkers": "Poxwalkers",
  "CREDITS_Cultists": "Cultists",
  "CREDITS_DACAPO_Productions": "Audio Production & Recording: Canada\n(DACAPO Productions)",
  "CREDITS_Audio_Production_Manager": "Audio Production Manager",
  "CREDITS_Lead_Audio": "Lead Audio Engineer, Sound Effects, Dialogue & Mix",
  "CREDITS_Voice_Director": "Voice Director",
  "CREDITS_Audio_Engineering_SFX_Design": "Audio Engineering & SFX Design",
  "CREDITS_Production_ManagerDACAPO": "Production Manager",
  "CREDITS_SIDE_UK": "Sound Production & Recording: UK\n(SIDE UK)",
  "CREDITS_Casting_Director": "Casting Director",
  "CREDITS_Production_ManagerSIDEUK": "Production Manager",
  "CREDITS_Production_Assistant": "Production Assistant",
  "CREDITS_Voice_Recording_Engineers": "Voice Recording Engineers",
  "CREDITS_Senior_Audio_Engineer": "Senior Audio Engineer",
  "CREDITS_Head_of_Production": "Head of Production",
  "CREDITS_Head_of_Client_Partnerships": "Head of Client Partnerships",
  "CREDITS_Zenfri_Inc": "Cinematics Preproduction & Setup\n(Zenfri Inc.)",
  "CREDITS_Cinematic_Editor": "Cinematic Editor",
  "CREDITS_Cinematic_Script_Consultant": "Cinematic & Script Consultant",
  "CREDITS_Cinematic_Storyboard_Artist": "Cinematic Storyboard Artist",
  "CREDITS_Kpow_Audio": "Additional Sound Production\n(Kpow Audio)",
  "CREDITS_Audio_Team": "Audio Team",
  "CREDITS_CEO": "CEO",
  "CREDITS_CCO": "CCO",
  "CREDITS_CFO": "CFO",
  "CREDITS_Director_of_Operations": "Director of Operations",
  "CREDITS_Senior_Director_of_Frontier_Foundry": "Senior Director of Frontier Foundry",
  "CREDITS_Director_of_Production": "Director of Production",
  "CREDITS_Game_Director": "Game Director",
  "CREDITS_Executive_Producer": "Executive Producer",
  "CREDITS_Senior_Producer": "Senior Producer",
  "CREDITS_ProducerFRONTIER": "Producer",
  "CREDITS_Assistant_Producer": "Assistant Producer",
  "CREDITS_Head_of_Legal": "Head of Legal",
  "CREDITS_Legal_Contracts_Manager": "Legal and Contracts Manager",
  "CREDITS_Contracts_Paralegal": "Contracts Paralegal",
  "CREDITS_Head_of_Localisation": "Head of Localisation",
  "CREDITS_Senior_Localisation_Manager": "Senior Localisation Manager",
  "CREDITS_Localisation_Manager": "Localisation Manager",
  "CREDITS_Localisation_Coordinator": "Localisation Coordinator",
  "CREDITS_Head_of_Online": "Head of Online",
  "CREDITS_Director_of_Art_Animation": "Director of Art & Animation",
  "CREDITS_Director_of_Audio": "Director of Audio",
  "CREDITS_Frontier_Audio_Design": "Frontier Audio Design",
  "CREDITS_Frontier_Audio_Production_Support": "Frontier Audio Production Support",
  "CREDITS_Operations_Producer": "Operations Producer",
  "CREDITS_IT_Support": "IT & Support",
  "CREDITS_Quality_Assurance_Team": "Quality Assurance Team",
  "CREDITS_Head_of_QA": "Head of QA",
  "CREDITS_QA_Managers": "QA Managers",
  "CREDITS_QA_Assistant_Manager": "QA Assistant Manager",
  "CREDITS_QA_Project_Lead": "QA Project Leads",
  "CREDITS_QA_Area_Lead": "QA Area Leads",
  "CREDITS_QA_Functionality_Team": "QA Functionality Team",
  "CREDITS_QA_Destructive_Team_Lead": "QA Destructive Team Lead",
  "CREDITS_QA_Destructive_Testers": "QA Destructive Testers",
  "CREDITS_QA_Compatibility_Team_Lead": "QA Compatibility Team Lead",
  "CREDITS_QA_Compatibility_Testers": "QA Compatibility Testers",
  "CREDITS_QA_Localisation_Team_Lead": "QA Localisation Team Lead",
  "CREDITS_QA_Localisation_Tester": "QA Localisation Testers",
  "CREDITS_QA_Online_Testers": "QA Online Testers",
  "CREDITS_QA_Release_Team_Lead": "QA Release Team Lead",
  "CREDITS_QA_Release_Tester": "QA Release Testers",
  "CREDITS_Usability_Test_Lead": "Usability Test Lead",
  "CREDITS_UX_Testers": "UX Testers",
  "CREDITS_QA_Special_Thanks": "QA Special Thanks",
  "CREDITS_Functionality_Outsource_QA": "Functionality Outsource QA:",
  "CREDITS_FQA_Director_Eurasia": "FQA Director - Eurasia",
  "CREDITS_FQA_Managers": "FQA Managers",
  "CREDITS_FQA_Project_Manager": "FQA Project Manager",
  "CREDITS_FQA_Associate_Lead": "FQA Associate Lead",
  "CREDITS_FQA_Testers": "FQA Testers",
  "CREDITS_Technical_Outsource_QA": "Technical Outsource QA:",
  "CREDITS_Technical_QA_Project_Manager": "Technical QA Project Manager",
  "CREDITS_Functionality_QA_Project_Manager": "Functionality QA Project Manager",
  "CREDITS_Technical_QA_Lead": "Technical QA Lead",
  "CREDITS_Technical_QA_Associate_Lead": "Technical QA Associate Lead",
  "CREDITS_Technical_QA_Associate_Senior": "Technical QA Associate Senior",
  "CREDITS_Technical_QA_Testers": "Technical QA Testers",
  "CREDITS_Localisation_Outsource_QA": "Localisation Outsource QA:",
  "CREDITS_ProducerKEYWORDS": "Producer",
  "CREDITS_Project_Manager": "Project Manager",
  "CREDITS_LQA_Project_Manager": "LQA Project Manager",
  "CREDITS_Language_Project_Lead": "Language Project Leads",
  "CREDITS_Translation_Team": "Translation Team",
  "CREDITS_LQA_Test_Leads": "LQA Test Lead",
  "CREDITS_LQA_Testers": "LQA Testers",
  "CREDITS_Player_Research": "Player Research",
  "CREDITS_Publishing_Team": "Publishing Team",
  "CREDITS_Senior_Director_of_Publishing": "Senior Director of Publishing",
  "CREDITS_Director_of_Publishing": "Director of Publishing",
  "CREDITS_Director_of_Brand_Marketing": "Director of Brand Marketing",
  "CREDITS_Director_of_Publishing_Services": "Director of Publishing Services",
  "CREDITS_Product_Manager": "Product Manager",
  "CREDITS_PR_Manager": "PR Manager",
  "CREDITS_Junior_PR_Manager": "Junior PR Manager",
  "CREDITS_Lead_Community_Manager": "Lead Community Manager",
  "CREDITS_Community_Manager": "Community Manager",
  "CREDITS_Live_Stream_Video_Producer": "Live Stream and Video Producer",
  "CREDITS_Head_of_Influencers_Engagement": "Head of Influencers and Engagement",
  "CREDITS_Influencer_Manager": "Influencer Manager",
  "CREDITS_Influencer_Associate": "Influencer Associate",
  "CREDITS_Senior_Events_Manager": "Senior Events Manager",
  "CREDITS_Copywriter": "Copywriter",
  "CREDITS_Marketing_Assistant": "Marketing Assistant",
  "CREDITS_HR": "HR",
  "CREDITS_Commercial_Team": "Commercial Team",
  "CREDITS_Head_of_Monetisation": "Head of Monetisation",
  "CREDITS_Monetisation_Coordinator": "Monetisation Coordinators",
  "CREDITS_Commercial_Coordinator": "Commercial Coordinator",
  "CREDITS_Head_of_Platform": "Head of Platform",
  "CREDITS_Platform_Analyst": "Platform Analyst",
  "CREDITS_Platform_Coordinator": "Platform Coordinator",
  "CREDITS_Promotions_Coordinator": "Promotions Coordinator",
  "CREDITS_Head_of_Digital_Marketing": "Head of Digital Marketing",
  "CREDITS_Email_Marketing_Manager": "Email Marketing Manager",
  "CREDITS_Paid_Social_Marketing_Manager": "Paid Social Marketing Manager",
  "CREDITS_Paid_Search_Programmatic_Manager": "Paid Search and Programmatic Manager",
  "CREDITS_Digital_Partnerships_Executive": "Digital Partnerships Executive",
  "CREDITS_Digital_Data_Analyst": "Digital Data Analyst",
  "CREDITS_Creative_Services_Team": "Creative Services Team",
  "CREDITS_Head_of_Creative_Services": "Head of Creative Services Team",
  "CREDITS_Executive_Creative_Services_Producer": "Executive Creative Services Producer",
  "CREDITS_Creative_Services_Producer": "Creative Services Producer",
  "CREDITS_Principal_Content_Artist": "Principal Content Artist",
  "CREDITS_Capture_Artist": "Capture Artist",
  "CREDITS_Graduate_Capture_Artist": "Graduate Capture Artist",
  "CREDITS_Principal_Video_Artist": "Principal Video Artist",
  "CREDITS_Senior_Video_Artist": "Senior Video Artist",
  "CREDITS_Video_Artist": "Video Artist",
  "CREDITS_Principal_Motion_Graphics_Artist": "Principal Motion Graphics Artist",
  "CREDITS_Motion_Graphics_Artist": "Motion Graphics Artist",
  "CREDITS_Principal_Audio_Designer": "Principal Audio Designer",
  "CREDITS_Senior_Sound_Designer": "Senior Sound Designer",
  "CREDITS_Sound_Designers": "Sound Designers",
  "CREDITS_Principal_Graphic_Designer": "Principal Graphic Designer",
  "CREDITS_Senior_Graphic_Designer": "Senior Graphic Designer",
  "CREDITS_Graphic_Designer": "Graphic Designer",
  "CREDITS_Graduate_Graphic_Designer": "Graduate Graphic Designer",
  "CREDITS_Senior_Artworker": "Senior Artworker",
  "CREDITS_Customer_Support_Team": "Customer Support Team",
  "CREDITS_Customer_Support_Manager": "Customer Support Manager",
  "CREDITS_Customer_Support_Lead": "Customer Support Lead",
  "CREDITS_Senior_Customer_Technical_Support": "Senior Customer and Technical Support",
  "CREDITS_Customer_Technical_Support": "Customer and Technical Support",
  "CREDITS_Graduate_Customer_Technical_Support": "Graduate Customer and Technical Support",
  "CREDITS_Community_Safety_Lead": "Community Safety Lead",
  "CREDITS_Community_Safety": "Community Safety",
  "CREDITS_Operations_Support": "Operations Support",
  "CREDITS_Special_Thanks": "Special Thanks",
  "CREDITS_SpecialThanksFull": "Special thanks to everyone at Frontier Foundry and Complex Games for this fantastic game. Also special thanks to all our colleagues at Games Workshop for building and creating the Warhammer 40,000 universe these many years.",
  "CREDITS_Wwise": "Powered by Wwise © 2006 – 2022 Audiokinetic Inc. All rights reserved."
}