{
  "STAT_ICON_DISPLAY_BaseKey": "[{0}:{1}]",
  "STAT_ICON_DISPLAY_Basic": "{0}",
  "STAT_ICON_DISPLAY_Percent": "{0}%",
  "STAT_ICON_DISPLAY_Plus": "+{0}",
  "STAT_ICON_DISPLAY_Plus_Percent": "+{0}%",
  "EQUIPMENT_BONUS_TITLE_CritDamage": "CRIT DMG",
  "EQUIPMENT_BONUS_TITLE_Crit": "CRIT",
  "EQUIPMENT_BONUS_TITLE_HP": "Max HP",
  "EQUIPMENT_BONUS_TITLE_PsyPower": "Focus",
  "EQUIPMENT_BONUS_TITLE_Resistance": "Resistance",
  "EQUIPMENT_BONUS_TITLE_Movement": "Move Speed",
  "EQUIPMENT_BONUS_TITLE_WP": "Willpower",
  "EQUIPMENT_BONUS_TITLE_Armour": "Armour",
  "EQUIPMENT_BONUS_TITLE_AP": "AP",
  "EQUIPMENT_BONUS_TITLE_PassiveEquipmentSlot": "Passive Wargear",
  "EQUIPMENT_BONUS_TITLE_ArmourPierce": "Armour Pierce",
  "EQUIPMENT_BONUS_TITLE_ArmourBreak": "Armour Break",
  "EQUIPMENT_BONUS_TITLE_Knockback": "Knockback",
  "EQUIPMENT_BONUS_TITLE_Purge": "Afflict Purge ([g:{procChance}%])",
  "EQUIPMENT_BONUS_TITLE_Stun": "Stun",
  "EQUIPMENT_BONUS_TITLE_AfflictBleed": "{statusEffect}",
  "EQUIPMENT_BONUS_TITLE_AfflictBlinded": "{statusEffect}",
  "EQUIPMENT_BONUS_TITLE_AfflictCrazed": "{statusEffect}",
  "EQUIPMENT_BONUS_TITLE_AfflictEnraged": "{statusEffect}",
  "EQUIPMENT_BONUS_TITLE_AfflictFlame": "{statusEffect}",
  "EQUIPMENT_BONUS_TITLE_AfflictHobbled": "{statusEffect}",
  "EQUIPMENT_BONUS_TITLE_AfflictImmobilized": "{statusEffect}",
  "EQUIPMENT_BONUS_TITLE_AfflictPinned": "{statusEffect}",
  "EQUIPMENT_BONUS_TITLE_AfflictVulnerable": "{statusEffect}",
  "EQUIPMENT_BONUS_TITLE_AfflictWeakened": "{statusEffect}",
  "EQUIPMENT_BONUS_TITLE_ImmuneDrained": "Immune (Drained)",
  "EQUIPMENT_BONUS_TITLE_ImmuneHazards": "Immune (Hazards)",
  "EQUIPMENT_BONUS_TITLE_ImmuneImmobilized": "Immune (Immobilized)",
  "EQUIPMENT_BONUS_TITLE_ImmuneHobbled": "Immune (Hobbled)",
  "EQUIPMENT_BONUS_TITLE_ImmunePinned": "Immune (Pinned)",
  "EQUIPMENT_BONUS_TITLE_ImmunePlague": "Immune (Plague)",
  "EQUIPMENT_BONUS_TITLE_ImmuneWeakened": "Immune (Weakened)",
  "EQUIPMENT_BONUS_TITLE_WarpSuppression": "Warp Suppression",
  "EQUIPMENT_BONUS_TITLE_Anchored": "Anchored",
  "EQUIPMENT_BONUS_TITLE_Penitent": "Penitent",
  "EQUIPMENT_BONUS_TITLE_BiomancyDuration": "Biomancy Duration",
  "EQUIPMENT_BONUS_TITLE_AutoParry": "Auto - Parry ([g:{autoChance}%], [g:{autoUses}] / Turn)",
  "EQUIPMENT_BONUS_TITLE_AutoFirstStrike": "Auto - First Strike ([g:{autoChance}%], [g:{autoUses}] / Turn)",
  "EQUIPMENT_BONUS_TITLE_AutoAegisReaction": "Auto - Aegis Reaction ([g:{autoChance}%])",
  "EQUIPMENT_BONUS_TITLE_AutoRighteous": "Auto - Righteous ([g:{autoChance}%], [g:{autoUses}] / Turn)",
  "EQUIPMENT_BONUS_TITLE_AutoSnapFire": "Auto - Snap Fire ([g:{autoChance}%], [g:{autoUses}] / Turn)",
  "EQUIPMENT_BONUS_TITLE_AutoIronWill": "Auto - Iron Will ([g:{autoChance}%], [g:{autoUses}] / Turn)",
  "EQUIPMENT_BONUS_TITLE_AutoFortitude": "Auto - Fortitude ([g:{autoChance}%], [g:{autoUses}] / Turn)",
  "EQUIPMENT_BONUS_TITLE_AutoExecutioner": "Auto - Executioner ([g:{autoChance}%], [g:{autoUses}] / Turn)",
  "EQUIPMENT_BONUS_TITLE_AutoInspired": "Auto - Inspired ([g:{autoChance}%], [g:{autoUses}] / Turn)",
  "EQUIPMENT_BONUS_TITLE_AutoRapidReload": "Auto - Rapid Reload ([g:{autoChance}%], [g:{autoUses}] / Turn)",
  "EQUIPMENT_BONUS_TITLE_AutoUsesAll": "Enhanced Reactions",
  "EQUIPMENT_BONUS_TITLE_ForceStrikeDamage": "Force Strike",
  "EQUIPMENT_BONUS_TITLE_ForceStrikeDamageBonus": "Force Strike Bonus",
  "EQUIPMENT_BONUS_TITLE_ForceStrikeCrit": "Force Strike",
  "EQUIPMENT_BONUS_TITLE_ForceStrikeAfflict": "Force Strike",
  "EQUIPMENT_BONUS_TITLE_ForceStrikeArmourPierce": "Force Strike",
  "EQUIPMENT_BONUS_TITLE_ForceStrikeArmourBreak": "Force Strike",
  "EQUIPMENT_BONUS_TITLE_ForceStrikeStun": "Force Strike",
  "EQUIPMENT_BONUS_TITLE_ForceStrikeMeleeBlast": "Force Strike",
  "EQUIPMENT_BONUS_TITLE_ForceStrikeMeleeBlastSilence": "Force Strike",
  "EQUIPMENT_BONUS_TITLE_ForceStrikeMeleeBlastPanic": "Force Strike",
  "EQUIPMENT_BONUS_TITLE_PsyBoltDamage": "Psybolt",
  "EQUIPMENT_BONUS_TITLE_PsyBoltCrit": "Psybolt",
  "EQUIPMENT_BONUS_TITLE_PsyBoltCritDamage": "Psybolt",
  "EQUIPMENT_BONUS_TITLE_PsyBoltArmourPierce": "Psybolt",
  "EQUIPMENT_BONUS_TITLE_PsyBoltStun": "Psybolt",
  "EQUIPMENT_BONUS_TITLE_PsyBoltAfflict": "Psybolt",
  "EQUIPMENT_BONUS_TITLE_PromethiumSpray": "Promethium Spray",
  "EQUIPMENT_BONUS_TITLE_FlamesOfPurity": "Flames of Purity",
  "EQUIPMENT_BONUS_TITLE_Overwatch": "Overwatch",
  "EQUIPMENT_BONUS_TITLE_OverwatchDamage": "Autofire",
  "EQUIPMENT_BONUS_TITLE_ScatterShot": "Scattershot",
  "EQUIPMENT_BONUS_TITLE_DisruptShot": "Disruptshot",
  "EQUIPMENT_BONUS_TITLE_PsychicOnslaught": "Psychic Onslaught",
  "EQUIPMENT_BONUS_TITLE_PsychicOnslaughtStun": "Psychic Onslaught",
  "EQUIPMENT_BONUS_TITLE_BattlefieldMedicine": "Active - Battlefield Medicine",
  "EQUIPMENT_BONUS_TITLE_PrecisionTargeting": "Precision Targeting",
  "EQUIPMENT_BONUS_TITLE_DefendPosition": "Defend Position",
  "EQUIPMENT_BONUS_TITLE_EnhancedLitanies": "Enhanced Litanies",
  "EQUIPMENT_BONUS_TITLE_TacticalDreadnought": "Tactical Dreadnought",
  "EQUIPMENT_BONUS_TITLE_TacticalDreadnoughtNeg": "Tactical Dreadnought",
  "EQUIPMENT_BONUS_TITLE_TacticalDreadnoughtPos": "Tactical Dreadnought",
  "EQUIPMENT_BONUS_TITLE_EnhancedMobility": "Enhanced Mobility",
  "EQUIPMENT_BONUS_TITLE_AegisShieldArmour": "Enhanced Aegis Shield",
  "EQUIPMENT_BONUS_TITLE_KillXP": "Prodigious Training",
  "EQUIPMENT_BONUS_TITLE_NoStun": "No Stun",
  "EQUIPMENT_BONUS_TITLE_Bane": "Bane",
  "EQUIPMENT_BONUS_TITLE_HagenPattern": "Hagen Pattern",
  "EQUIPMENT_BONUS_TITLE_DaemonSlayer": "Daemon Slayer",
  "EQUIPMENT_BONUS_TITLE_MachineSlayer": "Machine Slayer",
  "EQUIPMENT_BONUS_TITLE_OrganicSlayer": "Heretic Slayer",
  "EQUIPMENT_BONUS_TITLE_SkullAmmo": "Servo Skull Ammo",
  "EQUIPMENT_BONUS_TITLE_SkullRange": "Servo Skull Range",
  "EQUIPMENT_BONUS_TITLE_GrenadeAmmo": "Grenade Ammo",
  "EQUIPMENT_BONUS_TITLE_GrenadeArea": "Grenade Area",
  "EQUIPMENT_BONUS_TITLE_GrenadeDamage": "Grenade Damage",
  "EQUIPMENT_BONUS_TITLE_GrenadeRange": "Grenade Range",
  "EQUIPMENT_BONUS_TITLE_HyperMetabolism": "Hyper Metabolism",
  "EQUIPMENT_BONUS_DESC_CritDamage": "This weapon has [g:+{critDamage}] CRIT DMG.",
  "EQUIPMENT_BONUS_DESC_Crit": "This weapon has [g:+{critChance}%] CRIT.",
  "EQUIPMENT_BONUS_DESC_HP": "This knight has [g:+{healthBonus}] [b:Max HP].",
  "EQUIPMENT_BONUS_DESC_PsyPower": "This knight has [g:+{psyPower}%] [b:Focus], increasing his chance to trigger Afflictions and Autos.",
  "EQUIPMENT_BONUS_DESC_Resistance": "This knight has [g:+{resistanceAmount}%] [b:Resistance].  Resistance gives a chance to cancel Afflictions.",
  "EQUIPMENT_BONUS_DESC_Movement": "This knight has [g:+{movementBonus}] Move Speed.",
  "EQUIPMENT_BONUS_DESC_WP": "This knight has [g:+{willpowerAmount}] Max WP.  [b:Willpower] is used for active abilities.",
  "EQUIPMENT_BONUS_DESC_Armour": "This knight has [g:+{armourBonus}] [b:Armour].",
  "EQUIPMENT_BONUS_DESC_AP": "This knight gains [g:+{numAP}] AP every turn.",
  "EQUIPMENT_BONUS_DESC_PassiveEquipmentSlot": "This knight has an extra [b:Passive Equipment Slot].",
  "EQUIPMENT_BONUS_DESC_ArmourPierce": "This weapon bypasses the target's [b:Armour].",
  "EQUIPMENT_BONUS_DESC_ArmourBreak": "This weapon has {instantEffect}.  Affected targets lose [b:Armour] on hit.",
  "EQUIPMENT_BONUS_DESC_Knockback": "The target is pushed backwards from its current position.",
  "EQUIPMENT_BONUS_DESC_Purge": "Afflicted targets lose all [b:Mutations].",
  "EQUIPMENT_BONUS_DESC_Stun": "This weapon deals [g:+{stunBonus}] [b:Stun].",
  "EQUIPMENT_BONUS_DESC_AfflictBleed": "{statusEffectDescription}",
  "EQUIPMENT_BONUS_DESC_AfflictBlinded": "{statusEffectDescription}",
  "EQUIPMENT_BONUS_DESC_AfflictCrazed": "{statusEffectDescription}",
  "EQUIPMENT_BONUS_DESC_AfflictEnraged": "{statusEffectDescription}",
  "EQUIPMENT_BONUS_DESC_AfflictFlame": "{statusEffectDescription}",
  "EQUIPMENT_BONUS_DESC_AfflictHobbled": "{statusEffectDescription}",
  "EQUIPMENT_BONUS_DESC_AfflictImmobilized": "{statusEffectDescription}",
  "EQUIPMENT_BONUS_DESC_AfflictPinned": "{statusEffectDescription}",
  "EQUIPMENT_BONUS_DESC_AfflictVulnerable": "{statusEffectDescription}",
  "EQUIPMENT_BONUS_DESC_AfflictWeakened": "{statusEffectDescription}",
  "EQUIPMENT_BONUS_DESC_ImmuneDrained": "This knight has Immunity to ([b:Drained]).  He will not lose [b:WP] from enemy attacks.",
  "EQUIPMENT_BONUS_DESC_ImmuneHazards": "This knight has Immunity to ([b:Hazards]).  He will not suffer DMG from Hazards.",
  "EQUIPMENT_BONUS_DESC_ImmuneImmobilized": "This knight has Immunity to ([b:Immobilized]).  He cannot be affected by this Affliction.",
  "EQUIPMENT_BONUS_DESC_ImmuneHobbled": "This knight has Immunity to ([b:Hobbled]).  He cannot be affected by this Affliction.",
  "EQUIPMENT_BONUS_DESC_ImmunePinned": "This knight has Immunity to ([b:Pinned]).  He cannot be affected by this Affliction.",
  "EQUIPMENT_BONUS_DESC_ImmunePlague": "This knight has Immunity to ([b:Plague]).  He cannot be affected by this Affliction.",
  "EQUIPMENT_BONUS_DESC_ImmuneWeakened": "This knight has Immunity to ([b:Weakened]).  He cannot be affected by this Affliction.",
  "EQUIPMENT_BONUS_DESC_WarpSuppression": "This knight does not increase [b:Warp Surge] when using Psychic Abilities.",
  "EQUIPMENT_BONUS_DESC_Anchored": "This knight ignores [b:DMG] penalties from [b:Distance] for their [b:Ranged Weapons].",
  "EQUIPMENT_BONUS_DESC_Penitent": "When their [b:WP] is [g:0], this Knight spends their [b:HP] instead of [b:WP].",
  "EQUIPMENT_BONUS_DESC_BiomancyDuration": "This Knight's [b:Biomancies] last for [g:+{durationBonus}] Turn(s).",
  "EQUIPMENT_BONUS_DESC_AutoParry": "When struck with a Melee Attack, this knight has a [g:{autoChance}%] chance to cancel it.",
  "EQUIPMENT_BONUS_DESC_AutoFirstStrike": "If an enemy moves adjacent to this knight, he has a [g:{autoChance}%] chance to strike automatically.",
  "EQUIPMENT_BONUS_DESC_AutoAegisReaction": "This knight has a [g:{autoChance}%] chance to trigger [b:Aegis Shield] at the end of their turn.",
  "EQUIPMENT_BONUS_DESC_AutoRighteous": "When this knight CRITS a target with a Melee Attack he has a [g:{autoChance}%] chance to gain [g:+{abilityAP}] AP.",
  "EQUIPMENT_BONUS_DESC_AutoSnapFire": "When this knight CRITS a target with a Ranged Attack he has a [g:{autoChance}%] chance to gain [g:+{abilityAP}] AP.",
  "EQUIPMENT_BONUS_DESC_AutoIronWill": "When activating a [b:Force Strike] this Knight has a [g:{autoChance}%] chance to gain [g:+{abilityWP}] WP.",
  "EQUIPMENT_BONUS_DESC_AutoFortitude": "When activating a [b:Psybolt] this Knight has a [g:{autoChance}%] chance to gain [g:+{abilityWP}] WP.",
  "EQUIPMENT_BONUS_DESC_AutoExecutioner": "When this knight [b:Executes] a target, he gains [g:+{abilityAP}] AP.",
  "EQUIPMENT_BONUS_DESC_AutoInspired": "When this knight [b:Executes] a target, all Knights gain [g:+{abilityWP}] WP.",
  "EQUIPMENT_BONUS_DESC_AutoRapidReload": "When this knight's Ammo reaches 0, he has a [g:{autoChance}%] chance to [b:Reload].",
  "EQUIPMENT_BONUS_DESC_AutoUsesAll": "This knight gains [g:+{autoUses}] Use / Turn for all their [b:Auto] Abilities.",
  "EQUIPMENT_BONUS_DESC_ForceStrikeDamage": "Activate to add [g:+{abilityBonusDamage}] DMG to this Melee Attack.",
  "EQUIPMENT_BONUS_DESC_ForceStrikeDamageBonus": "This knight has [g:+{abilityBonusDamage}] DMG for their [b:Force Strikes] with [b:Melee Weapons].",
  "EQUIPMENT_BONUS_DESC_ForceStrikeCrit": "Activate to gain [g:+{abilityBonusCrit}%] CRIT to this Melee Attack.",
  "EQUIPMENT_BONUS_DESC_ForceStrikeAfflict": "Activate to {statusEffect} with your Melee Attack.  {statusEffectDescription}",
  "EQUIPMENT_BONUS_DESC_ForceStrikeArmourPierce": "Activate to add [b:Armour Pierce] to this Melee Attack.",
  "EQUIPMENT_BONUS_DESC_ForceStrikeArmourBreak": "Activate to add Armour Break [g:{abilityArmourBreakBonus}] to this Melee Attack.",
  "EQUIPMENT_BONUS_DESC_ForceStrikeStun": "Activate to add [g:+{abilityStunBonus}] [b:Stun] to this Melee Attack.",
  "EQUIPMENT_BONUS_DESC_ForceStrikeMeleeBlast": "Activate to convert your Melee Attack into a Blast at Area [g:{abilityRadius}] from the target.",
  "EQUIPMENT_BONUS_DESC_ForceStrikeMeleeBlastSilence": "Activate to convert your Melee Attack into a Blast at Area [g:{abilityRadius}] from the target.  {statusEffect}.",
  "EQUIPMENT_BONUS_DESC_ForceStrikeMeleeBlastPanic": "Activate to convert your Melee Attack into a Blast at Area [g:{abilityRadius}] from the target.  {statusEffect}.",
  "EQUIPMENT_BONUS_DESC_PsyBoltDamage": "Activate to add [g:+{abilityBonusDamage}] DMG to this Ranged Attack.",
  "EQUIPMENT_BONUS_DESC_PsyBoltCrit": "Activate to gain [g:+{abilityBonusCrit}%] CRIT to this Ranged Attack.",
  "EQUIPMENT_BONUS_DESC_PsyBoltCritDamage": "Activate to add [g:+{abilityBonusCritDamage}] CRIT DMG to this Ranged Attack.",
  "EQUIPMENT_BONUS_DESC_PsyBoltArmourPierce": "Activate to add [b:Armour Pierce] to this Ranged Attack.",
  "EQUIPMENT_BONUS_DESC_PsyBoltStun": "Activate to add [g:+{abilityStunBonus}] [b:Stun] to this Ranged Attack.",
  "EQUIPMENT_BONUS_DESC_PsyBoltAfflict": "Activate to {statusEffect}.  {statusEffectDescription}",
  "EQUIPMENT_BONUS_DESC_PromethiumSpray": "Set a Flame Hazard over Arc [g:{abilityAngle}] at Range [g:{abilityRange}] + 1 per [g:{abilityAmmoCostPerLength}] Ammo spent for [g:{abilityDuration}] Turn(s).  Deplete [g:All] Ammo.",
  "EQUIPMENT_BONUS_DESC_FlamesOfPurity": "Activate to deal [g:+{bonusDamage}] DMG per [g:2] Ammo spent.  Deplete [g:All] Ammo.",
  "EQUIPMENT_BONUS_DESC_Overwatch": "Set a Hazard Zone over Arc [g:{coneAngle}] at Range [g:{overwatchRange}].  Shoot any Enemy acting in that zone.  Ends Turn.",
  "EQUIPMENT_BONUS_DESC_OverwatchDamage": "This Knight's Overwatch Ability gains [g:+{overwatchDamage}] DMG per shot.",
  "EQUIPMENT_BONUS_DESC_ScatterShot": "Target a Spread Attack over Arc [g:{abilityAngle}] at Range [g:{abilityRange}] and deal [g:+{bonusDamage}] DMG per [g:2] Ammo.  Depletes [g:All] Ammo.",
  "EQUIPMENT_BONUS_DESC_DisruptShot": "Activate to add {abilityStatusEffect} to this Ranged Attack.",
  "EQUIPMENT_BONUS_DESC_PsychicOnslaught": "Activate to add a Blast over Area [g:{abilityRadius}] that deals [g:{abilityAoEDamage}] DMG.  [b:No Stun].",
  "EQUIPMENT_BONUS_DESC_PsychicOnslaughtStun": "Activate to add a Blast over Area [g:{abilityRadius}] that deals [g:{abilityAoEDamage}] DMG.",
  "EQUIPMENT_BONUS_DESC_BattlefieldMedicine": "Target a knight within Range [g:{abilityRange}] to {abilityInstantEffect}.",
  "EQUIPMENT_BONUS_DESC_PrecisionTargeting": "When this weapon CRITS, you can choose to damage one of the target's body parts.",
  "EQUIPMENT_BONUS_DESC_DefendPosition": "Gain [g:+{abilityArmour}] Armour.  Set a Zone over Area [g:{abilityAutoRadius}] for [g:1] Turn.  Deal [g:{abilityAutoDamage}] DMG to Enemies approaching Allies in the zone.  [b:Knockback].",
  "EQUIPMENT_BONUS_DESC_EnhancedLitanies": "This Chaplain does not pay the WP cost to maintain an active [b:Litany].",
  "EQUIPMENT_BONUS_DESC_TacticalDreadnought": "This knight is immune to [b:Knockback] effects from enemies of equal size.",
  "EQUIPMENT_BONUS_DESC_TacticalDreadnoughtNeg": "This knight has [r:{movementBonus}] Move Speed and is immune to [b:Knockback] effects from attacks.",
  "EQUIPMENT_BONUS_DESC_TacticalDreadnoughtPos": "This knight has [g:+{movementBonus}] Move Speed and is immune to [b:Knockback] effects from attacks.",
  "EQUIPMENT_BONUS_DESC_EnhancedMobility": "Knights in Power Armour are able to climb obstacles above their height.",
  "EQUIPMENT_BONUS_DESC_AegisShieldArmour": "This knight's [b:Aegis Shield] ability has [g:+{abilityArmour}] [b:Armour].",
  "EQUIPMENT_BONUS_DESC_KillXP": "This knight gains [g:+{xpKillBonus}%] [b:XP] for Enemy kills.",
  "EQUIPMENT_BONUS_DESC_NoStun": "This weapon does not cause Stun damage.",
  "EQUIPMENT_BONUS_DESC_Bane": "This weapon gains [g:+{bodyTypeCritChance}%] CRIT against [b:Daemonic] targets.",
  "EQUIPMENT_BONUS_DESC_HagenPattern": "This weapon gains [g:+{bodyTypeCritChance}%] CRIT against [b:Organic] targets.",
  "EQUIPMENT_BONUS_DESC_DaemonSlayer": "This weapon deals [g:+{bodyTypeDamage}] DMG against [b:Daemonic] targets.",
  "EQUIPMENT_BONUS_DESC_MachineSlayer": "This weapon deals [g:+{bodyTypeDamage}] DMG against [b:Mechanical] targets.",
  "EQUIPMENT_BONUS_DESC_OrganicSlayer": "This weapon deals [g:+{bodyTypeDamage}] DMG against [b:Organic] targets.",
  "EQUIPMENT_BONUS_DESC_SkullAmmo": "This Knight's [b:Servo Skulls] have [g:+{servoSkullUses}] Ammo.",
  "EQUIPMENT_BONUS_DESC_SkullRange": "This Knight's [b:Servo Skulls] have [g:+{servoSkullRange}] Range.",
  "EQUIPMENT_BONUS_DESC_GrenadeAmmo": "This Knight's [b:Grenades] have [g:+{grenadeAmmoBonus}] Ammo.",
  "EQUIPMENT_BONUS_DESC_GrenadeArea": "This Knight's [b:Grenades] have [g:+{grenadeAreaBonus}] Area.",
  "EQUIPMENT_BONUS_DESC_GrenadeDamage": "This Knight's [b:Grenades] have [g:+{grenadeDamageBonus}] DMG.",
  "EQUIPMENT_BONUS_DESC_GrenadeRange": "This Knight's [b:Grenades] have [g:+{grenadeRangeBonus}] Range.",
  "EQUIPMENT_BONUS_DESC_HyperMetabolism": "This knight does not lose [b:Max HP] when targeted with a [b:Heal] ability in combat.",
  "EQUIPMENT_BONUS_TITLE_UPGRADE_Damage": "DMG Upgrade",
  "EQUIPMENT_BONUS_TITLE_UPGRADE_CritDamage": "CRIT DMG Upgrade",
  "EQUIPMENT_BONUS_TITLE_UPGRADE_Crit": "CRIT Upgrade",
  "EQUIPMENT_BONUS_TITLE_UPGRADE_Ammo": "Ammo Upgrade",
  "EQUIPMENT_BONUS_TITLE_UPGRADE_Range": "Range Upgrade",
  "EQUIPMENT_BONUS_TITLE_UPGRADE_Arc": "Arc Upgrade",
  "EQUIPMENT_BONUS_TITLE_UPGRADE_Armour": "Armour Upgrade",
  "EQUIPMENT_BONUS_TITLE_UPGRADE_HP": "HP Upgrade",
  "EQUIPMENT_BONUS_TITLE_UPGRADE_PsyPower": "Focus Upgrade",
  "EQUIPMENT_BONUS_TITLE_UPGRADE_Resistance": "Resistance Upgrade",
  "EQUIPMENT_BONUS_TITLE_UPGRADE_Movement": "Move Speed Upgrade",
  "EQUIPMENT_BONUS_TITLE_UPGRADE_WP": "Willpower Upgrade",
  "EQUIPMENT_BONUS_TITLE_UPGRADE_PassiveEquipmentSlot": "Passive Wargear",
  "EQUIPMENT_BONUS_TITLE_UPGRADE_ArmourBreak": "Armour Break Upgrade",
  "EQUIPMENT_BONUS_TITLE_UPGRADE_Knockback": "Knockback Upgrade",
  "EQUIPMENT_BONUS_TITLE_UPGRADE_Purge": "Purge Upgrade",
  "EQUIPMENT_BONUS_TITLE_UPGRADE_Stun": "Stun Upgrade",
  "EQUIPMENT_BONUS_TITLE_UPGRADE_AfflictBleed": "{statusEffect}",
  "EQUIPMENT_BONUS_TITLE_UPGRADE_AfflictBlinded": "{statusEffect}",
  "EQUIPMENT_BONUS_TITLE_UPGRADE_AfflictEnraged": "{statusEffect}",
  "EQUIPMENT_BONUS_TITLE_UPGRADE_AfflictFlame": "{statusEffect}",
  "EQUIPMENT_BONUS_TITLE_UPGRADE_AfflictHobbled": "{statusEffect}",
  "EQUIPMENT_BONUS_TITLE_UPGRADE_AfflictImmobilized": "{statusEffect}",
  "EQUIPMENT_BONUS_TITLE_UPGRADE_AfflictPinned": "{statusEffect}",
  "EQUIPMENT_BONUS_TITLE_UPGRADE_AfflictVulnerable": "{statusEffect}",
  "EQUIPMENT_BONUS_TITLE_UPGRADE_AfflictWeakened": "{statusEffect}",
  "EQUIPMENT_BONUS_TITLE_UPGRADE_AfflictDuration": "Duration Upgrade",
  "EQUIPMENT_BONUS_TITLE_UPGRADE_AfflictApply": "Afflict Upgrade",
  "EQUIPMENT_BONUS_TITLE_UPGRADE_ImmuneDrained": "Immune (Drained)",
  "EQUIPMENT_BONUS_TITLE_UPGRADE_ImmuneHazards": "Immune (Hazards)",
  "EQUIPMENT_BONUS_TITLE_UPGRADE_ImmuneImmobilized": "Immune (Immobilized)",
  "EQUIPMENT_BONUS_TITLE_UPGRADE_BiomancyDuration": "Biomancy Upgrade",
  "EQUIPMENT_BONUS_TITLE_UPGRADE_AutoUsesFirstStrike": "Auto Upgrade",
  "EQUIPMENT_BONUS_TITLE_UPGRADE_AutoUsesParry": "Auto Upgrade",
  "EQUIPMENT_BONUS_TITLE_UPGRADE_AutoRighteous": "Auto - Righteous ([g:{autoChance}%], [g:{autoUses}] / Turn)",
  "EQUIPMENT_BONUS_TITLE_UPGRADE_AutoUsesRighteous": "Auto Upgrade",
  "EQUIPMENT_BONUS_TITLE_UPGRADE_AutoUsesAll": "Enhanced Reactions",
  "EQUIPMENT_BONUS_TITLE_UPGRADE_AutoChanceAegisReaction": "Auto Upgrade",
  "EQUIPMENT_BONUS_TITLE_UPGRADE_AutoChanceIronWill": "Auto Upgrade",
  "EQUIPMENT_BONUS_TITLE_UPGRADE_AutoChanceSnapFire": "Auto Upgrade",
  "EQUIPMENT_BONUS_TITLE_UPGRADE_AutoChanceRapidReload": "Auto Upgrade",
  "EQUIPMENT_BONUS_TITLE_UPGRADE_AutoFortitude": "Auto - Fortitude ([g:{autoChance}%], [g:{autoUses}] / Turn)",
  "EQUIPMENT_BONUS_TITLE_UPGRADE_AutoAPExecutioner": "Auto Upgrade",
  "EQUIPMENT_BONUS_TITLE_UPGRADE_ForceStrikeCrit": "CRIT Upgrade",
  "EQUIPMENT_BONUS_TITLE_UPGRADE_ForceStrikeAfflict": "{statusEffect}",
  "EQUIPMENT_BONUS_TITLE_UPGRADE_ForceStrikeAfflictPinned": "Afflict [b:Pinned] [g:+{abilityEffectChance}%] Upgrade",
  "EQUIPMENT_BONUS_TITLE_UPGRADE_ForceStrikeDamage": "DMG Upgrade",
  "EQUIPMENT_BONUS_TITLE_UPGRADE_ForceStrikeDamageBonus": "DMG Upgrade",
  "EQUIPMENT_BONUS_TITLE_UPGRADE_ForceStrikeStun": "Stun Upgrade",
  "EQUIPMENT_BONUS_TITLE_UPGRADE_ForceStrikeArmourBreak": "Armour Break Upgrade",
  "EQUIPMENT_BONUS_TITLE_UPGRADE_ForceStrikeMeleeBlastRadius": "Area Upgrade",
  "EQUIPMENT_BONUS_TITLE_UPGRADE_PsyBoltDamage": "DMG Upgrade",
  "EQUIPMENT_BONUS_TITLE_UPGRADE_PsyBoltCrit": "CRIT Upgrade",
  "EQUIPMENT_BONUS_TITLE_UPGRADE_PsyBoltCritDamage": "CRIT DMG Upgrade",
  "EQUIPMENT_BONUS_TITLE_UPGRADE_PsyBoltStun": "Stun Upgrade",
  "EQUIPMENT_BONUS_TITLE_UPGRADE_PsyBoltArmourBreak": "Armour Break Upgrade",
  "EQUIPMENT_BONUS_TITLE_UPGRADE_PsyBoltAfflictDuration": "Duration Upgrade",
  "EQUIPMENT_BONUS_TITLE_UPGRADE_PsychicOnslaughtDamage": "DMG Upgrade",
  "EQUIPMENT_BONUS_TITLE_UPGRADE_PsychicOnslaughtArea": "Area Upgrade",
  "EQUIPMENT_BONUS_TITLE_UPGRADE_PsychicOnslaughtBonusStun": "Stun Upgrade",
  "EQUIPMENT_BONUS_TITLE_UPGRADE_PromethiumSprayDuration": "Duration Upgrade",
  "EQUIPMENT_BONUS_TITLE_UPGRADE_DisruptShotIgnoreCover": "Targeting Upgrade",
  "EQUIPMENT_BONUS_TITLE_UPGRADE_FlamesOfPurityDamage": "DMG Upgrade",
  "EQUIPMENT_BONUS_TITLE_UPGRADE_BattlefieldMedicineHeal": "Heal Upgrade",
  "EQUIPMENT_BONUS_TITLE_UPGRADE_ScatterShotRange": "Range Upgrade",
  "EQUIPMENT_BONUS_TITLE_UPGRADE_ScatterShotArc": "Arc Upgrade",
  "EQUIPMENT_BONUS_TITLE_UPGRADE_AegisShieldArmour": "Enhanced Aegis Shield",
  "EQUIPMENT_BONUS_TITLE_UPGRADE_KillXP": "XP Upgrade",
  "EQUIPMENT_BONUS_TITLE_UPGRADE_Bane": "CRIT Upgrade",
  "EQUIPMENT_BONUS_TITLE_UPGRADE_HagenPattern": "CRIT Upgrade",
  "EQUIPMENT_BONUS_TITLE_UPGRADE_DaemonSlayer": "DMG Upgrade",
  "EQUIPMENT_BONUS_TITLE_UPGRADE_MachineSlayer": "DMG Upgrade",
  "EQUIPMENT_BONUS_TITLE_UPGRADE_OrganicSlayer": "DMG Upgrade",
  "EQUIPMENT_BONUS_TITLE_UPGRADE_OverwatchRange": "Range Upgrade",
  "EQUIPMENT_BONUS_TITLE_UPGRADE_OverwatchDamage": "DMG Upgrade",
  "EQUIPMENT_BONUS_TITLE_UPGRADE_SkullAmmo": "Servo Skull Ammo Upgrade",
  "EQUIPMENT_BONUS_TITLE_UPGRADE_SkullRange": "Servo Skull Range Upgrade",
  "EQUIPMENT_BONUS_TITLE_UPGRADE_GrenadeAmmo": "Grenade Ammo Upgrade",
  "EQUIPMENT_BONUS_TITLE_UPGRADE_GrenadeArea": "Grenade Area Upgrade",
  "EQUIPMENT_BONUS_TITLE_UPGRADE_GrenadeDamage": "Grenade Damage Upgrade",
  "EQUIPMENT_BONUS_TITLE_UPGRADE_GrenadeRange": "Grenade Range Upgrade",
  "EQUIPMENT_BONUS_DESC_UPGRADE_Damage": "This weapon deals [g:+{damage}] DMG.",
  "EQUIPMENT_BONUS_DESC_UPGRADE_CritDamage": "This weapon gains [g:+{critDamage}] CRIT DMG.",
  "EQUIPMENT_BONUS_DESC_UPGRADE_Crit": "This weapon gains [g:+{critChance}%] CRIT.",
  "EQUIPMENT_BONUS_DESC_UPGRADE_Ammo": "This weapon gains [g:+{ammoBonus}] Ammo.",
  "EQUIPMENT_BONUS_DESC_UPGRADE_Range": "This weapon gains [g:+{range}] Range.",
  "EQUIPMENT_BONUS_DESC_UPGRADE_Arc": "This weapon gains [g:+{coneAngle}] Arc.",
  "EQUIPMENT_BONUS_DESC_UPGRADE_Armour": "This knight gains [g:+{armourBonus}] [b:Armour].",
  "EQUIPMENT_BONUS_DESC_UPGRADE_HP": "This knight gains [g:+{healthBonus}] [b:Max HP].",
  "EQUIPMENT_BONUS_DESC_UPGRADE_PsyPower": "This knight gains [g:+{psyPower}%] [b:Focus].",
  "EQUIPMENT_BONUS_DESC_UPGRADE_Resistance": "This knight gains [g:+{resistanceAmount}%] [b:Resistance].",
  "EQUIPMENT_BONUS_DESC_UPGRADE_Movement": "This knight gains [g:+{movementBonus}] Move Speed.",
  "EQUIPMENT_BONUS_DESC_UPGRADE_WP": "This knight gains [g:+{willpowerAmount}] Max WP.",
  "EQUIPMENT_BONUS_DESC_UPGRADE_PassiveEquipmentSlot": "This knight gains an extra [b:Passive Equipment Slot].",
  "EQUIPMENT_BONUS_DESC_UPGRADE_ArmourBreak": "This weapon gains {instantEffect}.",
  "EQUIPMENT_BONUS_DESC_UPGRADE_Knockback": "The target is pushed backwards from its current position.",
  "EQUIPMENT_BONUS_DESC_UPGRADE_Purge": "This Affliction gains [g:+{procChance}%] chance to apply.",
  "EQUIPMENT_BONUS_DESC_UPGRADE_Stun": "This weapon deals [g:+{stunBonus}] [b:Stun].",
  "EQUIPMENT_BONUS_DESC_UPGRADE_AfflictBleed": "{statusEffectDescription}",
  "EQUIPMENT_BONUS_DESC_UPGRADE_AfflictBlinded": "{statusEffectDescription}",
  "EQUIPMENT_BONUS_DESC_UPGRADE_AfflictEnraged": "{statusEffectDescription}",
  "EQUIPMENT_BONUS_DESC_UPGRADE_AfflictFlame": "{statusEffectDescription}",
  "EQUIPMENT_BONUS_DESC_UPGRADE_AfflictHobbled": "{statusEffectDescription}",
  "EQUIPMENT_BONUS_DESC_UPGRADE_AfflictImmobilized": "{statusEffectDescription}",
  "EQUIPMENT_BONUS_DESC_UPGRADE_AfflictPinned": "{statusEffectDescription}",
  "EQUIPMENT_BONUS_DESC_UPGRADE_AfflictVulnerable": "{statusEffectDescription}",
  "EQUIPMENT_BONUS_DESC_UPGRADE_AfflictWeakened": "{statusEffectDescription}",
  "EQUIPMENT_BONUS_DESC_UPGRADE_AfflictDuration": "This Affliction lasts for [g:+{effectDuration}] Turn(s).",
  "EQUIPMENT_BONUS_DESC_UPGRADE_AfflictApply": "This Affliction gains [g:+{effectChance}%] chance to trigger.",
  "EQUIPMENT_BONUS_DESC_UPGRADE_ImmuneDrained": "This knight gains Immunity to ([b:Drained]).  He will not lose [b:WP] from enemy attacks.",
  "EQUIPMENT_BONUS_DESC_UPGRADE_ImmuneHazards": "This knight gains Immunity to ([b:Hazards]).  He will not suffer DMG from Hazards.",
  "EQUIPMENT_BONUS_DESC_UPGRADE_ImmuneImmobilized": "This knight gains Immunity to ([b:Immobilized]).  He cannot be affected by this Affliction.",
  "EQUIPMENT_BONUS_DESC_UPGRADE_BiomancyDuration": "This Knight's [b:Biomancies] last for [g:+{durationBonus}] Turn(s).",
  "EQUIPMENT_BONUS_DESC_UPGRADE_AutoUsesFirstStrike": "This Auto gains [g:+{autoUses}] Use / Turn.",
  "EQUIPMENT_BONUS_DESC_UPGRADE_AutoUsesParry": "This Auto gains [g:+{autoUses}] Use / Turn.",
  "EQUIPMENT_BONUS_DESC_UPGRADE_AutoRighteous": "When this knight CRITS a target with a Melee Attack he has a [g:{autoChance}%] chance to gain [g:+{abilityAP}] AP.",
  "EQUIPMENT_BONUS_DESC_UPGRADE_AutoUsesRighteous": "This weapon gains [g:+{autoUses}] Use / Turn of this Auto.",
  "EQUIPMENT_BONUS_DESC_UPGRADE_AutoUsesAll": "This knight gains [g:+{autoUses}] Use / Turn for all their [b:Auto] abilities.",
  "EQUIPMENT_BONUS_DESC_UPGRADE_AutoChanceAegisReaction": "This auto gains [g:+{autoChance}%] chance to trigger.",
  "EQUIPMENT_BONUS_DESC_UPGRADE_AutoChanceIronWill": "This auto gains [g:+{autoChance}%] chance to trigger.",
  "EQUIPMENT_BONUS_DESC_UPGRADE_AutoChanceSnapFire": "This auto gains [g:+{autoChance}%] chance to trigger.",
  "EQUIPMENT_BONUS_DESC_UPGRADE_AutoChanceRapidReload": "This auto gains [g:+{autoChance}%] chance to trigger.",
  "EQUIPMENT_BONUS_DESC_UPGRADE_AutoFortitude": "When activating a [b:Psybolt] this Knight has a [g:{autoChance}%] chance to gain [g:+{abilityWP}] WP.",
  "EQUIPMENT_BONUS_DESC_UPGRADE_AutoAPExecutioner": "This auto gives [g:+{abilityAP}] AP when triggered.",
  "EQUIPMENT_BONUS_DESC_UPGRADE_ForceStrikeCrit": "This Force Strike gains [g:+{abilityBonusCrit}%] CRIT.",
  "EQUIPMENT_BONUS_DESC_UPGRADE_ForceStrikeAfflict": "This Force Strike gains {statusEffect}.",
  "EQUIPMENT_BONUS_DESC_UPGRADE_ForceStrikeAfflictPinned": "This Force Strike gives a [g:+{abilityEffectChance}%] bonus to trigger Afflict [b:Pinned].",
  "EQUIPMENT_BONUS_DESC_UPGRADE_ForceStrikeDamage": "This Force Strike gains [g:+{abilityBonusDamage}] DMG.",
  "EQUIPMENT_BONUS_DESC_UPGRADE_ForceStrikeDamageBonus": "This knight gains [g:+{abilityBonusDamage}] DMG for their Melee [b:Force Strikes].",
  "EQUIPMENT_BONUS_DESC_UPGRADE_ForceStrikeStun": "This Force Strike gains [g:+{abilityStunBonus}] Stun.",
  "EQUIPMENT_BONUS_DESC_UPGRADE_ForceStrikeArmourBreak": "This Force Strike gains [g:+{abilityArmourBreakBonus}] Armour Break.",
  "EQUIPMENT_BONUS_DESC_UPGRADE_ForceStrikeMeleeBlastRadius": "This Force Strike gains [g:+{abilityRadius}] Area.",
  "EQUIPMENT_BONUS_DESC_UPGRADE_PsyBoltDamage": "This Psybolt gains [g:+{abilityBonusDamage}] DMG.",
  "EQUIPMENT_BONUS_DESC_UPGRADE_PsyBoltCrit": "This Psybolt gains [g:+{abilityBonusCrit}%] CRIT.",
  "EQUIPMENT_BONUS_DESC_UPGRADE_PsyBoltCritDamage": "This Psybolt gains [g:+{abilityBonusCritDamage}] CRIT DMG.",
  "EQUIPMENT_BONUS_DESC_UPGRADE_PsyBoltStun": "This Psybolt gains [g:+{abilityStunBonus}] Stun.",
  "EQUIPMENT_BONUS_DESC_UPGRADE_PsyBoltArmourBreak": "This Psybolt gains [g:+{abilityArmourBreakBonus}] Armour Break.",
  "EQUIPMENT_BONUS_DESC_UPGRADE_PsyBoltAfflictDuration": "This Psybolt gains [g:+{durationBonus}] Turn(s) for its Affliction.",
  "EQUIPMENT_BONUS_DESC_UPGRADE_PsychicOnslaughtDamage": "The Blast deals [g:+{abilityAoEDamage}] DMG.",
  "EQUIPMENT_BONUS_DESC_UPGRADE_PsychicOnslaughtArea": "The Blast gains [g:+{abilityRadius}] Area.",
  "EQUIPMENT_BONUS_DESC_UPGRADE_PsychicOnslaughtBonusStun": "The Blast gains [g:+{abilityStunBonus}] Stun.",
  "EQUIPMENT_BONUS_DESC_UPGRADE_PromethiumSprayDuration": "This Hazard gains [g:+{abilityDuration}] Turn(s) Duration.",
  "EQUIPMENT_BONUS_DESC_UPGRADE_DisruptShotIgnoreCover": "Disrupt Shot gains [b:Ignore] ([g:Cover]).  [b:Cover] penalties will not apply.",
  "EQUIPMENT_BONUS_DESC_UPGRADE_FlamesOfPurityDamage": "This ability gains [g:+{bonusDamage}] DMG per [g:1] Ammo.",
  "EQUIPMENT_BONUS_DESC_UPGRADE_BattlefieldMedicineHeal": "Battlefield Medicine gains [g:+{healAmount}] [b:Heal].",
  "EQUIPMENT_BONUS_DESC_UPGRADE_ScatterShotRange": "The Scattershot gains [g:+{abilityRange}] Range.",
  "EQUIPMENT_BONUS_DESC_UPGRADE_ScatterShotArc": "The Scattershot gains [g:+{abilityAngle}] Arc.",
  "EQUIPMENT_BONUS_DESC_UPGRADE_AegisShieldArmour": "This knight's [b:Aegis Shield] ability gains [g:+{abilityArmour}] [b:Armour].",
  "EQUIPMENT_BONUS_DESC_UPGRADE_KillXP": "This knight gains [g:+{xpKillBonus}%] [b:XP] for Enemy kills.",
  "EQUIPMENT_BONUS_DESC_UPGRADE_Bane": "This weapon gains [g:+{bodyTypeCritChance}%] CRIT against [b:Daemonic] targets.",
  "EQUIPMENT_BONUS_DESC_UPGRADE_HagenPattern": "This weapon gains [g:+{bodyTypeCritChance}%] CRIT against [b:Organic] targets.",
  "EQUIPMENT_BONUS_DESC_UPGRADE_DaemonSlayer": "This weapon deals [g:+{bodyTypeDamage}] DMG against [b:Daemonic] targets.",
  "EQUIPMENT_BONUS_DESC_UPGRADE_MachineSlayer": "This weapon deals [g:+{bodyTypeDamage}] DMG against [b:Mechanical] targets.",
  "EQUIPMENT_BONUS_DESC_UPGRADE_OrganicSlayer": "This weapon deals [g:+{bodyTypeDamage}] DMG against [b:Organic] targets.",
  "EQUIPMENT_BONUS_DESC_UPGRADE_OverwatchRange": "Overwatch gains [g:+{overwatchRange}] Range.",
  "EQUIPMENT_BONUS_DESC_UPGRADE_OverwatchDamage": "Overwatch gains an additional [g:+{overwatchDamage}] DMG.",
  "EQUIPMENT_BONUS_DESC_UPGRADE_SkullAmmo": "This Knight's [b:Servo Skulls] gain [g:+{servoSkullUses}] Ammo.",
  "EQUIPMENT_BONUS_DESC_UPGRADE_SkullRange": "This Knight's [b:Servo Skulls] gain [g:+{servoSkullRange}] Range.",
  "EQUIPMENT_BONUS_DESC_UPGRADE_GrenadeAmmo": "This Knight's [b:Grenades] gain [g:+{grenadeAmmoBonus}] Ammo.",
  "EQUIPMENT_BONUS_DESC_UPGRADE_GrenadeArea": "This Knight's [b:Grenades] gain [g:+{grenadeAreaBonus}] Area.",
  "EQUIPMENT_BONUS_DESC_UPGRADE_GrenadeDamage": "This Knight's [b:Grenades] gain [g:+{grenadeDamageBonus}] DMG.",
  "EQUIPMENT_BONUS_DESC_UPGRADE_GrenadeRange": "This Knight's [b:Grenades] gain [g:+{grenadeRangeBonus}] Range.",
  "EQUIPMENT_BONUS_DESC_UPGRADE_APPEND_DisruptShotIgnoreCover": "[b:Ignore] ([g:Cover]).",
  "EQUIPMENT_StormShield": "Storm Shield",
  "EQUIPMENT_Shield_Tank_1": "Titan's Guard",
  "EQUIPMENT_Shield_Tank_3": "Titan's Shield",
  "EQUIPMENT_Shield_Parry_1": "Titan's Defender",
  "EQUIPMENT_Shield_Parry_3": "Mirror of Judgement",
  "EQUIPMENT_Shield_Resistance_1": "Bond of Belarios",
  "EQUIPMENT_Shield_Resistance_2": "Glimmershield",
  "EQUIPMENT_Shield_Willpower_2": "Galarr's Spirit",
  "EQUIPMENT_Shield_Willpower_3": "Soulguard",
  "EQUIPMENT_Shield_Everything_3": "Guardian of Mankind",
  "EQUIPMENT_ForceSword": "Force Sword",
  "EQUIPMENT_Sword_Damage_1": "Blade of Infernus",
  "EQUIPMENT_Sword_Damage_2": "Blade of the Forsworn",
  "EQUIPMENT_Sword_Damage_3": "Scourge of the Damned",
  "EQUIPMENT_Sword_Parry_1": "Drystan's Talon",
  "EQUIPMENT_Sword_Parry_2": "Sword of Drasus",
  "EQUIPMENT_Sword_Parry_3": "The Stoic's Blade",
  "EQUIPMENT_Sword_Crit_1": "Ballard's Blade",
  "EQUIPMENT_Sword_Crit_2": "The Grey Blade",
  "EQUIPMENT_Sword_Crit_3": "The Weeping Blade",
  "EQUIPMENT_Sword_Backstabber_1": "Righteous Fury",
  "EQUIPMENT_Sword_Trainer_1": "Conciliator",
  "EQUIPMENT_Sword_Auto_2": "Sword of Days",
  "EQUIPMENT_Marketing_Sword_1": "Arions",
  "EQUIPMENT_Marketing_Sword_2": "Liecleaver",
  "EQUIPMENT_Marketing_Sword_3": "Suffering",
  "EQUIPMENT_Marketing_Sword_Ectar": "Ectar's Brand",
  "EQUIPMENT_Marketing_Sword_Darig": "Darig's Edge",
  "EQUIPMENT_Halberd": "Halberd",
  "EQUIPMENT_Halberd_Damage_1": "Valen",
  "EQUIPMENT_Halberd_Damage_2": "Soul Glaive",
  "EQUIPMENT_Halberd_Damage_3": "Recantor",
  "EQUIPMENT_Halberd_FirstStrike_1": "Doom Lance",
  "EQUIPMENT_Halberd_FirstStrike_2": "Lightsinger",
  "EQUIPMENT_Halberd_FirstStrike_3": "Titans Wrath",
  "EQUIPMENT_Halberd_DaemonAxe_2": "Daemonbane",
  "EQUIPMENT_Halberd_DaemonAxe_3": "Daemonflayer",
  "EQUIPMENT_Halberd_ForceStriker_1": "Deathspike",
  "EQUIPMENT_Halberd_ForceStriker_2": "Starslayer",
  "EQUIPMENT_Halberd_Cleaver_1": "Scorn",
  "EQUIPMENT_Halberd_Cleaver_3": "Pale",
  "EQUIPMENT_Halberd_Executioner_2": "Endbringer",
  "EQUIPMENT_Marketing_Halberd_Ectar": "Ectar's Reach",
  "EQUIPMENT_Marketing_Halberd_Darig": "Darig's Reach",
  "EQUIPMENT_Falchions": "Falchions",
  "EQUIPMENT_Falchions_Bleed_1": "Prosecutor",
  "EQUIPMENT_Falchions_Bleed_2": "Imperator",
  "EQUIPMENT_Falchions_Pinned_2": "Solaris",
  "EQUIPMENT_Falchions_Pinned_3": "Ferocity",
  "EQUIPMENT_Falchions_Armour_Pierce_1": "Elrin's Blade",
  "EQUIPMENT_Falchions_Armour_Pierce_2": "Thorn of Deimos",
  "EQUIPMENT_Falchions_Crit_2": "Conviction",
  "EQUIPMENT_Falchions_Crit_3": "Ogen's Edict",
  "EQUIPMENT_Falchions_Weakener_1": "Silver Brand",
  "EQUIPMENT_Falchions_Weakener_2": "Fidelis",
  "EQUIPMENT_Falchions_Finisher_2": "Sorrow",
  "EQUIPMENT_Marketing_Falchions_Ectar": "Ectar's Blades",
  "EQUIPMENT_Marketing_Falchions_Darig": "Darig's Falchions",
  "EQUIPMENT_DaemonHammer": "Daemon Hammer",
  "EQUIPMENT_Hammer_Crit_Damage_1": "Hammer of the Chosen",
  "EQUIPMENT_Hammer_Crit_Damage_2": "Legato's Grip",
  "EQUIPMENT_Hammer_Crit_Damage_3": "Final Justice",
  "EQUIPMENT_Hammer_Stun_1": "Mercy",
  "EQUIPMENT_Hammer_Stun_2": "Test of Faith",
  "EQUIPMENT_Hammer_Machine_Killer_2": "Sorak's Hammer",
  "EQUIPMENT_Hammer_Machine_Killer_3": "Annihilator",
  "EQUIPMENT_Hammer_Knockback_1": "Titan's Strike",
  "EQUIPMENT_Hammer_Knockback_2": "Titan's Hammer",
  "EQUIPMENT_Hammer_Silencer_3": "Warpbreaker",
  "EQUIPMENT_Hammer_Crysylix_3": "Destroyer of Crys'ylix",
  "EQUIPMENT_Marketing_Hammer_Ectar": "Ectar's Wrath",
  "EQUIPMENT_Marketing_Hammer_Darig": "Darig's Discipline",
  "EQUIPMENT_Narthecium": "Narthecium",
  "EQUIPMENT_Narthecium_HumanKiller_1": "Redemption",
  "EQUIPMENT_Narthecium_HumanKiller_3": "Vindication in Glory",
  "EQUIPMENT_Narthecium_Purge_1": "Excorciation",
  "EQUIPMENT_Narthecium_Purge_2": "Alban's Needles",
  "EQUIPMENT_Narthecium_Purge_3": "Glaivan's Awl",
  "EQUIPMENT_Narthecium_ArmourDrill_1": "Agony's End",
  "EQUIPMENT_Narthecium_ArmourDrill_2": "Astokar's Drill",
  "EQUIPMENT_Narthecium_ArmourDrill_3": "Tarn's Interdict",
  "EQUIPMENT_Narthecium_BattlefieldMedicine_1": "Tauma's Salve",
  "EQUIPMENT_Narthecium_BattlefieldMedicine_2": "Lifegiver",
  "EQUIPMENT_Marketing_Narthecium_Ectar": "The Salve",
  "EQUIPMENT_Marketing_Narthecium_Darig": "Deliverer",
  "EQUIPMENT_WardingStave": "Warding Stave",
  "EQUIPMENT_WardingStave_Aegis_1": "Titan's Ward",
  "EQUIPMENT_WardingStave_Aegis_2": "Rod of Heracus",
  "EQUIPMENT_WardingStave_Aegis_3": "Rod of the Ancients",
  "EQUIPMENT_WardingStave_Aegis_Shield_3": "Gatebinder",
  "EQUIPMENT_WardingStave_Resistance_1": "Stave of Hope",
  "EQUIPMENT_WardingStave_Resistance_2": "Law's Balance",
  "EQUIPMENT_WardingStave_Resistance_3": "Fortitude",
  "EQUIPMENT_WardingStave_Focus_1": "Brother's Diligence",
  "EQUIPMENT_WardingStave_Focus_2": "Lel's Bride",
  "EQUIPMENT_WardingStave_Focus_3": "Kai's Evoker",
  "EQUIPMENT_WardingStave_Willpower_1": "Anval's Haven",
  "EQUIPMENT_WardingStave_Willpower_2": "Strifebreaker",
  "EQUIPMENT_WardingStave_Willpower_3": "Stave of Supremacy",
  "EQUIPMENT_Marketing_WardingStave_Ectar": "Ectar's Staff",
  "EQUIPMENT_Marketing_WardingStave_Darig": "The Ward Osseus",
  "EQUIPMENT_Crozius": "Crozius",
  "EQUIPMENT_Crozius_Vulnerable_1": "Absolution",
  "EQUIPMENT_Crozius_Vulnerable_2": "Catechism",
  "EQUIPMENT_Crozius_Vulnerable_3": "The Argent Mace",
  "EQUIPMENT_Crozius_Fearsome_3": "Mace of Terror",
  "EQUIPMENT_Crozius_Inspire_2": "Triumph of Glory",
  "EQUIPMENT_Crozius_ConduitOfHate_3": "The Manifest Word",
  "EQUIPMENT_Crozius_Litanies_3": "Hammer of the Righteous",
  "EQUIPMENT_Marketing_Crozius_Ectar": "The Brave",
  "EQUIPMENT_Marketing_Crozius_Darig": "Authority",
  "EQUIPMENT_StormBolter": "Storm Bolter",
  "EQUIPMENT_StormBolter_Damage_1": "Edeon's Gift",
  "EQUIPMENT_StormBolter_Damage_2": "Silverbolt",
  "EQUIPMENT_StormBolter_Damage_3": "Sister's Tear",
  "EQUIPMENT_StormBolter_Ammo_1": "Credo",
  "EQUIPMENT_StormBolter_Ammo_2": "Thawn's Glory",
  "EQUIPMENT_StormBolter_Ammo_3": "Eternal Wrath",
  "EQUIPMENT_StormBolter_Range_1": "Truebolt",
  "EQUIPMENT_StormBolter_Range_2": "Heretic's Lament",
  "EQUIPMENT_StormBolter_Range_3": "Traitor's Due",
  "EQUIPMENT_StormBolter_Crit_1": "True-Eye",
  "EQUIPMENT_StormBolter_Crit_2": "Golden Mandate",
  "EQUIPMENT_StormBolter_Crit_3": "Vanquisher",
  "EQUIPMENT_StormBolter_Crit_Superior_1": "Vengeance",
  "EQUIPMENT_StormBolter_Overwatch_1": "Fury of Deimos",
  "EQUIPMENT_StormBolter_Overwatch_2": "Ruin's Witness",
  "EQUIPMENT_StormBolter_Overwatch_3": "Pallian's Spite",
  "EQUIPMENT_StormBolter_Armour_Pierce_1": "Jaric's Hunter",
  "EQUIPMENT_StormBolter_Armour_Pierce_2": "Dire Strike",
  "EQUIPMENT_StormBolter_Armour_Pierce_3": "Boneblight",
  "EQUIPMENT_StormBolter_Stun_1": "Soulflare",
  "EQUIPMENT_StormBolter_Stun_2": "Soulhammer",
  "EQUIPMENT_StormBolter_Psybolt_1": "Aurelian's Verdict",
  "EQUIPMENT_StormBolter_Psybolt_2": "Deathmaker",
  "EQUIPMENT_StormBolter_Reload_2": "Galan's Grace",
  "EQUIPMENT_StormBolter_Reload_3": "Ire of Phoros",
  "EQUIPMENT_StormBolter_DaemonKiller_2": "Warpbane",
  "EQUIPMENT_StormBolter_DaemonKiller_3": "Dire Exorcism",
  "EQUIPMENT_StormBolter_ArmourBreak_1": "Oathkeeper",
  "EQUIPMENT_StormBolter_Bleed_1": "Liberator",
  "EQUIPMENT_StormBolter_Crazed_2": "Furoza's Law",
  "EQUIPMENT_StormBolter_Finisher_2": "Emancipator",
  "EQUIPMENT_StormBolter_AstralAim_3": "Apostate's Woe",
  "EQUIPMENT_Marketing_StormBolter_Ectar": "Forgiveness",
  "EQUIPMENT_Marketing_StormBolter_Darig": "Darig's Bolter",
  "EQUIPMENT_Psycannon": "Psycannon",
  "EQUIPMENT_Psycannon_Damage_1": "Immaculate Deed",
  "EQUIPMENT_Psycannon_Damage_2": "Saint's Judgement",
  "EQUIPMENT_Psycannon_Damage_3": "Elrin's Oath",
  "EQUIPMENT_Psycannon_Crit_1": "Penance of the Heretic",
  "EQUIPMENT_Psycannon_Crit_2": "Rupture",
  "EQUIPMENT_Psycannon_Onslaught_1": "Soulflage",
  "EQUIPMENT_Psycannon_Onslaught_3": "Titan's Roar",
  "EQUIPMENT_Psycannon_Overwatch_1": "Retribution",
  "EQUIPMENT_Psycannon_ArmourBreak_2": "Titan's Stand",
  "EQUIPMENT_Psycannon_Enrage_2": "Foereaper's Mercy",
  "EQUIPMENT_Psycannon_Confuse_3": "Bellower",
  "EQUIPMENT_Psycannon_Stun_3": "Sanction",
  "EQUIPMENT_Marketing_Psycannon_Ectar": "Whim of Fury",
  "EQUIPMENT_Marketing_Psycannon_Darig": "Darig's Spite",
  "EQUIPMENT_Psilencer": "Psilencer",
  "EQUIPMENT_Psilencer_Damage_2": "Empyrean's Thunder",
  "EQUIPMENT_Psilencer_Damage_3": "Titan's Vengeance",
  "EQUIPMENT_Psilencer_Range_1": "Knight's Candle",
  "EQUIPMENT_Psilencer_Range_3": "Victory's Testament",
  "EQUIPMENT_Psilencer_Spray_1": "Steel of Storms",
  "EQUIPMENT_Psilencer_Spray_2": "Valiant Disruption",
  "EQUIPMENT_Psilencer_CoverIgnore_1": "Jaric's Solace",
  "EQUIPMENT_Psilencer_ArmourPierce_1": "Revelation",
  "EQUIPMENT_Psilencer_Hobbled_2": "Censure",
  "EQUIPMENT_Psilencer_Bleed_3": "Doom's End",
  "EQUIPMENT_Psilencer_DaemonKiller_3": "Daemonstinger",
  "EQUIPMENT_Marketing_Psilencer_Ectar": "Test of Faith",
  "EQUIPMENT_Marketing_Psilencer_Darig": "Darig's Precision",
  "EQUIPMENT_Incinerator": "Incinerator",
  "EQUIPMENT_Incinerator_Damage_1": "Helscorcher",
  "EQUIPMENT_Incinerator_Damage_3": "Piety's Ashes",
  "EQUIPMENT_Incinerator_Area_2": "Serpent's Breath",
  "EQUIPMENT_Incinerator_Area_3": "Titan's Fury",
  "EQUIPMENT_Incinerator_Melter_1": "Sagefire",
  "EQUIPMENT_Incinerator_HumanKiller_2": "Firesworn",
  "EQUIPMENT_Incinerator_Purge_2": "Daemon's End",
  "EQUIPMENT_Incinerator_Flamer_3": "Galan's Anima",
  "EQUIPMENT_Marketing_Incinerator_Ectar": "Song of Purity",
  "EQUIPMENT_Marketing_Incinerator_Darig": "Darig's Rage",
  "EQUIPMENT_PowerArmour": "Power Armour",
  "EQUIPMENT_PowerArmour_HP_1": "Prodigy's Plate",
  "EQUIPMENT_PowerArmour_HP_2": "Hero's Plate",
  "EQUIPMENT_PowerArmour_HP_3": "Champion's Plate",
  "EQUIPMENT_PowerArmour_WP_1": "Mantle of Will",
  "EQUIPMENT_PowerArmour_WP_2": "Credenda of Will",
  "EQUIPMENT_PowerArmour_WP_3": "Triumph of Will",
  "EQUIPMENT_PowerArmour_HP_WP_1": "Valdar's Discipline",
  "EQUIPMENT_PowerArmour_HP_WP_2": "Ogen's Discipline",
  "EQUIPMENT_PowerArmour_HP_WP_3": "Gorvan's Discipline",
  "EQUIPMENT_PowerArmour_Focus_1": "Faith's Ardour",
  "EQUIPMENT_PowerArmour_Focus_2": "Faith's Mantle",
  "EQUIPMENT_PowerArmour_Focus_3": "Faith's Shield",
  "EQUIPMENT_PowerArmour_Resist_1": "Devotion",
  "EQUIPMENT_PowerArmour_Resist_2": "Piety",
  "EQUIPMENT_PowerArmour_Resist_3": "Purity",
  "EQUIPMENT_PowerArmour_HP_Resist_1": "Radiant Ward",
  "EQUIPMENT_PowerArmour_HP_Resist_2": "Radiant Protector",
  "EQUIPMENT_PowerArmour_HP_Resist_3": "Radiant Guardian",
  "EQUIPMENT_PowerArmour_Armour_1": "Mark of the Aegis",
  "EQUIPMENT_PowerArmour_Armour_2": "Power of the Aegis",
  "EQUIPMENT_PowerArmour_Armour_3": "Titan's Aegis",
  "EQUIPMENT_PowerArmour_Movement_1": "Pain's Refuge",
  "EQUIPMENT_PowerArmour_Movement_2": "Fate's Refuge",
  "EQUIPMENT_PowerArmour_Movement_3": "Judgement's Refuge",
  "EQUIPMENT_PowerArmour_Skull_1": "Prodigy's Ward",
  "EQUIPMENT_PowerArmour_Skull_2": "Prodigy's Arms",
  "EQUIPMENT_PowerArmour_Skull_3": "Prodigy's Mantle",
  "EQUIPMENT_PowerArmour_Plague_1": "Shield of Purity",
  "EQUIPMENT_PowerArmour_Plague_2": "Heart of Purity",
  "EQUIPMENT_PowerArmour_Hobbled_1": "Oath of Reliance",
  "EQUIPMENT_PowerArmour_Hobbled_2": "Plate of Reliance",
  "EQUIPMENT_PowerArmour_Pinned_1": "Succor",
  "EQUIPMENT_PowerArmour_Rainbow_3": "Cuirass of Sacrifice",
  "EQUIPMENT_PowerArmour_AP_3": "Kantu's Vambrace",
  "EQUIPMENT_PowerArmour_Metabolism_3": "Abjuration of the Faithless",
  "EQUIPMENT_PowerArmour_Grenade_1": "Will of the Flame",
  "EQUIPMENT_PowerArmour_Grenade_2": "Heart of the Flame",
  "EQUIPMENT_PowerArmour_Grenade_3": "Keeper of the Flame",
  "EQUIPMENT_GarranCrowePowerArmour": "Crowe’s Artificer Armour",
  "EQUIPMENT_DraigoArmour": "Draigo’s Terminator Armour",
  "EQUIPMENT_VakirArmour": "Vakir’s Artificer Armour",
  "EQUIPMENT_TerminatorArmour": "Terminator Armour",
  "EQUIPMENT_TerminatorArmour_HP_1": "The Bronze Carapace",
  "EQUIPMENT_TerminatorArmour_HP_2": "The Silver Carapace",
  "EQUIPMENT_TerminatorArmour_HP_3": "The Gold Carapace",
  "EQUIPMENT_TerminatorArmour_Armour_1": "Ward of the Aegis",
  "EQUIPMENT_TerminatorArmour_Armour_2": "Will of the Aegis",
  "EQUIPMENT_TerminatorArmour_Armour_3": "Covenant of the Aegis",
  "EQUIPMENT_TerminatorArmour_WP_1": "Scholar's Diligence",
  "EQUIPMENT_TerminatorArmour_WP_2": "Scholar's Acuity",
  "EQUIPMENT_TerminatorArmour_WP_3": "Scholar's Devotion",
  "EQUIPMENT_TerminatorArmour_Focus_1": "Refuge in Faith",
  "EQUIPMENT_TerminatorArmour_Focus_2": "Resilience in Faith",
  "EQUIPMENT_TerminatorArmour_Focus_3": "Power in Faith",
  "EQUIPMENT_TerminatorArmour_Resistance_1": "Steadfast",
  "EQUIPMENT_TerminatorArmour_Resistance_2": "Vigilence",
  "EQUIPMENT_TerminatorArmour_Resistance_3": "Venerable",
  "EQUIPMENT_TerminatorArmour_Grenade_1": "Warrant of Flame",
  "EQUIPMENT_TerminatorArmour_Grenade_2": "Mantle of Flame",
  "EQUIPMENT_TerminatorArmour_Grenade_3": "Keeper of the Faith",
  "EQUIPMENT_TerminatorArmour_Warp_1": "Warpscourge",
  "EQUIPMENT_TerminatorArmour_Warp_2": "Warpscorn",
  "EQUIPMENT_TerminatorArmour_Weakness_1": "Abjuration of the Unclean",
  "EQUIPMENT_TerminatorArmour_Movement_1": "Anval's Refuge",
  "EQUIPMENT_TerminatorArmour_Anchored_2": "The Credent Plate",
  "EQUIPMENT_TerminatorArmour_PsyEnhance_3": "Mantle of the Elect",
  "EQUIPMENT_TerminatorArmour_Penitent_3": "Morningplate",
  "IC_FragGrenade": "Frag Grenades",
  "IC_FragGrenade_Description": "Target a [b:Blast Attack] at Range [g:{range}] over Area [g:{radius}] to deal [g:{damage}] DMG.",
  "IC_FragGrenade_SubTitle": "Blast Attack",
  "IC_KrakGrenade": "Krak Grenades",
  "IC_KrakGrenade_Description": "Target a [b:Blast Attack] at Range [g:{range}] over Area [g:{radius}] to deal [g:{damage}] DMG.",
  "IC_KrakGrenade_SubTitle": "Blast Attack",
  "IC_BlindGrenade": "Blind Grenades",
  "IC_BlindGrenade_Description": "Target a [b:Blast Hazard] at Range [g:{range}] over Area [g:{radius}] for [g:{effectDuration}] Turn(s).  [b:Smoke].",
  "IC_BlindGrenade_SubTitle": "Blast Hazard",
  "IC_PsykOutGrenade": "Psykout Grenades",
  "IC_PsykOutGrenade_Description": "Target a [b:Blast Attack] at Range [g:{range}] over Area [g:{radius}] to deal [g:{damage}] DMG.",
  "IC_PsykOutGrenade_SubTitle": "Blast Attack",
  "IC_PsychotrokeGrenade": "Psychotroke Grenades",
  "IC_PsychotrokeGrenade_Description": "Target a [b:Blast Attack] at Range [g:{range}] over Area [g:{radius}] to deal [g:{damage}] DMG.",
  "IC_PsychotrokeGrenade_SubTitle": "Blast Attack",
  "IC_EmpyreanBrainMine": "Empyrean Brain Mines",
  "IC_EmpyreanBrainMine_Description": "Target a [b:Blast Attack] at Range [g:{range}] over Area [g:{radius}] to deal [g:{damage}] DMG.",
  "IC_EmpyreanBrainMine_SubTitle": "Blast Attack",
  "IC_SeekerSkull": "Seeker Skulls",
  "IC_SeekerSkull_Description": "Move to a target location within Range [g:{range}] and reveal enemies within Area [g:{skullSightRange}].",
  "IC_SeekerSkull_SubTitle": "Support",
  "IC_MedicaeSkull": "Medicae Skulls",
  "IC_MedicaeSkull_Description": "Target a Knight at Range [g:{range}] to {instantEffect}.  They will recover [g:{healAmount}] HP immediately.",
  "IC_MedicaeSkull_SubTitle": "Support",
  "IC_HailerSkull": "Hailer Skulls",
  "IC_HailerSkull_Description": "Target a [b:Blast Attack] at Range [g:{range}] over Area [g:{radius}] to {statusEffect}.  This Skull has [g:{skullHP}] Max HP.",
  "IC_HailerSkull_SubTitle": "Blast Attack",
  "IC_ExtractorServoSkull": "Extractor Skulls",
  "IC_ExtractorServoSkull_Description": "Target an Enemy at Range [g:{range}].  [b:Extract Seeds].",
  "IC_ExtractorServoSkull_SubTitle": "Attack",
  "IC_DisruptorServoSkull": "Disruptor Skulls",
  "IC_DisruptorServoSkull_Description": "Target an Enemy at Range [g:{range}].  Deals [g:{damage}] DMG. [b: Armour Pierce]",
  "IC_DisruptorServoSkull_SubTitle": "Attack",
  "IC_ApothecarionSkull": "Apothecarion Skull",
  "IC_ApothecarionSkull_Description": "All [b:Biomancy] Abilities can be used at Long Range.",
  "IC_ApothecarionSkull_SubTitle": "Support",
  "IC_UnguentsOfWarding": "Unguents of Warding",
  "IC_UnguentsOfWarding_Description": "This Knight gains [g:+{resistanceAmount}%] [b:Resistance], which increases their chance to prevent a negative Affliction.",
  "IC_EmblematicPauldron": "Emblematic Pauldrons",
  "IC_EmblematicPauldron_Description": "This Knight gains [g:+{healthBonus}] Max HP.",
  "IC_LiberDaemonicaPerfectus": "Liber Daemonicum",
  "IC_LiberDaemonicaPerfectus_Description": "This Knight gains [g:+{critDamage}] CRIT DMG for their [b:Melee Attacks].",
  "IC_BlessedGreaves": "Blessed Greaves",
  "IC_BlessedGreaves_Description": "This Knight gains [g:+{critChance}%] CRIT for their [b:Ranged Attacks].",
  "IC_SancticShard": "Sanctic Shard",
  "IC_SancticShard_Description": "This Knight gains [g:+{psyPower}%] [b:Focus], which increases their chance to trigger [b:Autos] and cause Afflictions.",
  "IC_AuguriumScrolls": "Augurium Scrolls",
  "IC_AuguriumScrolls_Description": "This Knight gains [g:+{critChance}%] CRIT for their [b:Melee Attacks].",
  "IC_ArtisanNulliferMatrix": "Artisan Nullifer Matrix",
  "IC_ArtisanNulliferMatrix_Description": "This Knight's [b:Aegis Shield] ability gains [g:+{armourBonus}] [b:Armour].",
  "IC_SacredIncense": "Sacred Incense",
  "IC_SacredIncense_Description": "This Knight gains [g:+{willpowerAmount}] Max WP.",
  "IC_ExtendedMagazine": "Extended Magazine",
  "IC_ExtendedMagazine_Description": "This Knight gains [g:+{ammoBonus}] Ammo for their [b:Ranged Weapons].",
  "IC_PuritySealOfPrecision": "Purity Seal Of Precision",
  "IC_PuritySealOfPrecision_Description": "This Knight gains [g:+{rangeBonus}] Range for their [b:Ranged Weapons].",
  "IC_RangedCritDmg": "Enhanced Autosenses",
  "IC_RangedCritDmg_Description": "This Knight gains [g:+{critDamage}] CRIT DMG for their [b:Ranged Attacks].",
  "IC_DominaLiberDaemonica": "Domina Liber Daemonica",
  "IC_DominaLiberDaemonica_Description": "This Knight gains [g:+{critDamage}] CRIT DMG and [g:+{critChance}%] CRIT for their [b:Melee Attacks].",
  "PASSIVE_WARGEAR_SubTitle": "Passive",
  "AC_PowerArmour": "Power Armour",
  "AC_PowerArmour_Description": "Power Armours Desc",
  "AC_TerminatorArmour": "Terminator Armour",
  "AC_TerminatorArmour_Description": "Terminator Armours Desc",
  "WC_ForceSword": "Force Sword",
  "WC_ForceSword_Description": "Force Swords Desc",
  "WC_ForceSword_SubTitle": "Melee Weapon",
  "WC_Halberd": "Halberd",
  "WC_Halberd_Description": "The Halberd is a [b:Melee Weapons] used by all Knights.  This category unlocks unique upgrades for this class.",
  "WC_Halberd_SubTitle": "Melee Weapon",
  "WC_FC_Halberd": "Special Halberd",
  "WC_FC_Halberd_Description": "Special Halberd Desc",
  "WC_Falchions": "Falchions",
  "WC_Falchions_Description": "The Falchions are [b:Melee Weapons] used by all Knights.  This category unlocks unique upgrades for this class.",
  "WC_Falchions_SubTitle": "Melee Weapon",
  "WC_Narthecium": "Narthecium",
  "WC_Narthecium_Description": "The Narthecium is a [b:Melee Weapon] only available to the Apothecary.  It unlocks access to unique abilities.",
  "WC_Narthecium_SubTitle": "Melee Weapon",
  "WC_DaemonHammer": "Daemon Hammer",
  "WC_DaemonHammer_Description": "The Daemon Hammer is a [b:Melee Weapon] used by all Knights.  This category unlocks unique upgrades for this class.",
  "WC_DaemonHammer_SubTitle": "Melee Weapon",
  "WC_WardingStave": "Warding Stave",
  "WC_WardingStave_Description": "The Warding Stave is a [b:Melee Weapon] used by all Knights.  This category unlocks unique upgrades for this class.",
  "WC_WardingStave_SubTitle": "Melee Weapon",
  "WC_Crozius": "Crozius Arcanum",
  "WC_Crozius_Description": "The [b:Crozius Arcanum] is a [b:Melee Weapon] only available to the [b:Chaplain].  This category unlocks unique upgrades for this class.",
  "WC_Crozius_SubTitle": "Melee Weapon",
  "WC_StormBolter": "Storm Bolter",
  "WC_StormBolter_Description": "The Storm Bolter is the Grey Knight’s standard [b:Ranged Weapon].",
  "WC_StormBolter_SubTitle": "Ranged Weapon",
  "WC_FC_StormBolter": "Special Storm Bolters",
  "WC_FC_StormBolter_Description": "Special Storm Bolters Desc",
  "WC_Psycannon": "Psycannon",
  "WC_Psycannon_Description": "The [b:Psycannon] is a [b:Special Weapon].  This category unlocks unique upgrades for this class.",
  "WC_Psycannon_SubTitle": "Ranged Weapon",
  "WC_Psilencer": "Psilencer",
  "WC_Psilencer_Description": "The [b:Psilencer] is a [b:Special Weapon].  This category unlocks unique upgrades for this class.",
  "WC_Psilencer_SubTitle": "Ranged Weapon",
  "WC_Incinerator": "Incinerator",
  "WC_Incinerator_Description": "The [b:Incinerator] is a [b:Special Weapon].  This category unlocks unique upgrades for this class.",
  "WC_Incinerator_SubTitle": "Ranged Weapon",
  "WC_StormShield": "Storm Shield",
  "WC_StormShield_SubTitle": "Shield",
  "WC_Vakir_PlasmaPistol": "Power",
  "WC_Vakir_PlasmaPistol_SubTitle": "Ranged Weapon",
  "WC_Vakir_ArcheotechPistol": "Knowledge",
  "WC_Vakir_ArcheotechPistol_SubTitle": "Ranged Weapon",
  "EQUIPMENT_CLASS_TYPE_NAME_Ranged": "Ranged Weapons",
  "EQUIPMENT_CLASS_TYPE_DESC_Ranged": "Grey Knights can equip a variety of [b:Ranged Weapons].  Upgrades here affect all of them.",
  "EQUIPMENT_CLASS_TYPE_SUBTITLE_Ranged": "Weapon Group",
  "EQUIPMENT_CLASS_TYPE_NAME_Melee": "Melee Weapons",
  "EQUIPMENT_CLASS_TYPE_DESC_Melee": "Nemesis Force Weapons are the mainstay of the Grey Knights arsenal.  Upgrades here affect all [b:Melee Weapons].",
  "EQUIPMENT_CLASS_TYPE_SUBTITLE_Melee": "Weapon Group",
  "EQUIPMENT_CLASS_TYPE_NAME_Psyker": "Psyker Weapon",
  "EQUIPMENT_CLASS_TYPE_DESC_Psyker": "Psyker Weapon Desc",
  "EQUIPMENT_CLASS_TYPE_NAME_AOE": "AOE Weapon",
  "EQUIPMENT_CLASS_TYPE_DESC_AOE": "AOE Weapon Desc",
  "EQUIPMENT_CLASS_TYPE_NAME_Environment": "Environment",
  "EQUIPMENT_CLASS_TYPE_DESC_Environment": "Environment Desc",
  "EQUIPMENT_CLASS_TYPE_NAME_PowerArmour": "Power Armour",
  "EQUIPMENT_CLASS_TYPE_DESC_PowerArmour": "Power Armour Desc",
  "EQUIPMENT_CLASS_TYPE_NAME_TerminatorArmour": "Terminator Armour",
  "EQUIPMENT_CLASS_TYPE_DESC_TerminatorArmour": "Terminator Armour Desc",
  "EQUIPMENT_CLASS_TYPE_NAME_Grenade": "Grenades",
  "EQUIPMENT_CLASS_TYPE_DESC_Grenade": "[b:Grenades] provide limited Ammo attacks for your Knights. You can equip one [b:Grenade] type per Wargear slot.",
  "EQUIPMENT_CLASS_TYPE_SUBTITLE_Grenade": "Wargear",
  "EQUIPMENT_CLASS_TYPE_NAME_Skull": "Servo Skulls",
  "EQUIPMENT_CLASS_TYPE_DESC_Skull": "Servo Skulls provide limited use specialized abilities for your Grey Knight.  You can equip one Servo Skull per wargear slot.",
  "EQUIPMENT_CLASS_TYPE_SUBTITLE_Skull": "Wargear",
  "EQUIPMENT_CLASS_TYPE_NAME_Passive": "Passive Wargear",
  "EQUIPMENT_CLASS_TYPE_DESC_Passive": "Passive Wargear Desc",
  "EQUIPMENT_ALREADY_EQUIPPED_TITLE": "Already Equipped",
  "EQUIPMENT_ALREADY_EQUIPPED_DESCRIPTION": "Item {0} is already equipped on {1}, it will be unequipped if you proceed.",
  "EQUIPMENT_WARGEARTYPE_Grenade": "Grenades",
  "EQUIPMENT_WARGEARTYPE_Skull": "Skulls",
  "EQUIPMENT_WARGEARTYPE_Empty": "Empty",
  "EQUIPMENT_DETAIL_NAME_Smoke": "Smoke",
  "EQUIPMENT_DETAIL_DESC_Smoke": "All [b:Ranged Attacks] targeted from or into this [b:Hazard] deal [g:-4] DMG.",
  "EQUIPMENT_DETAIL_NAME_EnragedSkull": "Enraged",
  "EQUIPMENT_DETAIL_DESC_EnragedSkull": "While Afflicted, the target will only attack this Skull.",
  "EQUIPMENT_DETAIL_NAME_ExtractSeeds": "Extract Seeds",
  "EQUIPMENT_DETAIL_DESC_ExtractSeeds": "This Skull will [b:Extract Seeds], collecting all [b:Bloom Seeds] from the target.",
  "EQUIPMENT_DETAIL_NAME_CritChance": "CRIT",
  "EQUIPMENT_DETAIL_DESC_CritChance": "Gain [g:+{critChance}%] CRIT.",
  "EQUIPMENT_DETAIL_NAME_CritDamage": "CRIT DMG",
  "EQUIPMENT_DETAIL_DESC_CritDamage": "Gain [g:+{critDamage}] CRIT DMG.",
  "EQUIPMENT_Vakir_PlasmaPistol": "Power",
  "EQUIPMENT_Vakir_ArcheotechPistol": "Knowledge",
  "EQUIPMENT_ForceCommanderHalberd": "Force Commander's Halberd",
  "EQUIPMENT_Titansword": "Titansword",
  "EQUIPMENT_DraigoStormBolter": "Storm Bolter",
  "EQUIPMENT_ForceCommanderStormBolter": "Force Commander's Storm Bolter",
  "EQUIPMENT_GarranCroweStormBolter": "Crowe’s Storm Bolter",
  "EQUIPMENT_GarranCroweAntwyr": "Black Blade of Antwyr",
  "EQUIPMENT_FragGrenade": "Frag Grenade Tier 1",
  "EQUIPMENT_FragGrenade_2": "Frag Grenade Tier 2",
  "EQUIPMENT_FragGrenade_3": "Frag Grenade Tier 3",
  "EQUIPMENT_KrakGrenade": "Krak Grenade Tier 1",
  "EQUIPMENT_KrakGrenade_2": "Krak Grenade Tier 2",
  "EQUIPMENT_KrakGrenade_3": "Krak Grenade Tier 3",
  "EQUIPMENT_BlindGrenade": "Blind Grenade Tier 1",
  "EQUIPMENT_BlindGrenade_2": "Blind Grenade Tier 2",
  "EQUIPMENT_BlindGrenade_3": "Blind Grenade Tier 3",
  "EQUIPMENT_PsychotrokeGrenade": "Psychotroke Grenade Tier 1",
  "EQUIPMENT_PsychotrokeGrenade_2": "Psychotroke Grenade Tier 2",
  "EQUIPMENT_PsychotrokeGrenade_3": "Psychotroke Grenade Tier 3",
  "EQUIPMENT_PsykOutGrenade": "Psyk-Out Grenade Tier 1",
  "EQUIPMENT_PsykOutGrenade_2": "Psyk-Out Grenade Tier 2",
  "EQUIPMENT_PsykOutGrenade_3": "Psyk-Out Grenade Tier 3",
  "EQUIPMENT_EmpyreanBrainMine": "Empyrean Brain Mine Tier 1",
  "EQUIPMENT_EmpyreanBrainMine_2": "Empyrean Brain Mine Tier 2",
  "EQUIPMENT_EmpyreanBrainMine_3": "Empyrean Brain Mine Tier 3",
  "EQUIPMENT_SeekerSkull": "Seeker Skull Tier 1",
  "EQUIPMENT_SeekerSkull_2": "Seeker Skull Tier 2",
  "EQUIPMENT_SeekerSkull_3": "Seeker Skull Tier 3",
  "EQUIPMENT_MedicaeSkull": "Medicae Skull Tier 1",
  "EQUIPMENT_MedicaeSkull_2": "Medicae Skull Tier 2",
  "EQUIPMENT_MedicaeSkull_3": "Medicae Skull Tier 3",
  "EQUIPMENT_HailerSkull": "Hailer Skull Tier 1",
  "EQUIPMENT_HailerSkull_2": "Hailer Skull Tier 2",
  "EQUIPMENT_HailerSkull_3": "Hailer Skull Tier 3",
  "EQUIPMENT_ExtractorServoSkull": "Extractor Servo Skull",
  "EQUIPMENT_ApothecarionSkull": "Apothecarion Servo Skull",
  "EQUIPMENT_DisruptorServoSkull": "Disruptor Skull Tier 1",
  "EQUIPMENT_DisruptorServoSkull_2": "Disruptor Skull Tier 2",
  "EQUIPMENT_DisruptorServoSkull_3": "Disruptor Skull Tier 3",
  "EQUIPMENT_UnguentsOfWarding": "Unguents Of Warding Tier 1",
  "EQUIPMENT_UnguentsOfWarding_2": "Unguents Of Warding Tier 2",
  "EQUIPMENT_UnguentsOfWarding_3": "Unguents Of Warding Tier 3",
  "EQUIPMENT_EmblematicPauldron": "Emblematic Pauldron Tier 1",
  "EQUIPMENT_EmblematicPauldron_2": "Emblematic Pauldron Tier 2",
  "EQUIPMENT_EmblematicPauldron_3": "Emblematic Pauldron Tier 3",
  "EQUIPMENT_LiberDaemonicaPerfectus": "Liber Daemonicum Tier 1",
  "EQUIPMENT_LiberDaemonicaPerfectus_2": "Liber Daemonicum Tier 2",
  "EQUIPMENT_LiberDaemonicaPerfectus_3": "Liber Daemonicum Tier 3",
  "EQUIPMENT_BlessedGreaves": "Blessed Greaves Tier 1",
  "EQUIPMENT_BlessedGreaves_2": "Blessed Greaves Tier 2",
  "EQUIPMENT_BlessedGreaves_3": "Blessed Greaves Tier 3",
  "EQUIPMENT_SancticShard": "Sanctic Shard Tier 1",
  "EQUIPMENT_SancticShard_2": "Sanctic Shard Tier 2",
  "EQUIPMENT_SancticShard_3": "Sanctic Shard Tier 3",
  "EQUIPMENT_AuguriumScrolls": "Augurium Scrolls Tier 1",
  "EQUIPMENT_AuguriumScrolls_2": "Augurium Scrolls Tier 2",
  "EQUIPMENT_AuguriumScrolls_3": "Augurium Scrolls Tier 3",
  "EQUIPMENT_ArtisanNulliferMatrix": "Artisan Nullifer Matrix",
  "EQUIPMENT_SacredIncense": "Sacred Incense Tier 1",
  "EQUIPMENT_SacredIncense_2": "Sacred Incense Tier 2",
  "EQUIPMENT_SacredIncense_3": "Sacred Incense Tier 3",
  "EQUIPMENT_ExtendedMagazine": "Extended Magazine Tier 1",
  "EQUIPMENT_ExtendedMagazine_2": "Extended Magazine Tier 2",
  "EQUIPMENT_ExtendedMagazine_3": "Extended Magazine Tier 3",
  "EQUIPMENT_PuritySealOfPrecision": "Purity Seal Of Precision",
  "EQUIPMENT_RangedCritDmg": "Enhanced Autosenses Tier 1",
  "EQUIPMENT_RangedCritDmg_2": "Enhanced Autosenses Tier 2",
  "EQUIPMENT_RangedCritDmg_3": "Enhanced Autosenses Tier 3",
  "EQUIPMENT_DominaLiberDaemonica": "Domina Liber Daemonica",
  "EQUIPMENT_VakirRosarius": "Vakir's Rosarius",
  "EQUIPMENT_CultistFist": "Cultist Fist",
  "EQUIPMENT_Autogun": "Autogun",
  "EQUIPMENT_GrenadeLauncher": "Grenade Launcher",
  "EQUIPMENT_HeavyStubber": "Heavy Stubber",
  "EQUIPMENT_CultistVoxStave": "Cultist Vox Stave",
  "EQUIPMENT_CultistVoxStave_Tentacles": "Cultist Vox Stave",
  "EQUIPMENT_PlagueBelcher": "Plague Belcher",
  "EQUIPMENT_Boltgun": "Boltgun",
  "EQUIPMENT_Boltgun_Mutated": "Boltgun",
  "EQUIPMENT_PlasmaPistol": "Plasma Pistol",
  "EQUIPMENT_FistOfTheWalkingPox": "Fist of the Walking Pox",
  "EQUIPMENT_PoxKnife": "Improvised Weapon",
  "EQUIPMENT_PoxWrench": "Improvised Weapon",
  "EQUIPMENT_GroanFist": "Groaned Poxwalker Fist",
  "EQUIPMENT_BloatedFist": "Bloated Poxwalker Fist",
  "EQUIPMENT_PlagueKnife": "Plague Knife",
  "EQUIPMENT_Plaguesword": "Plaguesword",
  "EQUIPMENT_Plaguesword_Mutated": "Extended Plaguesword",
  "EQUIPMENT_PlaguebearerClaw": "Plaguebearer Claw",
  "EQUIPMENT_PlaguebearerClaw_Mutated": "Mutated Crab Hand",
  "EQUIPMENT_Baelsword": "Balesword",
  "EQUIPMENT_Baelsword_Mutated": "Balesword Mutated",
  "EQUIPMENT_DaemonicIcon": "Daemonic Icon",
  "EQUIPMENT_DaemonicIcon_Mutated": "Daemonic Icon Mutated",
  "EQUIPMENT_PlasmaCannon": "Plasma Cannon",
  "EQUIPMENT_PowerScourge": "Power Scourge",
  "EQUIPMENT_PowerFist": "Power Fist",
  "EQUIPMENT_BuboticAxe": "Bubotic Axe",
  "EQUIPMENT_ReaperAutoCannon": "Reaper Autocannon",
  "EQUIPMENT_WrathAxe": "Wrath Axe",
  "EQUIPMENT_Hellblade": "Hellblade",
  "EQUIPMENT_ErekhulFist": "Erekhul Fist",
  "EQUIPMENT_FlailOfCorruption": "Flail Of Corruption",
  "EQUIPMENT_PlagueShield": "Plague Shield",
  "EQUIPMENT_PlagueShield_Mutated": "Plague Shield",
  "EQUIPMENT_FragMissileLauncher": "Frag Missile Launcher",
  "EQUIPMENT_FragMissileLauncher_FragHorn": "Frag Missile Launcher",
  "EQUIPMENT_MultiMelta": "Multi-Melta",
  "EQUIPMENT_MultiMelta_MeltaSpikes": "Multi-Melta",
  "EQUIPMENT_HeavyBlightLauncher": "Heavy Blight Launcher",
  "EQUIPMENT_HeavyBlightLauncher_Mutated": "Heavy Blight Launcher",
  "EQUIPMENT_MaleficTalon": "Malefic Talon",
  "EQUIPMENT_MaleficTalon_Upgraded": "Malefic Talon",
  "EQUIPMENT_MaleficTalon_Ranged": "Bell Staff",
  "EQUIPMENT_CrabArm": "Crab Arm",
  "EQUIPMENT_ChaosSpawnFist": "Chaos Spawn Fist",
  "EQUIPMENT_PlagueFlail": "Plague Flail",
  "EQUIPMENT_DoomsdayBell": "Doomsday Bell",
  "EQUIPMENT_RotCannon": "Rot Cannon",
  "EQUIPMENT_RotCleaver": "Rot Cleaver",
  "EQUIPMENT_LaserDestructor": "Laser Destructor",
  "EQUIPMENT_Cruciatus_HeavyStubber": "Heavy Stubber",
  "EQUIPMENT_ThunderStrikeGauntlet": "Thunder Strike Gauntlet",
  "EQUIPMENT_BileSword": "Bilesword",
  "EQUIPMENT_Bileblade": "Bileblade",
  "EQUIPMENT_Lantern": "Lantern",
  "EQUIPMENT_Silence": "Silence",
  "EQUIPMENT_MunificusMouth": "Mouth",
  "EQUIPMENT_MunificusPusSac_Left": "Left Pus Sac",
  "EQUIPMENT_MunificusPusSac_Right": "Right Pus Sac",
  "EQUIPMENT_MunificusNeedler_Left": "Left Needler",
  "EQUIPMENT_MunificusNeedler_Right": "Right Needler",
  "EQUIPMENT_MunificusMucusLauncher_Left": "Left Mucal Launcher",
  "EQUIPMENT_MunificusMucusLauncher_Right": "Right Mucal Launcher",
  "EQUIPMENT_MunificusMucusLauncher_Left_Mutated": "Left Mucal Launcher",
  "EQUIPMENT_MunificusMucusLauncher_Right_Mutated": "Right Mucal Launcher",
  "EQUIPMENT_MunificusDiseasedTalons_Left": "Left Talon",
  "EQUIPMENT_MunificusDiseasedTalons_Right": "Right Talon",
  "EQUIPMENT_MunificusTail": "Tail",
  "EQUIPMENT_MunificusFleshyAbundance_Left": "Left Fleshy Abundance",
  "EQUIPMENT_MunificusFleshyAbundance_Right": "Right Fleshy Abundance",
  "WEAPON_TYPE_Melee": "Melee Weapon",
  "WEAPON_TYPE_Ranged": "Ranged Weapon",
  "WEAPON_TYPE_AOE": "Area Weapon",
  "WEAPON_Multi_Ability_Display": "Gives access to {0}."
}