{
  "Aegir": "Aegir",
  "Agravald": "Agravald",
  "Alaric": "Alaric",
  "Aldred": "Aldred",
  "Anval": "Anval",
  "Aurellian": "Aurellian",
  "Balan": "Balan",
  "Balwyr": "Balwyr",
  "Beltic": "Beltic",
  "Borhan": "Borhan",
  "Caddon": "Caddon",
  "Cador": "Cador",
  "Cadrus": "Cadrus",
  "Caesarian": "Caesarian",
  "Cephalus": "Cephalus",
  "Chemuel": "Chemuel",
  "Corax": "Corax",
  "Crius": "Crius",
  "Darig": "Darig",
  "Dris": "Dris",
  "Durwyn": "Durwyn",
  "Dyrus": "Dyrus",
  "Eamon": "Eamon",
  "Ector": "Ector",
  "Eldwin": "Eldwin",
  "Elhum": "Elhum",
  "Felthrynn": "Felthrynn",
  "Gal": "Gal",
  "Gared": "Gared",
  "Genhain": "Genhain",
  "Gero": "Gero",
  "Gulvarn": "Gulvarn",
  "Gunder": "Gunder",
  "Gunderis": "Gunderis",
  "Hahl": "Hahl",
  "Henric": "Henric",
  "Ilias": "Ilias",
  "Ionas": "Ionas",
  "Jakon": "Jakon",
  "Justinian": "Justinian",
  "Kalman": "Kalman",
  "Khedrin": "Khedrin",
  "Kiel": "Kiel",
  "Krask": "Krask",
  "Leofric": "Leofric",
  "Loric": "Loric",
  "Lucan": "Lucan",
  "Malik": "Malik",
  "Mithrac": "Mithrac",
  "Nematon": "Nematon",
  "Oberon": "Oberon",
  "Olric": "Olric",
  "Orhron": "Orhron",
  "Osman": "Osman",
  "Pelleas": "Pelleas",
  "Proteus": "Proteus",
  "Rathoman": "Rathoman",
  "Rian": "Rian",
  "Scythian": "Scythian",
  "Sirus": "Sirus",
  "Tancred": "Tancred",
  "Tao": "Tao",
  "Tarik": "Tarik",
  "Tarvus": "Tarvus",
  "Tauros": "Tauros",
  "Torvald": "Torvald",
  "Tregwyr": "Tregwyr",
  "Tychon": "Tychon",
  "Ulwyn": "Ulwyn",
  "Uresthe": "Uresthe",
  "Vitold": "Vitold",
  "Voldred": "Voldred",
  "Xedric": "Xedric",
  "Yullus": "Yullus",
  "Zephyr": "Zephyr",
  "Kartha": "Kartha",
  "Kaldor": "Kaldor",
  "Castellan": "Castellan",
  "Garran": "Garran",
  "Commander": "Commander",
  "Adantor": "Adantor",
  "Aelvar": "Aelvar",
  "Aldar": "Aldar",
  "Arelis": "Arelis",
  "Bhask": "Bhask",
  "Bors": "Bors",
  "Cadulon": "Cadulon",
  "Corvane": "Corvane",
  "Crassus": "Crassus",
  "Dalmar": "Dalmar",
  "Decran": "Decran",
  "Durant": "Durant",
  "Dvorn": "Dvorn",
  "Edeon": "Edeon",
  "Elgon": "Elgon",
  "Esdrios": "Esdrios",
  "Garedian": "Garedian",
  "Garr": "Garr",
  "Gul": "Gul",
  "Hale": "Hale",
  "Harne": "Harne",
  "Ignatius": "Ignatius",
  "Invio": "Invio",
  "Iolanthus": "Iolanthus",
  "Issad": "Issad",
  "Kai": "Kai",
  "Kain": "Kain",
  "Kalmar": "Kalmar",
  "Kern": "Kern",
  "Malchus": "Malchus",
  "Massius": "Massius",
  "Myr": "Myr",
  "Nedth": "Nedth",
  "Neodan": "Neodan",
  "Palamedes": "Palamedes",
  "Pardum": "Pardum",
  "Phoros": "Phoros",
  "Rao": "Rao",
  "Rugan": "Rugan",
  "Rythvane": "Rythvane",
  "Santor": "Santor",
  "Solor": "Solor",
  "Sorak": "Sorak",
  "Storm": "Storm",
  "Tarn": "Tarn",
  "Tekios": "Tekios",
  "Thawn": "Thawn",
  "Thule": "Thule",
  "Tor": "Tor",
  "Trevan": "Trevan",
  "Tydes": "Tydes",
  "Uther": "Uther",
  "Valdar": "Valdar",
  "Varn": "Varn",
  "Vorn": "Vorn",
  "Vortimer": "Vortimer",
  "Zaebus": "Zaebus",
  "Vakir": "Vakir",
  "Draigo": "Draigo",
  "Crowe": "Crowe",
  "Agravain": "Agravain"
}