{
  "MUTATION_ALL": "Mutation: All",
  "MUTATION_UNAVAILABLE": "Unavailable",
  "MUTATION_NAME_PlagueBearer_Resistance": "Resistance",
  "MUTATION_NAME_PlagueBearer_Armour": "Armour",
  "MUTATION_NAME_PlagueBearer_Drain": "Drain",
  "MUTATION_NAME_PlagueBearer_Damage": "Melee Damage",
  "MUTATION_NAME_PlagueBearer_HP": "HP",
  "MUTATION_NAME_PlagueBearer_Resurrection": "Resurrection",
  "MUTATION_DESC_PlagueBearer_Resistance": "+50% Resistance",
  "MUTATION_DESC_PlagueBearer_Armour": "+2 Armour",
  "MUTATION_DESC_PlagueBearer_Drain": "Melee: Drained",
  "MUTATION_DESC_PlagueBearer_Damage": "Melee: +2 Dmg",
  "MUTATION_DESC_PlagueBearer_HP": "+4 HP",
  "MUTATION_DESC_PlagueBearer_Resurrection": "Auto (Resurrect, 100%)",
  "MUTATION_NAME_PlagueRidden_Resistance": "Resistance",
  "MUTATION_NAME_PlagueRidden_Armour": "Armour",
  "MUTATION_NAME_PlagueRidden_Drain": "Drain",
  "MUTATION_NAME_PlagueRidden_Damage": "Damage",
  "MUTATION_NAME_PlagueRidden_HP": "HP",
  "MUTATION_NAME_PlagueRidden_Resurrection": "Resurrection",
  "MUTATION_DESC_PlagueRidden_Resistance": "+100% Resistance",
  "MUTATION_DESC_PlagueRidden_Armour": "+2 Armour",
  "MUTATION_DESC_PlagueRidden_Drain": "Attacks: Drained",
  "MUTATION_DESC_PlagueRidden_Damage": "+2 Dmg",
  "MUTATION_DESC_PlagueRidden_HP": "+6 HP",
  "MUTATION_DESC_PlagueRidden_Resurrection": "Auto (Resurrect, 100%)",
  "MUTATION_NAME_Poxwalker_Resistance": "Resistance",
  "MUTATION_NAME_Poxwalker_Armour": "Armour",
  "MUTATION_NAME_Poxwalker_Drain": "Drain",
  "MUTATION_NAME_Poxwalker_MeleeDamage": "Melee Damage",
  "MUTATION_NAME_Poxwalker_HP": "HP",
  "MUTATION_NAME_Poxwalker_Movement": "Movement",
  "MUTATION_DESC_Poxwalker_Resistance": "+50% Resistance",
  "MUTATION_DESC_Poxwalker_Armour": "+2 Armour",
  "MUTATION_DESC_Poxwalker_Drain": "Melee: Drained",
  "MUTATION_DESC_Poxwalker_MeleeDamage": "Melee: +1 Dmg",
  "MUTATION_DESC_Poxwalker_HP": "+2 HP",
  "MUTATION_DESC_Poxwalker_Movement": "+1 Move",
  "MUTATION_NAME_BlightLordTerminator_Resistance": "Resistance",
  "MUTATION_NAME_BlightLordTerminator_Armour": "Armour",
  "MUTATION_NAME_BlightLordTerminator_Drain": "Drain",
  "MUTATION_NAME_BlightLordTerminator_Damage": "Damage",
  "MUTATION_NAME_BlightLordTerminator_HP": "HP",
  "MUTATION_NAME_BlightLordTerminator_BlightGrenade": "Blight Grenade",
  "MUTATION_DESC_BlightLordTerminator_Resistance": "+50% Resistance",
  "MUTATION_DESC_BlightLordTerminator_Armour": "+3 Armour",
  "MUTATION_DESC_BlightLordTerminator_Drain": "Attacks: Drained",
  "MUTATION_DESC_BlightLordTerminator_Damage": "+1 Dmg",
  "MUTATION_DESC_BlightLordTerminator_HP": "+4 HP",
  "MUTATION_DESC_BlightLordTerminator_BlightGrenade": "Grenade: +1 Area",
  "MUTATION_NAME_BlightLordChampion_Resistance": "Resistance",
  "MUTATION_NAME_BlightLordChampion_Armour": "Armour",
  "MUTATION_NAME_BlightLordChampion_Drain": "Drain",
  "MUTATION_NAME_BlightLordChampion_Damage": "Damage",
  "MUTATION_NAME_BlightLordChampion_HP": "HP",
  "MUTATION_NAME_BlightLordChampion_CritDefense": "Crit Defense",
  "MUTATION_DESC_BlightLordChampion_Resistance": "+100% Resistance",
  "MUTATION_DESC_BlightLordChampion_Armour": "+3 Armour",
  "MUTATION_DESC_BlightLordChampion_Drain": "Attacks: Drained",
  "MUTATION_DESC_BlightLordChampion_Damage": "+2 Dmg",
  "MUTATION_DESC_BlightLordChampion_HP": "+8 HP",
  "MUTATION_DESC_BlightLordChampion_CritDefense": "-25% CRIT Vulnerability",
  "MUTATION_NAME_HelBrute_Resistance": "Resistance",
  "MUTATION_NAME_HelBrute_Armour": "Armour",
  "MUTATION_NAME_HelBrute_Drain": "Drain",
  "MUTATION_NAME_HelBrute_Damage": "Damage",
  "MUTATION_NAME_HelBrute_HP": "HP",
  "MUTATION_NAME_HelBrute_CritDefense": "Crit Defense",
  "MUTATION_DESC_HelBrute_Resistance": "+100% Resistance",
  "MUTATION_DESC_HelBrute_Armour": "+4 Armour",
  "MUTATION_DESC_HelBrute_Drain": "Attacks: Drained",
  "MUTATION_DESC_HelBrute_Damage": "+2 Dmg",
  "MUTATION_DESC_HelBrute_HP": "+8 HP",
  "MUTATION_DESC_HelBrute_CritDefense": "-25% CRIT Vulnerability",
  "MUTATION_NAME_PlagueChampion_Resistance": "Resistance",
  "MUTATION_NAME_PlagueChampion_Armour": "Armour",
  "MUTATION_NAME_PlagueChampion_Drain": "Drain",
  "MUTATION_NAME_PlagueChampion_Damage": "Damage",
  "MUTATION_NAME_PlagueChampion_HP": "HP",
  "MUTATION_NAME_PlagueChampion_Orders": "Orders",
  "MUTATION_DESC_PlagueChampion_Resistance": "+100% Resistance",
  "MUTATION_DESC_PlagueChampion_Armour": "+3 Armour",
  "MUTATION_DESC_PlagueChampion_Drain": "Attacks: Drained",
  "MUTATION_DESC_PlagueChampion_Damage": "+2 Dmg",
  "MUTATION_DESC_PlagueChampion_HP": "+6 HP",
  "MUTATION_DESC_PlagueChampion_Orders": "Orders: +1 Area",
  "MUTATION_NAME_PlagueMarine_Belcher_Resistance": "Resistance",
  "MUTATION_NAME_PlagueMarine_Belcher_Armour": "Armour",
  "MUTATION_NAME_PlagueMarine_Belcher_Drain": "Drain",
  "MUTATION_NAME_PlagueMarine_Belcher_Damage": "Damage",
  "MUTATION_NAME_PlagueMarine_Belcher_HP": "HP",
  "MUTATION_NAME_PlagueMarine_Belcher_DisgustinglyResilient": "Disgustingly Resilient",
  "MUTATION_NAME_PlagueMarine_Boltgun_Resistance": "Resistance",
  "MUTATION_NAME_PlagueMarine_Boltgun_Armour": "Armour",
  "MUTATION_NAME_PlagueMarine_Boltgun_Drain": "Drain",
  "MUTATION_NAME_PlagueMarine_Boltgun_Damage": "Damage",
  "MUTATION_NAME_PlagueMarine_Boltgun_HP": "HP",
  "MUTATION_NAME_PlagueMarine_Boltgun_DisgustinglyResilient": "Disgustingly Resilient",
  "MUTATION_DESC_PlagueMarine_Belcher_Resistance": "+50% Resistance",
  "MUTATION_DESC_PlagueMarine_Belcher_Armour": "+2 Armour",
  "MUTATION_DESC_PlagueMarine_Belcher_Drain": "Attacks: Drained",
  "MUTATION_DESC_PlagueMarine_Belcher_Damage": "+1 Dmg",
  "MUTATION_DESC_PlagueMarine_Belcher_HP": "+4 HP",
  "MUTATION_DESC_PlagueMarine_Belcher_DisgustinglyResilient": "Disgustingly Resilient: +2 Heal",
  "MUTATION_DESC_PlagueMarine_Boltgun_Resistance": "+50% Resistance",
  "MUTATION_DESC_PlagueMarine_Boltgun_Armour": "+2 Armour",
  "MUTATION_DESC_PlagueMarine_Boltgun_Drain": "Attacks: Drained",
  "MUTATION_DESC_PlagueMarine_Boltgun_Damage": "+1 Dmg",
  "MUTATION_DESC_PlagueMarine_Boltgun_HP": "+4 HP",
  "MUTATION_DESC_PlagueMarine_Boltgun_DisgustinglyResilient": "Disgustingly Resilient: +2 Heal",
  "MUTATION_NAME_Cultist_Autogun_Resistance": "Resistance",
  "MUTATION_NAME_Cultist_Autogun_Armour": "Armour",
  "MUTATION_NAME_Cultist_Autogun_Drain": "Drain",
  "MUTATION_NAME_Cultist_Autogun_Damage": "Damage",
  "MUTATION_NAME_Cultist_Autogun_HP": "HP",
  "MUTATION_NAME_Cultist_Autogun_Range": "Range",
  "MUTATION_DESC_Cultist_Autogun_Resistance": "+50% Resistance",
  "MUTATION_DESC_Cultist_Autogun_Armour": "+2 Armour",
  "MUTATION_DESC_Cultist_Autogun_Drain": "Autogun: Drained",
  "MUTATION_DESC_Cultist_Autogun_Damage": "Autogun: +1 Dmg",
  "MUTATION_DESC_Cultist_Autogun_HP": "+2 HP",
  "MUTATION_DESC_Cultist_Autogun_Range": "Autogun: +4 Range",
  "MUTATION_NAME_Cultist_HeavyStubber_Resistance": "Resistance",
  "MUTATION_NAME_Cultist_HeavyStubber_Armour": "Armour",
  "MUTATION_NAME_Cultist_HeavyStubber_Drain": "Drain",
  "MUTATION_NAME_Cultist_HeavyStubber_Damage": "Damage",
  "MUTATION_NAME_Cultist_HeavyStubber_HP": "HP",
  "MUTATION_NAME_Cultist_HeavyStubber_Range": "Range",
  "MUTATION_DESC_Cultist_HeavyStubber_Resistance": "+50% Resistance",
  "MUTATION_DESC_Cultist_HeavyStubber_Armour": "+2 Armour",
  "MUTATION_DESC_Cultist_HeavyStubber_Drain": "Heavy Stubber: Drained",
  "MUTATION_DESC_Cultist_HeavyStubber_Damage": "Heavy Stubber: +1 Dmg",
  "MUTATION_DESC_Cultist_HeavyStubber_HP": "+2 HP",
  "MUTATION_DESC_Cultist_HeavyStubber_Range": "Heavy Stubber: +4 Range",
  "MUTATION_NAME_Cultist_Grenader_Resistance": "Resistance",
  "MUTATION_NAME_Cultist_Grenader_Armour": "Armour",
  "MUTATION_NAME_Cultist_Grenader_Drain": "Drain",
  "MUTATION_NAME_Cultist_Grenader_Damage": "Damage",
  "MUTATION_NAME_Cultist_Grenader_HP": "HP",
  "MUTATION_NAME_Cultist_Grenader_Area": "Range",
  "MUTATION_DESC_Cultist_Grenader_Resistance": "+50% Resistance",
  "MUTATION_DESC_Cultist_Grenader_Armour": "+2 Armour",
  "MUTATION_DESC_Cultist_Grenader_Drain": "Grenades: Drained",
  "MUTATION_DESC_Cultist_Grenader_Damage": "Grenades: +2 Dmg",
  "MUTATION_DESC_Cultist_Grenader_HP": "+2 HP",
  "MUTATION_DESC_Cultist_Grenader_Area": "Grenades: +1 Area",
  "MUTATION_NAME_ApostatePreacher_Resistance": "Resistance",
  "MUTATION_NAME_ApostatePreacher_Armour": "Armour",
  "MUTATION_NAME_ApostatePreacher_Drain": "Drain",
  "MUTATION_NAME_ApostatePreacher_Damage": "Damage",
  "MUTATION_NAME_ApostatePreacher_HP": "HP",
  "MUTATION_NAME_ApostatePreacher_SwollenFlesh": "Swollen Flesh",
  "MUTATION_DESC_ApostatePreacher_Resistance": "+50% Resistance",
  "MUTATION_DESC_ApostatePreacher_Armour": "+2 Armour",
  "MUTATION_DESC_ApostatePreacher_Drain": "Attacks: Drained",
  "MUTATION_DESC_ApostatePreacher_Damage": "+1 Dmg",
  "MUTATION_DESC_ApostatePreacher_HP": "+2 HP",
  "MUTATION_DESC_ApostatePreacher_SwollenFlesh": "Swollen Flesh: +2 Armour",
  "MUTATION_NAME_MyphiticBlightHauler_Resistance": "Resistance",
  "MUTATION_NAME_MyphiticBlightHauler_Armour": "Armour",
  "MUTATION_NAME_MyphiticBlightHauler_Drain": "Drain",
  "MUTATION_NAME_MyphiticBlightHauler_Damage": "Damage",
  "MUTATION_NAME_MyphiticBlightHauler_HP": "HP",
  "MUTATION_NAME_MyphiticBlightHauler_CritDefense": "Crit Defense",
  "MUTATION_DESC_MyphiticBlightHauler_Resistance": "+50% Resistance",
  "MUTATION_DESC_MyphiticBlightHauler_Armour": "+4 Armour",
  "MUTATION_DESC_MyphiticBlightHauler_Drain": "Attacks: Drained",
  "MUTATION_DESC_MyphiticBlightHauler_Damage": "+2 Dmg",
  "MUTATION_DESC_MyphiticBlightHauler_HP": "+2 HP",
  "MUTATION_DESC_MyphiticBlightHauler_CritDefense": "-25% CRIT Vulnerability",
  "MUTATION_NAME_ChaosSpawn_Resistance": "Resistance",
  "MUTATION_NAME_ChaosSpawn_Armour": "Armour",
  "MUTATION_NAME_ChaosSpawn_Drain": "Drain",
  "MUTATION_NAME_ChaosSpawn_Damage": "Damage",
  "MUTATION_NAME_ChaosSpawn_HP": "HP",
  "MUTATION_NAME_ChaosSpawn_FoulRegeneration": "Foul Regeneration",
  "MUTATION_DESC_ChaosSpawn_Resistance": "+100% Resistance",
  "MUTATION_DESC_ChaosSpawn_Armour": "+4 Armour",
  "MUTATION_DESC_ChaosSpawn_Drain": "Attacks: Drained",
  "MUTATION_DESC_ChaosSpawn_Damage": "+2 Dmg",
  "MUTATION_DESC_ChaosSpawn_HP": "+9 HP",
  "MUTATION_DESC_ChaosSpawn_FoulRegeneration": "Foul Regeneration: +50% Restore Body Part",
  "MUTATION_NAME_FoetidBloatDrone_Resistance": "Resistance",
  "MUTATION_NAME_FoetidBloatDrone_Armour": "Armour",
  "MUTATION_NAME_FoetidBloatDrone_Drain": "Drain",
  "MUTATION_NAME_FoetidBloatDrone_Damage": "Damage",
  "MUTATION_NAME_FoetidBloatDrone_HP": "HP",
  "MUTATION_NAME_FoetidBloatDrone_Area": "Area",
  "MUTATION_DESC_FoetidBloatDrone_Resistance": "+50% Resistance",
  "MUTATION_DESC_FoetidBloatDrone_Armour": "+4 Armour",
  "MUTATION_DESC_FoetidBloatDrone_Drain": "Attacks: Drained",
  "MUTATION_DESC_FoetidBloatDrone_Damage": "+2 Dmg",
  "MUTATION_DESC_FoetidBloatDrone_HP": "+4 HP",
  "MUTATION_DESC_FoetidBloatDrone_Area": "Blight Launcher: +1 Area",
  "MUTATION_NAME_BloatedPoxwalker_DieOnMutate": "Unstable",
  "MUTATION_DESC_BloatedPoxwalker_DieOnMutate": "Explode",
  "MUTATION_NAME_Munificus_BileSpray_1": "Bile Spray 1",
  "MUTATION_DESC_Munificus_BileSpray_1": "Mutation: Bile Spray 1",
  "MUTATION_NAME_Munificus_BileSpray_2": "Bile Spray 2",
  "MUTATION_DESC_Munificus_BileSpray_2": "Mutation: Bile Spray 2",
  "MUTATION_NAME_Munificus_BileSpray_3": "Bile Spray 3",
  "MUTATION_DESC_Munificus_BileSpray_3": "Mutation: Bile Spray 3",
  "MUTATION_NAME_Munificus_DiseasedTalonsAbility_Left_1": "Diseased Talon 1 (Left)",
  "MUTATION_DESC_Munificus_DiseasedTalonsAbility_Left_1": "Mutation: Diseased Talon 1 (Left)",
  "MUTATION_NAME_Munificus_DiseasedTalonsAbility_Left_2": "Diseased Talon 2 (Left)",
  "MUTATION_DESC_Munificus_DiseasedTalonsAbility_Left_2": "Mutation: Diseased Talon 2 (Left)",
  "MUTATION_NAME_Munificus_DiseasedTalonsAbility_Left_3": "Diseased Talon 3 (Left)",
  "MUTATION_DESC_Munificus_DiseasedTalonsAbility_Left_3": "Mutation: Diseased Talon 3 (Left)",
  "MUTATION_NAME_Munificus_DiseasedTalonsAbility_Right_1": "Diseased Talon 1 (Right)",
  "MUTATION_DESC_Munificus_DiseasedTalonsAbility_Right_1": "Mutation: Diseased Talon 1 (Right)",
  "MUTATION_NAME_Munificus_DiseasedTalonsAbility_Right_2": "Diseased Talon 2 (Right)",
  "MUTATION_DESC_Munificus_DiseasedTalonsAbility_Right_2": "Mutation: Diseased Talon 2 (Right)",
  "MUTATION_NAME_Munificus_DiseasedTalonsAbility_Right_3": "Diseased Talon 3 (Right)",
  "MUTATION_DESC_Munificus_DiseasedTalonsAbility_Right_3": "Mutation: Diseased Talon 3 (Right)",
  "MUTATION_NAME_Munificus_NeedleSprayAbility_Left_1": "Needle Spray 1 (Left)",
  "MUTATION_DESC_Munificus_NeedleSprayAbility_Left_1": "Mutation: Needle Spray 1 (Left)",
  "MUTATION_NAME_Munificus_NeedleSprayAbility_Left_2": "Needle Spray 2 (Left)",
  "MUTATION_DESC_Munificus_NeedleSprayAbility_Left_2": "Mutation: Needle Spray 2 (Left)",
  "MUTATION_NAME_Munificus_NeedleSprayAbility_Left_3": "Needle Spray 3 (Left)",
  "MUTATION_DESC_Munificus_NeedleSprayAbility_Left_3": "Mutation: Needle Spray 3 (Left)",
  "MUTATION_NAME_Munificus_NeedleSprayAbility_Right_1": "Needle Spray 1 (Right)",
  "MUTATION_DESC_Munificus_NeedleSprayAbility_Right_1": "Mutation: Needle Spray 1 (Right)",
  "MUTATION_NAME_Munificus_NeedleSprayAbility_Right_2": "Needle Spray 2 (Right)",
  "MUTATION_DESC_Munificus_NeedleSprayAbility_Right_2": "Mutation: Needle Spray 2 (Right)",
  "MUTATION_NAME_Munificus_NeedleSprayAbility_Right_3": "Needle Spray 3 (Right)",
  "MUTATION_DESC_Munificus_NeedleSprayAbility_Right_3": "Mutation: Needle Spray 3 (Right)",
  "MUTATION_NAME_Munificus_MucalBlast_Left_1": "Mucal Blast 1 (Left)",
  "MUTATION_DESC_Munificus_MucalBlast_Left_1": "Mutation: Mucal Blast 1 (Left)",
  "MUTATION_NAME_Munificus_MucalBlast_Left_2": "Mucal Blast 2 (Left)",
  "MUTATION_DESC_Munificus_MucalBlast_Left_2": "Mutation: Mucal Blast 2 (Left)",
  "MUTATION_NAME_Munificus_MucalBlast_Left_3": "Mucal Blast 3 (Left)",
  "MUTATION_DESC_Munificus_MucalBlast_Left_3": "Mutation: Mucal Blast 3 (Left)",
  "MUTATION_NAME_Munificus_MucalBlast_Right_1": "Mucal Blast 1 (Right)",
  "MUTATION_DESC_Munificus_MucalBlast_Right_1": "Mutation: Mucal Blast 1 (Right)",
  "MUTATION_NAME_Munificus_MucalBlast_Right_2": "Mucal Blast 2 (Right)",
  "MUTATION_DESC_Munificus_MucalBlast_Right_2": "Mutation: Mucal Blast 2 (Right)",
  "MUTATION_NAME_Munificus_MucalBlast_Right_3": "Mucal Blast 3 (Right)",
  "MUTATION_DESC_Munificus_MucalBlast_Right_3": "Mutation: Mucal Blast 3 (Right)",
  "MUTATION_NAME_Munificus_ProjectilePus_Left_1": "Projectile Pus 1 (Left)",
  "MUTATION_DESC_Munificus_ProjectilePus_Left_1": "Mutation: Projectile Pus 1 (Left)",
  "MUTATION_NAME_Munificus_ProjectilePus_Left_2": "Projectile Pus 2 (Left)",
  "MUTATION_DESC_Munificus_ProjectilePus_Left_2": "Mutation: Projectile Pus 2 (Left)",
  "MUTATION_NAME_Munificus_ProjectilePus_Left_3": "Projectile Pus 3 (Left)",
  "MUTATION_DESC_Munificus_ProjectilePus_Left_3": "Mutation: Projectile Pus 3 (Left)",
  "MUTATION_NAME_Munificus_ProjectilePus_Right_1": "Projectile Pus 1 (Right)",
  "MUTATION_DESC_Munificus_ProjectilePus_Right_1": "Mutation: Projectile Pus 1 (Right)",
  "MUTATION_NAME_Munificus_ProjectilePus_Right_2": "Projectile Pus 2 (Right)",
  "MUTATION_DESC_Munificus_ProjectilePus_Right_2": "Mutation: Projectile Pus 2 (Right)",
  "MUTATION_NAME_Munificus_ProjectilePus_Right_3": "Projectile Pus 3 (Right)",
  "MUTATION_DESC_Munificus_ProjectilePus_Right_3": "Mutation: Projectile Pus 3 (Right)",
  "MUTATION_NAME_Munificus_FleshyAbundanceAbility_Left_1": "Bash 1 (Left)",
  "MUTATION_DESC_Munificus_FleshyAbundanceAbility_Left_1": "Mutation: Bash 1 (Left)",
  "MUTATION_NAME_Munificus_FleshyAbundanceAbility_Left_2": "Bash 2 (Left)",
  "MUTATION_DESC_Munificus_FleshyAbundanceAbility_Left_2": "Mutation: Bash 2 (Left)",
  "MUTATION_NAME_Munificus_FleshyAbundanceAbility_Left_3": "Bash 3 (Left)",
  "MUTATION_DESC_Munificus_FleshyAbundanceAbility_Left_3": "Mutation: Bash 3 (Left)",
  "MUTATION_NAME_Munificus_FleshyAbundanceAbility_Right_1": "Bash 1 (Right)",
  "MUTATION_DESC_Munificus_FleshyAbundanceAbility_Right_1": "Mutation: Bash 1 (Right)",
  "MUTATION_NAME_Munificus_FleshyAbundanceAbility_Right_2": "Bash 2 (Right)",
  "MUTATION_DESC_Munificus_FleshyAbundanceAbility_Right_2": "Mutation: Bash 2 (Right)",
  "MUTATION_NAME_Munificus_FleshyAbundanceAbility_Right_3": "Bash 3 (Right)",
  "MUTATION_DESC_Munificus_FleshyAbundanceAbility_Right_3": "Mutation: Bash 3 (Right)",
  "MUTATION_NAME_Munificus_TailSnap_1": "Tail Snap 1",
  "MUTATION_DESC_Munificus_TailSnap_1": "Mutation: Tail Snap 1",
  "MUTATION_NAME_Munificus_TailSnap_2": "Tail Snap 2",
  "MUTATION_DESC_Munificus_TailSnap_2": "Mutation: Tail Snap 2",
  "MUTATION_NAME_Munificus_TailSnap_3": "Tail Snap 3",
  "MUTATION_DESC_Munificus_TailSnap_3": "Mutation: Tail Snap 3",
  "MUTATION_NAME_Munificus_SuppuratingHeart_1": "Suppurating Heart 1",
  "MUTATION_DESC_Munificus_SuppuratingHeart_1": "Mutation: Suppurating Heart 1",
  "MUTATION_NAME_Munificus_SuppuratingHeart_2": "Suppurating Heart 2",
  "MUTATION_DESC_Munificus_SuppuratingHeart_2": "Mutation: Suppurating Heart 2",
  "MUTATION_NAME_Munificus_SuppuratingHeart_3": "Suppurating Heart 3",
  "MUTATION_DESC_Munificus_SuppuratingHeart_3": "Mutation: Suppurating Heart 3",
  "MUTATION_NAME_Munificus_SuppuratingLungs_1": "Suppurating Lungs 1",
  "MUTATION_DESC_Munificus_SuppuratingLungs_1": "Mutation: Suppurating Lungs 1",
  "MUTATION_NAME_Munificus_SuppuratingLungs_2": "Suppurating Lungs 2",
  "MUTATION_DESC_Munificus_SuppuratingLungs_2": "Mutation: Suppurating Lungs 2",
  "MUTATION_NAME_Munificus_SuppuratingLungs_3": "Suppurating Lungs 3",
  "MUTATION_DESC_Munificus_SuppuratingLungs_3": "Mutation: Suppurating Lungs 3",
  "MUTATION_NAME_Munificus_SuppuratingHeart": "Suppurating Heart",
  "MUTATION_NAME_Munificus_SuppuratingLungs": "Suppurating Lungs",
  "MUTATION_NAME_Munificus_TailSnap": "Tail Snap",
  "MUTATION_NAME_Munificus_FleshyAbundance": "Fleshy Abundance",
  "MUTATION_NAME_Munificus_BileSpray": "Bile Spray",
  "MUTATION_NAME_Munificus_DiseasedTalons": "Diseased Talon",
  "MUTATION_NAME_Munificus_NeedleSpray": "Needle Spray",
  "MUTATION_NAME_Munificus_MucalBlast": "Mucal Blast",
  "MUTATION_NAME_Munificus_ProjectilePus": "Projectile Pus",
  "MUTATION_DESC_Left_Level": "Left: Level {0}",
  "MUTATION_DESC_Right_Level": "Right: Level {0}",
  "MUTATION_DESC_Left_Inactive": "Left: Inactive",
  "MUTATION_DESC_Right_Inactive": "Right: Inactive",
  "MUTATION_DESC_Inactive": "Inactive",
  "MUTATION_DESC_Level": "Level {0}"
}