{
  "INSTANT_EFFECT_NAME_Purify": "Purify",
  "INSTANT_EFFECT_DESC_Purify": "Knights affected by [b:Purify] have their Afflictions removed immediately.",
  "INSTANT_EFFECT_NAME_KnockbackEffect": "Knockback",
  "INSTANT_EFFECT_DESC_KnockbackEffect": "Affected targets are pushed violently away from the source of the [b:Knockback] by [g:{param1}] Range.",
  "INSTANT_EFFECT_NAME_Heal": "Heal",
  "INSTANT_EFFECT_DESC_Heal": "The [b:Heal] target recovers [g:{param1}] HP immediately.",
  "INSTANT_EFFECT_NAME_Purge": "Purge",
  "INSTANT_EFFECT_DESC_Purge": "When Afflicted, the target loses all of their [b:Mutations].",
  "INSTANT_EFFECT_NAME_StunDamage": "Stun",
  "INSTANT_EFFECT_DESC_StunDamage": "Deal [g:+{param1}] [b:Stun] to the target.",
  "INSTANT_EFFECT_NAME_ArmourBreak": "Armour Break",
  "INSTANT_EFFECT_DESC_ArmourBreak": "[b:Armour Break] reduces the target's [b:Armour] by [g:{param1}] permanently.",
  "INSTANT_EFFECT_NAME_Banish": "Banish",
  "INSTANT_EFFECT_DESC_Banish": "Instantly destroys any [b:Daemonic] target.",
  "INSTANT_EFFECT_NAME_Reload": "Reload",
  "INSTANT_EFFECT_DESC_Reload": "Reload Desc",
  "INSTANT_EFFECT_NAME_MaxHealthDamage": "Max HP",
  "INSTANT_EFFECT_DESC_MaxHealthDamage": "Max Health Damage Desc",
  "INSTANT_EFFECT_NAME_Drained": "Drained",
  "INSTANT_EFFECT_DESC_Drained": "Afflicted target suffers [r:-{param1}] WP.",
  "INSTANT_EFFECT_NAME_MutateEffect": "Mutate",
  "INSTANT_EFFECT_DESC_MutateEffect": "Target gains a random [b:Mutation].",
  "INSTANT_EFFECT_NAME_GainAllWillpowerFrom": "Transfer All Will Power",
  "INSTANT_EFFECT_DESC_GainAllWillpowerFrom": "Transfer All Will Power from Knight to Target Knight.",
  "STATUS_EFFECT_NAME_Flame": "Burning",
  "STATUS_EFFECT_DESC_Flame": "Afflicted target suffers [g:{damagePerTurn}] DMG /Turn.",
  "STATUS_EFFECT_NAME_Bleed": "Bleed",
  "STATUS_EFFECT_DESC_Bleed": "Afflicted target suffers [g:{damagePerTurn}] DMG / Turn.",
  "STATUS_EFFECT_NAME_Blinded": "Blinded",
  "STATUS_EFFECT_DESC_Blinded": "Afflicted target deals [r:-{damageBonus}] DMG with their [b:Ranged Attacks].",
  "STATUS_EFFECT_NAME_Crazed": "Crazed",
  "STATUS_EFFECT_DESC_Crazed": "Afflicted targets will randomly attack their allies.",
  "STATUS_EFFECT_NAME_Defend": "Defend",
  "STATUS_EFFECT_DESC_Defend": "Unit is in a defensive stance protecting themselves from attacks coming from the front",
  "STATUS_EFFECT_NAME_DefendPosition": "Defend Position",
  "STATUS_EFFECT_DESC_DefendPosition": "Defends Allies.",
  "STATUS_EFFECT_NAME_DisableGroan": "Disable Groan",
  "STATUS_EFFECT_DESC_DisableGroan": "Can't Groan",
  "STATUS_EFFECT_NAME_Disarms_Death_Explosion": "Disabled",
  "STATUS_EFFECT_DESC_Disarms_Death_Explosion": "Helbrute no longer explodes on death.",
  "STATUS_EFFECT_NAME_Enraged": "Enraged",
  "STATUS_EFFECT_DESC_Enraged": "Afflicted targets will attempt to [b:Melee Attack] the source of the Affliction.",
  "STATUS_EFFECT_NAME_GodMode": "God Mode",
  "STATUS_EFFECT_DESC_GodMode": "Affected by God Mode",
  "STATUS_EFFECT_NAME_Hobbled": "Hobbled",
  "STATUS_EFFECT_DESC_Hobbled": "Afflicted target suffers [r:{movement}] [b:Move Speed].",
  "STATUS_EFFECT_NAME_Disrupted": "Disrupted",
  "STATUS_EFFECT_DESC_Disrupted": "Afflicted target cannot trigger their [b:Auto] abilities.",
  "STATUS_EFFECT_NAME_HunkerDown": "Hunker Down",
  "STATUS_EFFECT_DESC_HunkerDown": "This unit gains [g:+{armour}] [b:Armour].",
  "STATUS_EFFECT_NAME_Immobilized": "Immobilized",
  "STATUS_EFFECT_DESC_Immobilized": "Afflicted target cannot [b:Move].",
  "STATUS_EFFECT_NAME_Panic": "Panicked",
  "STATUS_EFFECT_DESC_Panic": "Afflicted targets will move away from combat.",
  "STATUS_EFFECT_NAME_Plague": "Plagued",
  "STATUS_EFFECT_DESC_Plague": "Afflicted target suffers [g:{damagePerTurn}] DMG /Turn.",
  "STATUS_EFFECT_NAME_Weakened": "Weakened",
  "STATUS_EFFECT_DESC_Weakened": "Afflicted target deals [r:-{weakened}] DMG with their [b:Melee Attacks].",
  "STATUS_EFFECT_NAME_Silenced": "Silenced",
  "STATUS_EFFECT_DESC_Silenced": "Afflicted target cannot use [b:Psychic] abilities.",
  "STATUS_EFFECT_NAME_EmperorsAegis": "Emperor's Aegis",
  "STATUS_EFFECT_DESC_EmperorsAegis": "This Knight gains [g:+{armour}] [b:Armour].",
  "STATUS_EFFECT_NAME_Regenerate": "Regenerate",
  "STATUS_EFFECT_DESC_Regenerate": "[b:{effectName}] restores [g:+{healthPerTurn}] HP at the beginning of the Turn.",
  "STATUS_EFFECT_NAME_VileEffluence_BonusArmour": "Vile Effluence",
  "STATUS_EFFECT_DESC_VileEffluence_BonusArmour": "+1 [b:Armour]",
  "STATUS_EFFECT_NAME_VileEffluence_BonusMeleeDamage": "Vile Effluence",
  "STATUS_EFFECT_DESC_VileEffluence_BonusMeleeDamage": "+2 Melee Damage",
  "STATUS_EFFECT_NAME_VileEffluence_BonusRangedDamage": "Vile Effluence",
  "STATUS_EFFECT_DESC_VileEffluence_BonusRangedDamage": "+2 Ranged Damage",
  "STATUS_EFFECT_NAME_IronArm": "Iron Arm",
  "STATUS_EFFECT_DESC_IronArm": "This Knight gains [g:+{stun}] [b:Stun] with their [b:Melee Attacks].",
  "STATUS_EFFECT_NAME_WarpSpeed": "Warp Speed",
  "STATUS_EFFECT_DESC_WarpSpeed": "This Knight gains [g:+{critDamage}] CRIT DMG with their [b:Melee Attacks] and [g:+{movement}] [b:Move Speed].",
  "STATUS_EFFECT_NAME_Endurance": "Endurance",
  "STATUS_EFFECT_DESC_Endurance": "This Knight gains [g:+{resistance}%] [b:Resistance].",
  "STATUS_EFFECT_NAME_Vulnerable": "Vulnerable",
  "STATUS_EFFECT_DESC_Vulnerable": "Afflicted target suffers [g:+{damageTaken}] DMG from attacks.",
  "STATUS_EFFECT_NAME_PestilentialFortitude": "Pestilential Gifts",
  "STATUS_EFFECT_DESC_PestilentialFortitude": "Poxwalkers Gain [g:+{health}] Max HP.",
  "STATUS_EFFECT_NAME_Hardened": "Hardened",
  "STATUS_EFFECT_DESC_Hardened": "This unit gains [g:-{critDefense}%] CRIT Vulnerability and [g:+{resistance}%] [b:Resistance], and it cannot be [b:Stunned].",
  "STATUS_EFFECT_NAME_VileEffluence_Hardened": "Vile Effluence",
  "STATUS_EFFECT_DESC_VileEffluence_Hardened": "This unit gains [g:-{critDefense}%] CRIT Vulnerability and [g:+{resistance}%] [b:Resistance], and it cannot be [b:Stunned].",
  "STATUS_EFFECT_NAME_SwollenFlesh": "Swollen Flesh",
  "STATUS_EFFECT_DESC_SwollenFlesh": "This unit gains [g:+{armour}] [b:Armour].",
  "STATUS_EFFECT_NAME_Defend_BlightlordChampion": "Defend",
  "STATUS_EFFECT_DESC_Defend_BlightlordChampion": "This unit gains [g:+{armour}] [b:Armour].",
  "STATUS_EFFECT_NAME_Shrouded": "Shrouded",
  "STATUS_EFFECT_DESC_Shrouded": "Cannot be directly targeted (Still vulnerable to AoE)",
  "STATUS_EFFECT_NAME_Dominated": "Dominated",
  "STATUS_EFFECT_DESC_Dominated": "Afflicted target will attack its allies.",
  "STATUS_EFFECT_NAME_Stunned": "Stunned",
  "STATUS_EFFECT_DESC_Stunned": "The target is immediately incapacitated. The next attack on the target results in an automatic CRIT. If this is a [b:Melee Attack], the target can now be [b:Executed] if they have a valid target point.",
  "STATUS_EFFECT_NAME_CriticallyWounded": "Critically Wounded",
  "STATUS_EFFECT_DESC_CriticallyWounded": "When Critically Wounded, a Knight cannot take actions for 3 Turns or until targeted by a [b:Heal] effect. He then recovers to 50% of his Max HP.",
  "STATUS_EFFECT_NAME_Pinned": "Pinned",
  "STATUS_EFFECT_DESC_Pinned": "Afflicted target loses [r:{apPenalty}] [b:AP] for their turn.",
  "STATUS_EFFECT_NAME_PutrescentFog_StatusEffect": "Putrescent Fog",
  "STATUS_EFFECT_DESC_PutrescentFog_StatusEffect": "Allies targeted by [b:Ranged Attacks] from or into this fog take [g:-{damageReduction}] DMG.",
  "STATUS_EFFECT_NAME_CriticallyInjured": "Critically Injured",
  "STATUS_EFFECT_DESC_CriticallyInjured": "While Critically Injured, a Knight loses 50% of his Max HP.",
  "STATUS_EFFECT_NAME_Disable": "Disable: Melee",
  "STATUS_EFFECT_DESC_Disable": "Afflicted target cannot use their [b:Melee Weapon].",
  "STATUS_EFFECT_NAME_CursedBondStatus": "Cursed Bond",
  "STATUS_EFFECT_DESC_CursedBondStatus": "Afflicted Knight suffers [r:{otherDamage}] DMG when Kadex is dealt damage.",
  "STATUS_EFFECT_NAME_HeedTheChallenge": "Heed the Challenge",
  "STATUS_EFFECT_DESC_HeedTheChallenge": "Heed the Challenge",
  "STATUS_EFFECT_NAME_EffigyOfDeathStatus": "Effigy of Death",
  "STATUS_EFFECT_DESC_EffigyOfDeathStatus": "Effigy of Death",
  "STATUS_EFFECT_NAME_DoomStatus": "Doom",
  "STATUS_EFFECT_DESC_DoomStatus": "In [r:{duration}] Turns, this Knights HP falls to 0.",
  "STATUS_EFFECT_NAME_EffigyOfDespairStatus": "Effigy of Despair",
  "STATUS_EFFECT_DESC_EffigyOfDespairStatus": "Effigy of Despair",
  "STATUS_EFFECT_NAME_EffigyOfInfirmityStatus": "Effigy of Infirmity",
  "STATUS_EFFECT_DESC_EffigyOfInfirmityStatus": "Effigy of Infirmity",
  "STATUS_EFFECT_NAME_EffigyOfDeathAuraStatus": "Aura of Death",
  "STATUS_EFFECT_DESC_EffigyOfDeathAuraStatus": "All Knights die when their HP is reduced to [r:0].",
  "STATUS_EFFECT_NAME_EffigyOfInfirmityAuraStatus": "Aura of Infirmity",
  "STATUS_EFFECT_DESC_EffigyOfInfirmityAuraStatus": "All Knights heal abilities are reduced to [r:0].",
  "STATUS_EFFECT_NAME_EffigyOfSufferingAuraStatus": "Aura of Suffering",
  "STATUS_EFFECT_DESC_EffigyOfSufferingAuraStatus": "All Knights suffer [g:{damagePerTurn}] DMG /Turn.",
  "STATUS_EFFECT_NAME_EffigyOfDespairAuraStatus": "Aura of Despair",
  "STATUS_EFFECT_DESC_EffigyOfDespairAuraStatus": "All Knights suffer [g:{damage}] DMG / WP used.",
  "STATUS_EFFECT_NAME_EffigyOfDeathAuraBoon": "Aura of Death",
  "STATUS_EFFECT_DESC_EffigyOfDeathAuraBoon": "Malathian gains [g:+{armour}] [b:Armour].",
  "STATUS_EFFECT_NAME_EffigyOfInfirmityAuraBoon": "Aura of Infirmity",
  "STATUS_EFFECT_DESC_EffigyOfInfirmityAuraBoon": "Malathian gains [g:+{armour}] [b:Armour].",
  "STATUS_EFFECT_NAME_EffigyOfSufferingAuraBoon": "Aura of Suffering",
  "STATUS_EFFECT_DESC_EffigyOfSufferingAuraBoon": "Malathian gains [g:+{armour}] [b:Armour].",
  "STATUS_EFFECT_NAME_EffigyOfDespairAuraBoon": "Aura of Despair",
  "STATUS_EFFECT_DESC_EffigyOfDespairAuraBoon": "Malathian gains [g:+{armour}] [b:Armour].",
  "STATUS_EFFECT_EVENT_EffigyOfDeathAuraStatus": "All Knights die when their HP is reduced to [r:0]",
  "STATUS_EFFECT_EVENT_EffigyOfInfirmityAuraStatus": "All Knights heal abilities are reduced to [r:0]",
  "STATUS_EFFECT_EVENT_EffigyOfSufferingAuraStatus": "All Knights suffer [r:{damagePerTurn}] DMG per Turn",
  "STATUS_EFFECT_EVENT_EffigyOfDespairAuraStatus": "All Knights suffer [g:{damage}] DMG for each WP used",
  "STATUS_EFFECT_EVENT_EffigyOfDeathAuraBoon": "Malathian gains [g:+{armour}] [b:Armour] while this [b:Effigy] is active.",
  "STATUS_EFFECT_EVENT_EffigyOfInfirmityAuraBoon": "Malathian gains [g:+{armour}] [b:Armour] while this [b:Effigy] is active.",
  "STATUS_EFFECT_EVENT_EffigyOfSufferingAuraBoon": "Malathian gains [g:+{armour}] [b:Armour] while this [b:Effigy] is active.",
  "STATUS_EFFECT_EVENT_EffigyOfDespairAuraBoon": "Malathian gains [g:+{armour}] [b:Armour] while this [b:Effigy] is active.",
  "STATUS_EFFECT_NAME_MorgellusBodyPartRegen": "Reactor Destroyed",
  "STATUS_EFFECT_DESC_MorgellusBodyPartRegen": "Reactor Destroyed",
  "STATUS_EFFECT_NAME_PestilentialWeaponaryAuraStatus": "Pestilential Weaponary",
  "STATUS_EFFECT_DESC_PestilentialWeaponaryAuraStatus": "Attacks deal a random Affliction",
  "STATUS_EFFECT_NAME_PunishTheWitchAuraStatus": "Punish The Witch",
  "STATUS_EFFECT_DESC_PunishTheWitchAuraStatus": "All Knights in the Vanguard suffer [g:{otherDamage}] DMG per [b:WP] used.",
  "STATUS_EFFECT_NAME_Disable_Ranged": "Disable: Ranged",
  "STATUS_EFFECT_DESC_Disable_Ranged": "Afflicted target cannot use their [b:Ranged Weapon].",
  "STATUS_EFFECT_NAME_Grounded": "Grounded",
  "STATUS_EFFECT_DESC_Grounded": "+50% CRIT Vulnerability while grounded",
  "STATUS_EFFECT_NAME_Rattled": "Mortal Enmity",
  "STATUS_EFFECT_DESC_Rattled": "Mortarion fixates on Kaldor Draigo",
  "STATUS_EFFECT_NAME_UnstoppableConflagrationStatus": "Unstoppable Conflagration",
  "STATUS_EFFECT_DESC_UnstoppableConflagrationStatus": "This Knight gains [g:+{damage}] to all Attacks.",
  "STATUS_EFFECT_NAME_WordsOfPowerStatus": "Words of Power",
  "STATUS_EFFECT_DESC_WordsOfPowerStatus": "Gain [g:+{critDamage}] CRIT DMG.",
  "STATUS_EFFECT_NAME_RefrainOfConvergenceStatus": "Refrain of Convergence",
  "STATUS_EFFECT_DESC_RefrainOfConvergenceStatus": "Gain [g:+{resistance}%] [b:Resistance].",
  "STATUS_EFFECT_NAME_IntonementForGuidanceStatus": "Intonment For Guidance",
  "STATUS_EFFECT_DESC_IntonementForGuidanceStatus": "Gain [g:+{critChance}%] CRIT for [b:Ranged Attacks].",
  "STATUS_EFFECT_NAME_AssaultOrderStatus": "Assault Order",
  "STATUS_EFFECT_DESC_AssaultOrderStatus": "This unit gains [g:+{damage}] DMG for [b:Melee Attacks] and [g:+{movement}] [b:Move Speed].",
  "STATUS_EFFECT_NAME_BladesOfRust": "Blades of Rust",
  "STATUS_EFFECT_DESC_BladesOfRust": "[b:Melee Attacks] gain [b:Armour Pierce].",
  "STATUS_EFFECT_NAME_TheUnbreakingHost": "The Unbreakable Host",
  "STATUS_EFFECT_DESC_TheUnbreakingHost": "Gain [g:-{critDefense}%] CRIT Vulnerability.",
  "STATUS_EFFECT_NAME_PunishTheWitchWarpSurgeStatus": "Punish The Witch",
  "STATUS_EFFECT_DESC_PunishTheWitchWarpSurgeStatus": "Suffer [r:{damagePerAbility}] DMG when using Psychic Abilities.",
  "STATUS_EFFECT_NAME_DrainingBlades": "Draining Blades",
  "STATUS_EFFECT_DESC_DrainingBlades": "[b:Melee Attacks] Afflict Drained.",
  "STATUS_EFFECT_NAME_TaintedBlades": "Tainted Blades",
  "STATUS_EFFECT_DESC_TaintedBlades": "[b:Melee Attacks] Afflict Immobilized.",
  "STATUS_EFFECT_NAME_WithoutRelief": "Without Relief",
  "STATUS_EFFECT_DESC_WithoutRelief": "Healing reduced to [r:0].",
  "STATUS_EFFECT_NAME_SearingBlades": "Searing Blades",
  "STATUS_EFFECT_DESC_SearingBlades": "[b:Melee Attacks] deal [g:{healthDamage}] Max HP Damage.",
  "STATUS_EFFECT_NAME_WeaponVirus": "Weapon Virus",
  "STATUS_EFFECT_DESC_WeaponVirus": "[b:Ranged Attacks] are disabled.",
  "STATUS_EFFECT_NAME_PsychicFeedback": "Psychic Feedback",
  "STATUS_EFFECT_DESC_PsychicFeedback": "Abilities cost [r:+{extraWPCost}] WP.",
  "STATUS_EFFECT_NAME_InexorableBlight": "Inexorable Blight",
  "STATUS_EFFECT_DESC_InexorableBlight": "Resistance reduced to [r:0%].",
  "STATUS_EFFECT_NAME_TheBloomProtects": "The Bloom Protects",
  "STATUS_EFFECT_DESC_TheBloomProtects": "Gain [g:+{armour}] [b:Armour].",
  "STATUS_EFFECT_NAME_GrandfathersBlessing": "Grandfathers Blessing",
  "STATUS_EFFECT_DESC_GrandfathersBlessing": "Gain [g:+{armour}] [b:Armour].",
  "STATUS_EFFECT_NAME_ThePowerOfMutation": "The Power of Mutation",
  "STATUS_EFFECT_DESC_ThePowerOfMutation": "Mutations are doubled in power.",
  "STATUS_EFFECT_NAME_AegisShieldStatus": "Aegis Shield",
  "STATUS_EFFECT_DESC_AegisShieldStatus": "This Knight gains [g:+{armour}] [b:Armour].",
  "STATUS_EFFECT_NAME_ArcaneWeapons": "Arcane Weapons",
  "STATUS_EFFECT_DESC_ArcaneWeapons": "This Knight gains [g:+{damage}] on his next Ranged Attack.",
  "STATUS_EFFECT_NAME_Fortress": "Fortress",
  "STATUS_EFFECT_DESC_Fortress": "This Knight gains [g:+{armour}] [b:Armour].",
  "STATUS_EFFECT_NAME_Sanctuary": "Sanctuary",
  "STATUS_EFFECT_DESC_Sanctuary": "This Knight gains [g:+{armour}] [b:Armour].",
  "STATUS_EFFECT_NAME_DefensiveAura": "Sanctuary",
  "STATUS_EFFECT_DESC_DefensiveAura": "This Knight gains [g:+{armour}] [b:Armour].",
  "STATUS_EFFECT_NAME_StrengthOfSpirt": "Strength of Spirit",
  "STATUS_EFFECT_DESC_StrengthOfSpirt": "This Knight gains [g:+{critChance}%] CRIT.",
  "STATUS_EFFECT_NAME_TideOfShadows": "Tide of Shadows",
  "STATUS_EFFECT_DESC_TideOfShadows": "This Knight gains [g:+{resistance}%] [b:Resistance].",
  "STATUS_EFFECT_NAME_ProtectedByTheBloom_Poxus": "Protected by The Poxus",
  "STATUS_EFFECT_DESC_ProtectedByTheBloom_Poxus": "The [b:Root of Poxus] protects Mortarion",
  "STATUS_EFFECT_NAME_ProtectedByTheBloom_Mortus": "Protected by The Mortus",
  "STATUS_EFFECT_DESC_ProtectedByTheBloom_Mortus": "The [b:Root of Mortus] protects Mortarion",
  "STATUS_EFFECT_NAME_ProtectedByTheBloom_Necrosus": "Protected by The Necrosus",
  "STATUS_EFFECT_DESC_ProtectedByTheBloom_Necrosus": "The [b:Root of Necrosus] protects Mortarion",
  "STATUS_EFFECT_NAME_ProtectedByTheBloom_Dolorus": "Protected by The Dolorus",
  "STATUS_EFFECT_DESC_ProtectedByTheBloom_Dolorus": "The [b:Root of Dolorus] protects Mortarion",
  "STATUS_EFFECT_NAME_ProtectedByTheBloom_Tentarus": "Protected by The Tentarus",
  "STATUS_EFFECT_DESC_ProtectedByTheBloom_Tentarus": "The [b:Root of Tentarus] protects Mortarion",
  "STATUS_EFFECT_NAME_PsychicChanneling": "Psychic Channeling",
  "STATUS_EFFECT_DESC_PsychicChanneling": "While channeling, Vakir cannot take actions or be knocked back.",
  "STATUS_EFFECT_NAME_BonusDamage": "[g:{0}] DMG",
  "STATUS_EFFECT_DESC_BonusDamage": "Deal [g:+{0}] DMG to the target.",
  "STATUS_EFFECT_NAME_BonusStunPercent": "Bonus Stun {0}%",
  "STATUS_EFFECT_NAME_BonusStunAmount": "[g:+{0}] Stun",
  "STATUS_EFFECT_DESC_BonusStunAmount": "Deal [g:+{0}] Stun to the target.",
  "STATUS_EFFECT_NAME_BonusStunAmountAll": "[g:{0}] Stun to all parts",
  "STATUS_EFFECT_DESC_BonusStunAmountAll": "Deal [g:+{0}] [b:Stun] to all of the target's body parts.",
  "STATUS_EFFECT_NAME_Execution": "Execute",
  "STATUS_EFFECT_DESC_Execution": "This enemy is destroyed. All Knights gain [g:+1] AP.",
  "STATUS_EFFECT_NAME_ArmourPierce": "Armour Pierce",
  "STATUS_EFFECT_DESC_ArmourPierce": "The attack bypasses all [b:Armour] to deal damage directly on the target.",
  "STATUS_EFFECT_NAME_DisablePlagueShield": "Disable: Plague Shield (<sprite name=SPT_InfinityGreen>)",
  "STATUS_EFFECT_DESC_DisablePlagueShield": "The target can no longer use [b:Defend].",
  "STATUS_EFFECT_NAME_DisableMeleeWeapon": "Disable: [b:Melee Weapon (<sprite name=SPT_InfinityGreen>)]",
  "STATUS_EFFECT_DESC_DisableMeleeWeapon": "The target can no longer use [b:Melee Attacks].",
  "STATUS_EFFECT_NAME_DisableRangedWeapon": "Disable: Ranged Weapon (<sprite name=SPT_InfinityGreen>)",
  "STATUS_EFFECT_DESC_DisableRangedWeapon": "The target can no longer use [b:Ranged Attacks].",
  "STATUS_EFFECT_NAME_DisableLeftClaw": "Disable: Left Claw(<sprite name=SPT_InfinityGreen>)",
  "STATUS_EFFECT_DESC_DisableLeftClaw": "The target can no longer use the [b:Left Claw].",
  "STATUS_EFFECT_NAME_DisableRightClaw": "Disable: Right Claw(<sprite name=SPT_InfinityGreen>)",
  "STATUS_EFFECT_DESC_DisableRightClaw": "The target can no longer use the [b:Right Claw].",
  "STATUS_EFFECT_NAME_DisableReactorWires": "[r:-50%] Stun Recovery",
  "STATUS_EFFECT_DESC_DisableReactorWires": "The target's [b:Stun] recovery is reduced by [r:50%].",
  "STATUS_EFFECT_NAME_Disable_VoxStave": "Disable: [b:Vox Stave (<sprite name=SPT_InfinityGreen>)]",
  "STATUS_EFFECT_DESC_Disable_VoxStave": "The target can no longer use [b:Weapon Hex, Swollen Flesh] and [b:Foul Sacrament].",
  "STATUS_EFFECT_NAME_DisableCrabClaw": "Disable: Crab Claw (<sprite name=SPT_InfinityGreen>)",
  "STATUS_EFFECT_DESC_DisableCrabClaw": "The target can no longer use [b:Death Spin] and [b:Death Grip].",
  "STATUS_EFFECT_NAME_DisableMorgellusClaw": "Disable Claw",
  "STATUS_EFFECT_DESC_DisableMorgellusClaw": "Disable Claw",
  "STATUS_EFFECT_DESC_Disable_FleshyAbundance": "Disable: Bash (<sprite name=SPT_InfinityGreen>)",
  "STATUS_EFFECT_DESC_Disable_FleshyAbundance_Title": "The target cannot attack with its [b:Bash].",
  "STATUS_EFFECT_DESC_Disable_MunificusHead": "Disable: Bile Spray (<sprite name=SPT_InfinityGreen>)",
  "STATUS_EFFECT_DESC_Disable_MunificusHead_Title": "The target can no longer use [b:Bile Spray].",
  "STATUS_EFFECT_DESC_Disable_PusSac": "Disable: Projectile Pus (<sprite name=SPT_InfinityGreen>)",
  "STATUS_EFFECT_DESC_Disable_PusSac_Title": "The target cannot attack with its [b:Projectile Pus].",
  "STATUS_EFFECT_DESC_Disable_DiseasedTalon": "Disable: Diseased Talon (<sprite name=SPT_InfinityGreen>)",
  "STATUS_EFFECT_DESC_Disable_DiseasedTalon_Title": "The target cannot attack with its [b:Diseased Talon].",
  "STATUS_EFFECT_DESC_Disable_MucusLauncher": "Disable: Mucus Launcher (<sprite name=SPT_InfinityGreen>)",
  "STATUS_EFFECT_DESC_Disable_MucusLauncher_Title": "The target cannot attack with its [b:Mucus Launcher].",
  "STATUS_EFFECT_DESC_Disable_Needler": "Disable: Needler (<sprite name=SPT_InfinityGreen>)",
  "STATUS_EFFECT_DESC_Disable_Needler_Title": "The target cannot attack with its [b:Needler].",
  "STATUS_EFFECT_DESC_Disable_MunificusTail": "Disable: Tail Snap (<sprite name=SPT_InfinityGreen>)",
  "STATUS_EFFECT_DESC_Disable_MunificusTail_Title": "The target cannot attack with its [b:Tails].",
  "STATUS_EFFECT_DESC_Disable_BellyMouth": "Disable: Effigy of Death (<sprite name=SPT_InfinityGreen>)",
  "STATUS_EFFECT_DESC_Disable_BellyMouth_Title": "The target can no longer use [b:Effigy of Death].",
  "STATUS_EFFECT_DESC_Disable_Munificus_LeftArm": "Disable: Effigy of Infirmity (<sprite name=SPT_InfinityGreen>)",
  "STATUS_EFFECT_DESC_Disable_Munificus_LeftArm_Title": "The target can no longer use [b:Effigy of Infirmity].",
  "STATUS_EFFECT_DESC_Disable_Munificus_RightArm": "Disable: Effigy of Despair (<sprite name=SPT_InfinityGreen>)",
  "STATUS_EFFECT_DESC_Disable_Munificus_RightArm_Title": "The target can no longer use [b:Effigy of Despair].",
  "STATUS_EFFECT_NAME_DisableMutation": "Disable Mutation",
  "STATUS_EFFECT_DESC_DisableMutation": "Disable Mutation",
  "STATUS_EFFECT_NAME_Disable_CloudOfFlies": "Disable Cloud of Flies",
  "STATUS_EFFECT_DESC_Disable_CloudOfFlies": "Disable Cloud of Flies",
  "STATUS_EFFECT_NAME_Disable_StreamOfCorruption": "Disable: Stream of Corruption (<sprite name=SPT_InfinityGreen>)",
  "STATUS_EFFECT_DESC_Disable_StreamOfCorruption": "The target can no longer use [b:Stream of Corruption].",
  "STATUS_EFFECT_NAME_DisableNurglesGift": "Disable: Nurgle's Gift (<sprite name=SPT_InfinityGreen>)",
  "STATUS_EFFECT_DESC_DisableNurglesGift": "The target can no longer use [b:Nurgle's Gift].",
  "STATUS_EFFECT_NAME_Disable_PestilentialExplosion": "Disable: Disable Pestilential Explosion (<sprite name=SPT_InfinityGreen>)",
  "STATUS_EFFECT_DESC_Disable_PestilentialExplosion": "The target can no longer use [b:Pestilential Explosion].",
  "STATUS_EFFECT_NAME_Disable_FoulRegeneration": "Disable Foul Regeneration",
  "STATUS_EFFECT_DESC_Disable_FoulRegeneration": "Disable Foul Regeneration Description",
  "STATUS_EFFECT_NAME_Disable_DeathLeap": "Disable: Death Leap (<sprite name=SPT_InfinityGreen>)",
  "STATUS_EFFECT_DESC_Disable_DeathLeap": "The target can no longer use [b:Death Leap].",
  "STATUS_EFFECT_NAME_Disable_ParalyticReprisal": "Disable: Paralytic Reprisal (<sprite name=SPT_InfinityGreen>)",
  "STATUS_EFFECT_DESC_Disable_ParalyticReprisal": "The target can no longer use [b:Paralytic Reprisal].",
  "STATUS_EFFECT_NAME_Disable_HeavyBlightLauncher": "Disable: [b:Ranged Weapon] ([g:1 Turn])",
  "STATUS_EFFECT_DESC_Disable_HeavyBlightLauncher": "The target cannot use [b:Ranged Attacks] for [g:1] Turn.",
  "STATUS_EFFECT_NAME_Disable_MalignTeleportation": "Disable: Malign Teleportation ([g:1 Turn])",
  "STATUS_EFFECT_DESC_Disable_MalignTeleportation": "The target cannot use [b:Malign Teleportation] for [g:1] Turn.",
  "STATUS_EFFECT_NAME_Disable_Kadex_CloudOfFlies": "Disable: Cloud of Flies (<sprite name=SPT_InfinityGreen>)",
  "STATUS_EFFECT_DESC_Disable_Kadex_CloudOfFlies": "The target no longer benefit from Cloud of Flies.",
  "STATUS_EFFECT_NAME_Disable_EmpoweredLeap": "Disable: Empowered Leap (<sprite name=SPT_InfinityGreen>)",
  "STATUS_EFFECT_DESC_Disable_EmpoweredLeap": "The target can no longer use [b:Empowered Leap].",
  "STATUS_EFFECT_NAME_Disable_CursedBond": "Disable: Cursed Bond (<sprite name=SPT_InfinityGreen>)",
  "STATUS_EFFECT_DESC_Disable_CursedBond": "The target can no longer use [b:Cursed Bond].",
  "STATUS_EFFECT_NAME_Disable_FoulReflection": "Disable: Foul Reflection ([g:1 Turn])",
  "STATUS_EFFECT_DESC_Disable_FoulReflection": "The target cannot use [b:Foul Reflection] for [g:1] Turn.",
  "STATUS_EFFECT_NAME_Disable_GoForthMyChildren": "Disable: Go Forth, My Nephews(<sprite name=SPT_InfinityGreen>)",
  "STATUS_EFFECT_DESC_Disable_GoForthMyChildren": "The target can no longer use [b:Go Forth, My Nephews].",
  "STATUS_EFFECT_NAME_Disable_ComeHomeMyChildren": "Disable: Come Home, My Nephews ([g:2 Turns])",
  "STATUS_EFFECT_DESC_Disable_ComeHomeMyChildren": "The target cannot use [b:Come Home, My Nephews] for [g:2] Turns.",
  "STATUS_EFFECT_NAME_Disable_NurglingSpew": "Disable: Nurgling Spew (<sprite name=SPT_InfinityGreen>)",
  "STATUS_EFFECT_DESC_Disable_NurglingSpew": "The target can no longer use [b:Nurgling Spew].",
  "STATUS_EFFECT_NAME_Disable_LaserDestructor": "Disable: Ranged Weapon ([g:2 Turns])",
  "STATUS_EFFECT_DESC_Disable_LaserDestructor": "The target cannot use [b:Ranged Attacks] for [g:2] Turns.",
  "STATUS_EFFECT_NAME_Disable_ThunderStrikeGauntlet": "Disable: Melee Weapon ([g:2 Turns])",
  "STATUS_EFFECT_DESC_Disable_ThunderStrikeGauntlet": "The target cannot use [b:Melee Attacks] for [g:2] Turns.",
  "STATUS_EFFECT_NAME_NoEffect": "No Effect",
  "STATUS_EFFECT_DESC_NoEffect": "While this target point is armored, a CRIT provides no effect.",
  "STATUS_EFFECT_NAME_Cruciatus_Kneel": "Kneel",
  "STATUS_EFFECT_DESC_Cruciatus_Kneel": "When [b:Kneeled], the attacks against the target have [g:+100%] CRIT and additional Target Points exposed.",
  "STATUS_EFFECT_NAME_Disable_RotCleaver": "Disable Rot Cleaver",
  "STATUS_EFFECT_DESC_Disable_RotCleaver": "Disable Rot Cleaver",
  "STATUS_EFFECT_NAME_Disable_RotCannon": "Disable Rot Cannon",
  "STATUS_EFFECT_NAME_Disable_CrushAndHurl": "Disable: Hurl Knight",
  "STATUS_EFFECT_DESC_Disable_CrushAndHurl": "Target can no longer use [b:Hurl Knight]",
  "STATUS_EFFECT_NAME_DIsable_Morgellus_ThrowObject": "Disable: Hurl Girder",
  "STATUS_EFFECT_DESC_DIsable_Morgellus_ThrowObject": "Target can no longer use [b:Hurl Girder]",
  "STATUS_EFFECT_DESC_Disable_RotCannon": "The target can no longer use the Rot Cannon.",
  "STATUS_EFFECT_NAME_Disable_ReapersBounty": "Disable: Reaper's Bounty",
  "STATUS_EFFECT_DESC_Disable_ReapersBounty": "The target cannot benefit from Reaper's Bounty for 1 turn.",
  "STATUS_EFFECT_NAME_Disable_ReapersCall": "Disable: Reaper's Call",
  "STATUS_EFFECT_DESC_Disable_ReapersCall": "The target can no longer use Reaper's Call.",
  "STATUS_EFFECT_NAME_Disable_CorrosiveDarkness": "Disable: Corrosive Darkness",
  "STATUS_EFFECT_DESC_Disable_CorrosiveDarkness": "The target can no longer use Corrosive Darkness.",
  "STATUS_EFFECT_NAME_Disable_EffigyOfDeath": "Disable Effigy of Death",
  "STATUS_EFFECT_DESC_Disable_EffigyOfDeath": "Disable Effigy of Death",
  "STATUS_EFFECT_NAME_Disable_EffigyOfDespair": "Disable Effigy of Despair",
  "STATUS_EFFECT_DESC_Disable_EffigyOfDespair": "Disable Effigy of Despair",
  "STATUS_EFFECT_NAME_Disable_EffigyOfInfirmity": "Disable Effigy of Infirmity",
  "STATUS_EFFECT_DESC_Disable_EffigyOfInfirmity": "Disable Effigy of Infirmity",
  "STATUS_EFFECT_NAME_Disable_SuppuratingHeart": "Disable: Suppurating Heart (<sprite name=SPT_InfinityGreen>)",
  "STATUS_EFFECT_DESC_Disable_SuppuratingHeart": "Increases the target's CRIT Vulnerability indefinitely.",
  "STATUS_EFFECT_NAME_Disable_SuppuratingLungs": "Disable: Suppurating Lungs (<sprite name=SPT_InfinityGreen>)",
  "STATUS_EFFECT_DESC_Disable_SuppuratingLungs": "Lowers the target's maximum Stun indefinitely.",
  "STATUS_EFFECT_NAME_Disable_PhosphexBombs": "Disable: Phosphex Bombs (<sprite name=SPT_InfinityGreen>)",
  "STATUS_EFFECT_DESC_Disable_PhosphexBombs": "The target can no longer use [b:Phosphex Bombs].",
  "STATUS_EFFECT_NAME_Disable_LanternStrike": "Disable: Lantern Strike (<sprite name=SPT_InfinityGreen>)",
  "STATUS_EFFECT_DESC_Disable_LanternStrike": "The target can no longer use [b:Lantern Strike].",
  "STATUS_EFFECT_NAME_WeakenedBloomRegeneration": "Weaken: Bloom Regeneration (<sprite name=SPT_InfinityGreen>)",
  "STATUS_EFFECT_DESC_WeakenedBloomRegeneration": "The [b:Bloom Roots] regenerate damage at [r:50%] their normal rate.",
  "STATUS_EFFECT_NAME_Disable_EntropicShield": "Disable: Entropic Shield",
  "STATUS_EFFECT_DESC_Disable_EntropicShield": "The target is no longer immune to CRITs.",
  "STATUS_EFFECT_LOC_Display": "[b:{effectName}] ([g:{afflictChance}%], [g:{afflictDuration}] Turns)",
  "STATUS_EFFECT_LOC_Display_NoChance": "[b:{effectName}] ([g:{afflictDuration}] Turns)",
  "STATUS_EFFECT_LOC_Display_WithFilter": "[b:{effectName}] ([g:{afflictChance}%], [g:{afflictDuration}] Turns) to [b:{bodyType}] Targets",
  "STATUS_EFFECT_LOC_Display_NoChance_WithFilter": "[b:{effectName}] ([g:{afflictDuration}] Turns) to [b:{bodyType}] Targets",
  "STATUS_EFFECT_LOC_Afflict": "Afflict [b:{effectName}] ([g:{afflictChance}%], [g:{afflictDuration}] Turns)",
  "STATUS_EFFECT_LOC_Afflict_WithFilter": "Afflict [b:{effectName}] ([g:{afflictChance}%], [g:{afflictDuration}] Turns) to [b:{bodyType}] Targets",
  "STATUS_EFFECT_LOC_Display_Permanent": "[b:{effectName}] ([g:{afflictChance}%], <sprite name=SPT_InfinityGreen> Turns)",
  "STATUS_EFFECT_LOC_Display_NoChance_Permanent": "[b:{effectName}] (<sprite name=SPT_InfinityGreen> Turns)",
  "STATUS_EFFECT_LOC_Display_Permanent_WithFilter": "[b:{effectName}] ([g:{afflictChance}%], <sprite name=SPT_InfinityGreen> Turns) to [b:{bodyType}] Targets",
  "STATUS_EFFECT_LOC_Display_NoChance_Permanent_WithFilter": "[b:{effectName}] (<sprite name=SPT_InfinityGreen> Turns) to [b:{bodyType}] Targets",
  "STATUS_EFFECT_LOC_Afflict_Permanent": "Afflict [b:{effectName}] ([g:{afflictChance}%], <sprite name=SPT_InfinityGreen> Turns)",
  "STATUS_EFFECT_LOC_Afflict_Permanent_WithFilter": "Afflict [b:{effectName}] ([g:{afflictChance}%], <sprite name=SPT_InfinityGreen> Turns) to [b:{bodyType}] Targets",
  "INSTANT_EFFECT_LOC_NameOnly": "[b:{effectName}]",
  "INSTANT_EFFECT_LOC_Display": "[b:{effectName}] [g:{param1}]",
  "INSTANT_EFFECT_LOC_NegativeDisplay": "[b:{effectName}] [r:{param1}]",
  "INSTANT_EFFECT_LOC_NegativeDisplayNegativeNumber": "[b:{effectName}] [r:-{param1}]",
  "INSTANT_EFFECT_LOC_DisplayReversed": "[g:{param1}] [b:{effectName}]",
  "INSTANT_EFFECT_LOC_DisplayReversedPlus": "[g:+{param1}] [b:{effectName}]",
  "INSTANT_EFFECT_LOC_Display_Percent": "[b:{effectName}] ([g:{param1}%])",
  "INSTANT_EFFECT_LOC_Display_Two_Params": "[b:{effectName}] [g:{param1}], [g:{param2}]",
  "STATUS_EFFECT_AFFLICT_GENERIC": "Afflict [b:{0}] ({1})",
  "STATUS_EFFECT_RESISTED": "Resisted : {0}",
  "STATUS_EFFECT_DURATION_HOLDER": "{0}",
  "STATUS_EFFECT_PERMANENT_DURATION": "Permanent",
  "STATUS_EFFECT_SINGLE_TURN": "1 Turn",
  "STATUS_EFFECT_MULTIPLE_TURNS": "{0} Turns",
  "STATUS_EFFECT_UPGRADE_APPEND_UnstoppableConflagrationStatus_Resistance": "[g:+{resistance}%] [b:Resistance]",
  "ENVIRONMENT_MODIFIER_NAME_PutrescentFog_StatusEffect": "Putrescent Fog",
  "ENVIRONMENT_MODIFIER_DESC_PutrescentFog_StatusEffect": "Allies targeted by [b:Ranged Attacks] from or into this fog take [g:-{damageReduction}] DMG.",
  "STATUS_EFFECT_TOAST_Bleed": "Bleed",
  "STATUS_EFFECT_TOAST_Blinded": "Blinded",
  "STATUS_EFFECT_TOAST_Crazed": "Crazed",
  "STATUS_EFFECT_TOAST_Disable": "Disabled: Melee",
  "STATUS_EFFECT_TOAST_Disable_Ranged": "Disabled: Ranged",
  "STATUS_EFFECT_TOAST_Disrupted": "Disrupted",
  "STATUS_EFFECT_TOAST_Flame": "Burning",
  "STATUS_EFFECT_TOAST_Enraged": "Enraged",
  "STATUS_EFFECT_TOAST_Hobbled": "Hobbled",
  "STATUS_EFFECT_TOAST_Immobilized": "Immobilized",
  "STATUS_EFFECT_TOAST_Immobilized_Aeger": "Immobilized",
  "STATUS_EFFECT_TOAST_Panic": "Panicked",
  "STATUS_EFFECT_TOAST_Pinned": "Pinned",
  "STATUS_EFFECT_TOAST_Plague": "Plagued",
  "STATUS_EFFECT_TOAST_Silenced": "Silenced",
  "STATUS_EFFECT_TOAST_Weakened": "Weakened",
  "STATUS_EFFECT_TOAST_Vulnerable": "Vulnerable",
  "STATUS_EFFECT_TOAST_Dominated": "Dominated",
  "STATUS_EFFECT_TOAST_AssaultOrderStatus": "Assault Order",
  "STATUS_EFFECT_TOAST_Defend_BlightlordChampion": "Defending",
  "STATUS_EFFECT_TOAST_HunkerDown": "Hunkered",
  "STATUS_EFFECT_TOAST_PestilentialFortitude": "Pestilential Gifts",
  "STATUS_EFFECT_TOAST_PutrescentFog_StatusEffect": "Putrescent Fog",
  "STATUS_EFFECT_TOAST_Regenerate": "Regeneration",
  "STATUS_EFFECT_TOAST_Grounded": "+{critDefense}% CRIT Vulnerability while grounded",
  "STATUS_EFFECT_TOAST_Cruciatus_Kneel": "Stunned: Higher Target Points Exposed!",
  "STATUS_EFFECT_TOAST_SwollenFlesh": "Swollen Flesh",
  "STATUS_EFFECT_TOAST_Hardened": "Hardened",
  "STATUS_EFFECT_TOAST_VileEffluence_Hardened": "Vile Effluence",
  "STATUS_EFFECT_TOAST_VileEffluence_BonusArmour": "Vile Effluence",
  "STATUS_EFFECT_TOAST_VileEffluence_BonusMeleeDamage": "Vile Effluence",
  "STATUS_EFFECT_TOAST_VileEffluence_BonusRangedDamage": "Vile Effluence",
  "STATUS_EFFECT_TOAST_ArcaneWeapons": "Arcane Weapons",
  "STATUS_EFFECT_TOAST_AegisShieldStatus": "Aegis Shield",
  "STATUS_EFFECT_TOAST_IronArm": "Iron Arm",
  "STATUS_EFFECT_TOAST_WarpSpeed": "Warp Speed",
  "STATUS_EFFECT_TOAST_Endurance": "Endurance",
  "STATUS_EFFECT_TOAST_EmperorsAegis": "Emperor's Aegis",
  "STATUS_EFFECT_TOAST_DefendPosition": "Defending",
  "STATUS_EFFECT_TOAST_Fortress": "Fortress",
  "STATUS_EFFECT_TOAST_Sanctuary": "Sanctuary",
  "STATUS_EFFECT_TOAST_WordsOfPowerStatus": "Words of Power",
  "STATUS_EFFECT_TOAST_RefrainOfConvergenceStatus": "Refrain of Convergence",
  "STATUS_EFFECT_TOAST_IntonementForGuidanceStatus": "Intonement for Guidance",
  "STATUS_EFFECT_TOAST_StrengthOfSpirt": "Strength of Spirit",
  "STATUS_EFFECT_TOAST_TideOfShadows": "Tide of Shadows",
  "STATUS_EFFECT_TOAST_DefensiveAura": "High Sanctuary",
  "STATUS_EFFECT_TOAST_CursedBondStatus": "Cursed",
  "STATUS_EFFECT_TOAST_EffigyOfDeathAuraStatus": "Aura of Death",
  "STATUS_EFFECT_TOAST_EffigyOfInfirmityAuraStatus": "Aura of Infirmity",
  "STATUS_EFFECT_TOAST_EffigyOfSufferingAuraStatus": "Aura of Suffering",
  "STATUS_EFFECT_TOAST_EffigyOfDespairAuraStatus": "Aura of Despair",
  "STATUS_EFFECT_TOAST_EffigyOfDeathAuraBoon": "Boon of Death",
  "STATUS_EFFECT_TOAST_EffigyOfInfirmityAuraBoon": "Boon of Infirmity",
  "STATUS_EFFECT_TOAST_EffigyOfSufferingAuraBoon": "Boon of Suffering",
  "STATUS_EFFECT_TOAST_EffigyOfDespairAuraBoon": "Boon of Despair",
  "STATUS_EFFECT_TOAST_PestilentialWeaponaryAuraStatus": "Pestilential Weapons",
  "STATUS_EFFECT_TOAST_Mortarion_Stunned": "+{critDefense}% CRIT Vulnerability while grounded",
  "STATUS_EFFECT_TOAST_Morgellus_Stunned": "+{critDefense}% CRIT Vulnerability while grounded",
  "STATUS_EFFECT_TOAST_PunishTheWitchAuraStatus": "Punish the Witch",
  "STATUS_EFFECT_TOAST_UnstoppableConflagrationStatus": "Unstoppable Conflagration",
  "STATUS_EFFECT_TOAST_ProtectedByTheBloom_Poxus": "Protected by the Poxus",
  "STATUS_EFFECT_TOAST_ProtectedByTheBloom_Mortus": "Protected by the Mortus",
  "STATUS_EFFECT_TOAST_ProtectedByTheBloom_Necrosus": "Protected by the Necrosus",
  "STATUS_EFFECT_TOAST_ProtectedByTheBloom_Dolorus": "Protected by the Dolorus",
  "STATUS_EFFECT_TOAST_ProtectedByTheBloom_Tentarus": "Protected by the Tentarus",
  "STATUS_EFFECT_TOAST_Rattled": "Mortal Enmity",
  "STATUS_EFFECT_TOAST_TaintedBlades": "Tainted Blades",
  "STATUS_EFFECT_TOAST_SearingBlades": "Searing Blades",
  "STATUS_EFFECT_TOAST_WeaponVirus": "Weapon Virus"
}