{
  "TOOLTIP_CampaignTimeline_Title": "Campaign Timeline",
  "TOOLTIP_CampaignTimeline_Description": "The number of Tyrtaen Solar Days that have elapsed in this campaign so far.",
  "TOOLTIP_PlanetView_Title": "Planet View",
  "TOOLTIP_StarMap_Title": "Star Map",
  "TOOLTIP_Strategium_Title": "Strategium",
  "TOOLTIP_Manufactorum_Title": "Manufactorum",
  "TOOLTIP_LibrisMalleus_Title": "Libris Malleus",
  "TOOLTIP_SupportSystems_Title": "Support Systems",
  "TOOLTIP_DefenseSystems_Title": "Defense Systems",
  "TOOLTIP_PersonnelSystems_Title": "Personnel Systems",
  "TOOLTIP_ServitorCost_Title": "Servitor Cost",
  "TOOLTIP_ServitorCost_Description": "The Cost in Servitors to begin this Construction Project.",
  "TOOLTIP_ConstructionTime_Title": "Construction Time",
  "TOOLTIP_ConstructionTime_Description": "The Estimated Time in Campaign Days to complete this Construction Project.",
  "TOOLTIP_Prerequisites_Title": "Prerequisites",
  "TOOLTIP_Prerequisites_Description": "List of Construction Projects that must be completed in order to start this project.",
  "TOOLTIP_DolorusCost_Title": "Cost in Dolorus Seeds",
  "TOOLTIP_MortusCost_Title": "Cost in Mortus Seeds",
  "TOOLTIP_NecrosusCost_Title": "Cost in Necrosus Seeds",
  "TOOLTIP_PoxusCost_Title": "Cost in Poxus Seeds",
  "TOOLTIP_TentarusCost_Title": "Cost in Tentarus Seeds",
  "TOOLTIP_MissionReward_Title": "Mission Rewards",
  "TOOLTIP_CurrencyReward_Description": "You will be rewarded the indicated resource for successfully completing this Mission.",
  "TOOLTIP_CurrencyReward_S_Description": "You've been awarded the indicated resource for successfully completing this Mission.",
  "TOOLTIP_KnightReward_Description": "You will be sent the following Knight for successfully completing this Mission.",
  "TOOLTIP_KnightReward_S_Description": "You've received the following Knight for successfully completing this Mission.",
  "TOOLTIP_BloomReduction_Title": "Bloom Reduction",
  "TOOLTIP_BloomReduction_Description": "You will reduce the active Bloom Corruption on this planet by the indicated value for successfully completing this mission.",
  "TOOLTIP_BloomReduction_S_Description": "You've reduced the active Bloom Corruption on this planet by the indicated value for successfully completing this mission.",
  "TOOLTIP_ChaosGate_Title": "Gate Opened",
  "TOOLTIP_ChaosGate_F_Description": "The Chaos Gate has been opened and this System has been lost.",
  "TOOLTIP_MoreInformation_Title": "More Information",
  "TOOLTIP_ArmouryKnightReward_Title": "Reinforcement",
  "TOOLTIP_ArmouryKnightReward_Description": "Rank {0} {1}",
  "TOOLTIP_ArmouryMeleeReward_Title": "Melee Weapon",
  "TOOLTIP_ArmouryRangedReward_Title": "Ranged Weapon",
  "TOOLTIP_ArmouryArmourReward_Title": "Armour",
  "TOOLTIP_ArmouryWargearReward_Title": "Wargear",
  "TOOLTIP_ArmouryReward_Description": "Tier {0} {1}",
  "TOOLTIP_ArmouryReward_Locked": "Locked",
  "TOOLTIP_ArmouryReward_Nothing": "Nothing",
  "TOOLTIP_PrognosticarInactive_Title": "No Prognositicar Attuned",
  "TOOLTIP_PrognosticarInactive_Description": "A Prognosticar is not attuned to this system. You can attune a Prognosticar in the Augurium.",
  "TOOLTIP_PrognosticarActive_Title": "Prognosticar Attuned",
  "TOOLTIP_PrognosticarActive_Description": "A Prognosticar is attuned to this system, and you will gain all of its benefits in the Combat Mission.",
  "TOOLTIP_BarracksCapacity_Title": "Barracks Capacity",
  "TOOLTIP_BarracksCapacity_Description": "The current number and maximum capacity for combat ready Knights on the Ship. The maximum can be increased by upgrading the Barracks in the [b:Manufactorum].",
  "TOOLTIP_Rank_Title": "Rank",
  "TOOLTIP_Rank_Description": "The current Promotion Rank attained by this Knight.",
  "TOOLTIP_Commune_Title": "Commune with the Fallen",
  "TOOLTIP_Commune_Description": "Stasis Chamber Required: Commune with your Fallen Brothers to earn additional Ability Points or Reset and Choose New Abilities.",
  "TOOLTIP_BattleReady_Title": "Battle Ready",
  "TOOLTIP_BattleReady_Description": "This knight is ready for combat at any time.",
  "TOOLTIP_CriticalWound_Title": "Critical Wound",
  "TOOLTIP_CriticalWound_Description": "This knight has a critical wound and cannot be used in combat until they recover.",
  "TOOLTIP_Promotion_Title": "Promotion Available",
  "TOOLTIP_Promotion_Description": "This knight is available for promotion. Go to the Abilities menu to spend their Ability Points.",
  "TOOLTIP_Wounded_Title": "Wounded",
  "TOOLTIP_Wounded_Description": "This knight is wounded and will enter combat with reduced Max HP until they recover.",
  "TOOLTIP_Equipment_Title": "{0}",
  "TOOLTIP_OnMission_Title": "On Mission",
  "TOOLTIP_OnMission_Description": "This knight is away on a mission and cannot be used in combat until they return.",
  "TOOLTIP_Stat_Title": "{0}",
  "TOOLTIP_ResearchRequired_Title": "Research Required",
  "TOOLTIP_ResearchRequired_Description": "Complete the Bloom Seed Purification research to unlock equipment upgrades.",
  "TOOLTIP_RotateCamLeft_Title": "Rotate Camera Left",
  "TOOLTIP_RotateCamRight_Title": "Rotate Camera Right",
  "TOOLTIP_SelectNextKnight_Title": "Select Next Knight",
  "TOOLTIP_SelectPrevKnight_Title": "Select Previous Knight",
  "TOOLTIP_WarpSurgeRisk_Title": "Warp Surge Risk",
  "TOOLTIP_WarpSurgeRisk_Description": "The [b:Warp Surge] Meter increases each turn based on the planet's [b:Corruption Level] and whenever you expend Willpower using [b:Psychic] abilities. Once the meter reaches 100%, it will trigger a [b:Warp Surge], with unpredictable consequences.",
  "TOOLTIP_Willpower_Description_Short": "A Knight's Psychic Power, spent to use their active abilities. Spending WP causes the [b:Warp Surge] meter to rise.",
  "TOOLTIP_ActionPoints_Description_Short": "The number of actions a unit can take on its turn. Knights begin with 3 AP. Some actions end a unit's turn even if it has AP remaining.",
  "TOOLTIP_NoAmmo_Title": "No Ammo Required",
  "TOOLTIP_NoAmmo_Description": "Melee Attacks have unlimited Uses per turn and do not require Ammo.",
  "TOOLTIP_Ammo_Title": "Ammo",
  "TOOLTIP_Ammo_Description": "Ranged Abilities have unlimited Uses per turn which depletes their Ammo capacity.  This Ammo capacity can be Reloaded to its Max value at the cost of 1 AP.",
  "TOOLTIP_Skull_Title": "Servo Skull Uses",
  "TOOLTIP_Skull_Description": "Servo Skulls are limited to 1 Use per turn which depletes their Ammo capacity.  This Ammo cannot normally be restored during Combat.",
  "TOOLTIP_Grenade_Title": "Grenade Uses",
  "TOOLTIP_Grenade_Description": "Grenades are limited to 1 Use per turn which depletes their Ammo capacity.  This Ammo cannot normally be restored during Combat.",
  "TOOLTIP_PsychicAbility_Title": "Psychic Ability Uses",
  "TOOLTIP_PsychicAbility_Description": "Psychic Abilities are limited to 1 Use per turn and generally deplete WP.  Use of WP increases the risk of a Warp Surge at a rate of 5 per WP spent.",
  "TOOLTIP_EnemyUnitsDetected_Title": "Enemy Units Detected",
  "TOOLTIP_EnemyPatrolDetected_Title": "Enemy Patrol Detected",
  "TOOLTIP_Objective_Bloomspawn_Title": "Objective: Bloomspawn",
  "TOOLTIP_Objective_Spreader_Title": "Objective: Spreader",
  "TOOLTIP_Objective_ChaosGate_Title": "Objective: Chaos Gate",
  "TOOLTIP_Objective_SeedCarrier_Title": "Objective: Seed Carrier",
  "TOOLTIP_Objective_Destination_Title": "Objective: Destination",
  "TOOLTIP_Objective_Beacon_Title": "Objective: Beacon",
  "TOOLTIP_Reinforcements_Title": "Warp Reinforcements",
  "TOOLTIP_GrenadeAmmo_Title": "Grenade Ammo",
  "TOOLTIP_GrenadeAmmo_Description": "Increases the number of available uses for equipped Grenades in combat.",
  "TOOLTIP_GrenadeArea_Title": "Grenade Area",
  "TOOLTIP_GrenadeArea_Description": "Increases the Blast Area for equipped Grenades in combat.",
  "TOOLTIP_GrenadeDamage_Title": "Grenade Damage",
  "TOOLTIP_GrenadeDamage_Description": "Increases the Damage (DMG) for equipped Grenades in combat.",
  "TOOLTIP_GrenadeRange_Title": "Grenade Range",
  "TOOLTIP_GrenadeRange_Description": "Increases the Range for equipped Grenades in combat.",
  "TOOLTIP_ImmunityDrained_Title": "Immunity (Drained)",
  "TOOLTIP_ImmunityDrained_Description": "This Knight cannot be affected by the Drained affliction.",
  "TOOLTIP_ImmunityHazards_Title": "Immunity (Hazards)",
  "TOOLTIP_ImmunityHazards_Description": "This Knight cannot suffer DMG or otherwise be negatively affected by Hazards.",
  "TOOLTIP_ImmunityHobbled_Title": "Immunity (Hobbled)",
  "TOOLTIP_ImmunityHobbled_Description": "This Knight cannot be affected by the Hobbled affliction.",
  "TOOLTIP_ImmunityImmobilized_Title": "Immunity (Immobilized)",
  "TOOLTIP_ImmunityImmobilized_Description": "This Knight cannot be affected by the Immobilized affliction.",
  "TOOLTIP_ImmunityPinned_Title": "Immunity (Pinned)",
  "TOOLTIP_ImmunityPinned_Description": "This Knight cannot be affected by the Pinned affliction.",
  "TOOLTIP_ImmunityPlague_Title": "Immunity (Plagued)",
  "TOOLTIP_ImmunityPlague_Description": "This Knight cannot be affected by the Plagued affliction.",
  "TOOLTIP_ImmunityWeakened_Title": "Immunity (Weakened)",
  "TOOLTIP_ImmunityWeakened_Description": "This Knight cannot be affected by the Weakened affliction.",
  "TOOLTIP_OverwatchDamage_Title": "Damage (Overwatch)",
  "TOOLTIP_OverwatchDamage_Description": "Increases the amount of DMG this Knight will deal with their Overwatch Ability.",
  "TOOLTIP_SkullAmmo_Title": "Servo Skull Uses",
  "TOOLTIP_SkullAmmo_Description": "Increases the number of available uses for equipped Servo Skulls in combat.",
  "TOOLTIP_SkullRange_Title": "Servo Skull Range",
  "TOOLTIP_SkullRange_Description": "Increases the Range for equipped Servo Skulls in combat.",
  "TOOLTIP_StunDamage_Title": "Stun Damage Bonus",
  "TOOLTIP_StunDamage_Description": "Provides bonus Stun Damage when this weapon hits a target. Stunned targets will always take a Critical Hit on the next attack against them and can be [b:Executed] if they have a valid target point."
}